order_id,medicine_id,hospital,order_type,order_date,quantity,order_value
PO00001,M0190,City Hospital,Bulk,2026-06-21,894,226635.17
PO00002,M0026,LifeCare,Regular,2025-03-29,767,92541.45
PO00003,M0081,Medico,Regular,2025-04-21,842,35183.02
PO00004,M0292,Medico,Bulk,2025-10-04,98,67699.55
PO00005,M0059,Apollo,Regular,2025-11-22,235,446263.97
PO00006,M0102,City Hospital,Emergency,2025-07-15,367,87174.58
PO00007,M0291,AIIMS,Emergency,2026-04-02,292,126494.58
PO00008,M0091,Apollo,Bulk,2026-01-28,572,396879.31
PO00009,M0064,Apollo,Emergency,2025-08-11,169,23610.48
PO00010,M0282,AIIMS,Regular,2026-02-07,278,322235.46
PO00011,M0028,LifeCare,Bulk,2025-09-17,929,90077.48
PO00012,M0253,City Hospital,Regular,2026-01-12,876,451847.32
PO00013,M0298,AIIMS,Regular,2026-07-21,67,178577.65
PO00014,M0016,AIIMS,Regular,2025-01-18,989,492452.81
PO00015,M0284,Medico,Regular,2025-02-09,322,250691.22
PO00016,M0151,AIIMS,Regular,2025-05-13,867,111257.73
PO00017,M0047,City Hospital,Regular,2025-06-13,26,370206.44
PO00018,M0232,LifeCare,Regular,2026-08-22,208,53189.12
PO00019,M0014,City Hospital,Bulk,2026-01-17,764,109567.14
PO00020,M0025,City Hospital,Regular,2025-01-18,63,413182.75
PO00021,M0292,LifeCare,Emergency,2026-04-28,177,74201.57
PO00022,M0237,AIIMS,Bulk,2026-09-30,436,326216.64
PO00023,M0108,City Hospital,Regular,2026-07-13,82,464785.16
PO00024,M0191,AIIMS,Bulk,2026-03-11,448,205757.24
PO00025,M0276,AIIMS,Emergency,2025-06-28,239,413697.33
PO00026,M0105,City Hospital,Bulk,2025-12-11,916,366746.91
PO00027,M0109,Apollo,Bulk,2026-08-25,54,191783.39
PO00028,M0193,LifeCare,Bulk,2026-07-24,244,105164.6
PO00029,M0240,City Hospital,Emergency,2026-07-31,693,58906.04
PO00030,M0022,City Hospital,Regular,2025-07-22,390,420294.93
PO00031,M0279,LifeCare,Bulk,2026-08-09,582,46741.46
PO00032,M0236,LifeCare,Bulk,2026-03-03,696,122019.02
PO00033,M0057,AIIMS,Bulk,2025-03-20,761,54458.87
PO00034,M0200,AIIMS,Regular,2025-06-10,77,471760.95
PO00035,M0024,AIIMS,Emergency,2026-07-09,684,60992.57
PO00036,M0170,Apollo,Bulk,2025-08-16,379,408911.95
PO00037,M0257,LifeCare,Emergency,2025-11-10,361,236040.5
PO00038,M0182,LifeCare,Bulk,2026-02-12,750,72869.25
PO00039,M0057,City Hospital,Emergency,2025-07-31,986,112966.87
PO00040,M0140,AIIMS,Regular,2026-03-12,98,382618.05
PO00041,M0123,AIIMS,Emergency,2025-11-06,856,4734.96
PO00042,M0048,LifeCare,Regular,2026-01-15,76,258737.21
PO00043,M0159,AIIMS,Bulk,2025-05-25,867,182781.74
PO00044,M0012,Medico,Emergency,2025-04-28,828,302438.98
PO00045,M0054,City Hospital,Emergency,2025-01-17,956,473395.1
PO00046,M0002,AIIMS,Bulk,2026-05-24,842,70930.54
PO00047,M0271,AIIMS,Bulk,2026-07-20,558,227767.35
PO00048,M0236,LifeCare,Regular,2026-01-17,480,26168.64
PO00049,M0071,AIIMS,Bulk,2025-01-13,220,123151.94
PO00050,M0137,Apollo,Regular,2025-01-21,523,432803.45
PO00051,M0235,LifeCare,Regular,2025-04-13,50,287117.12
PO00052,M0160,City Hospital,Bulk,2025-05-09,290,42512.29
PO00053,M0046,City Hospital,Emergency,2025-05-04,88,40697.43
PO00054,M0155,LifeCare,Emergency,2025-10-03,335,456240.53
PO00055,M0196,Medico,Regular,2026-06-01,333,367648.98
PO00056,M0133,Medico,Bulk,2026-09-06,60,498989.91
PO00057,M0048,Medico,Regular,2025-07-24,747,429220.83
PO00058,M0217,Apollo,Regular,2025-10-18,706,113993.78
PO00059,M0291,City Hospital,Bulk,2026-08-25,802,49871.63
PO00060,M0038,Medico,Regular,2026-03-19,924,419336.63
PO00061,M0196,AIIMS,Bulk,2026-04-11,531,424245.76
PO00062,M0184,LifeCare,Regular,2025-09-25,11,434886.48
PO00063,M0090,Medico,Emergency,2025-08-22,501,126959.47
PO00064,M0063,Apollo,Bulk,2026-06-21,429,447123.51
PO00065,M0189,LifeCare,Bulk,2026-08-28,106,258300.14
PO00066,M0264,City Hospital,Bulk,2025-03-12,90,44236.3
PO00067,M0261,Apollo,Emergency,2026-06-19,253,197282.44
PO00068,M0225,LifeCare,Bulk,2026-04-06,217,401516.26
PO00069,M0239,LifeCare,Bulk,2025-01-23,330,12530.23
PO00070,M0044,AIIMS,Emergency,2025-01-11,847,83071.55
PO00071,M0084,LifeCare,Bulk,2026-05-07,469,239747.23
PO00072,M0028,Apollo,Emergency,2025-05-05,680,44120.29
PO00073,M0288,Medico,Regular,2025-07-21,804,222153.36
PO00074,M0043,LifeCare,Bulk,2025-07-10,90,58678.13
PO00075,M0053,Medico,Bulk,2026-07-15,983,152276.8
PO00076,M0090,City Hospital,Emergency,2025-02-10,50,273781.51
PO00077,M0071,Apollo,Bulk,2026-03-25,125,179699.75
PO00078,M0285,Apollo,Regular,2025-11-27,123,148275.09
PO00079,M0020,City Hospital,Bulk,2025-12-20,257,312468.56
PO00080,M0296,Medico,Regular,2025-03-13,796,213121.5
PO00081,M0023,LifeCare,Bulk,2025-07-17,115,314851.27
PO00082,M0144,AIIMS,Bulk,2025-08-10,72,340931.57
PO00083,M0039,Apollo,Bulk,2025-09-26,319,102477.46
PO00084,M0018,AIIMS,Emergency,2026-09-27,952,347183.55
PO00085,M0102,Medico,Regular,2026-05-25,591,398536.71
PO00086,M0255,City Hospital,Regular,2026-06-12,358,115127.2
PO00087,M0128,AIIMS,Regular,2025-10-25,80,253366.44
PO00088,M0171,Apollo,Regular,2025-05-19,860,174598.67
PO00089,M0102,Medico,Bulk,2025-09-16,832,187515.22
PO00090,M0230,AIIMS,Regular,2026-08-26,485,178118.5
PO00091,M0230,City Hospital,Emergency,2025-03-27,336,386318.36
PO00092,M0066,LifeCare,Bulk,2025-09-30,169,370334.85
PO00093,M0106,Apollo,Emergency,2026-02-06,727,457234.47
PO00094,M0051,AIIMS,Bulk,2026-04-14,272,371307.9
PO00095,M0213,Apollo,Bulk,2026-01-19,214,269154.07
PO00096,M0012,Medico,Emergency,2026-09-16,116,416426.06
PO00097,M0131,Medico,Bulk,2025-10-01,611,419661.74
PO00098,M0178,AIIMS,Emergency,2025-02-19,88,396400.23
PO00099,M0137,LifeCare,Emergency,2025-06-21,683,269498.64
PO00100,M0252,AIIMS,Bulk,2026-08-22,852,20615.21
PO00101,M0239,AIIMS,Regular,2025-12-26,622,209586.33
PO00102,M0003,LifeCare,Emergency,2025-10-23,657,269767.84
PO00103,M0163,City Hospital,Regular,2026-05-13,747,395519.34
PO00104,M0164,Medico,Emergency,2025-02-23,255,295747.74
PO00105,M0237,Apollo,Emergency,2026-07-10,126,326896.44
PO00106,M0287,Apollo,Bulk,2026-08-07,837,57359.58
PO00107,M0293,City Hospital,Emergency,2026-03-28,388,184800.81
PO00108,M0082,Medico,Regular,2026-04-05,18,127680.83
PO00109,M0170,City Hospital,Regular,2026-09-24,260,30302.36
PO00110,M0262,Medico,Bulk,2025-11-23,55,293196.08
PO00111,M0255,Apollo,Bulk,2026-08-23,705,490376.74
PO00112,M0165,Apollo,Emergency,2026-04-25,721,167359.87
PO00113,M0016,LifeCare,Regular,2025-08-25,368,244098.17
PO00114,M0110,City Hospital,Bulk,2026-05-17,329,417612.03
PO00115,M0191,AIIMS,Regular,2026-06-17,574,90431.81
PO00116,M0244,Apollo,Emergency,2025-06-08,94,183789.56
PO00117,M0198,City Hospital,Emergency,2025-10-28,372,61213.92
PO00118,M0209,AIIMS,Emergency,2025-02-24,602,252560.07
PO00119,M0142,Medico,Emergency,2026-08-03,468,119111.42
PO00120,M0245,Medico,Bulk,2025-09-29,821,73175.06
PO00121,M0203,Medico,Bulk,2026-02-04,123,238359.24
PO00122,M0061,Apollo,Bulk,2026-06-16,98,42799.55
PO00123,M0195,City Hospital,Regular,2025-12-27,618,78925.36
PO00124,M0185,LifeCare,Emergency,2026-07-13,840,439316.36
PO00125,M0235,Medico,Emergency,2026-02-26,253,67665.96
PO00126,M0005,Medico,Emergency,2026-06-16,275,132770.85
PO00127,M0010,Apollo,Regular,2025-12-25,198,341531.06
PO00128,M0168,LifeCare,Regular,2025-07-26,910,423370.15
PO00129,M0246,Apollo,Regular,2025-10-06,122,240257.56
PO00130,M0093,City Hospital,Regular,2026-05-03,601,195361.79
PO00131,M0107,Medico,Regular,2026-05-15,271,111534.02
PO00132,M0281,Apollo,Emergency,2025-12-10,993,485668.54
PO00133,M0300,AIIMS,Emergency,2025-04-15,851,139223.37
PO00134,M0118,LifeCare,Bulk,2025-11-24,634,460866.54
PO00135,M0229,Medico,Emergency,2026-01-23,903,15104.32
PO00136,M0159,City Hospital,Emergency,2025-09-29,307,456460.98
PO00137,M0019,LifeCare,Emergency,2026-04-03,636,178668.62
PO00138,M0051,Apollo,Regular,2025-12-24,823,11087.57
PO00139,M0041,AIIMS,Emergency,2025-04-06,362,303622.99
PO00140,M0241,LifeCare,Bulk,2025-08-12,3,273694.98
PO00141,M0191,City Hospital,Emergency,2025-12-05,590,215613.79
PO00142,M0046,City Hospital,Emergency,2025-08-15,918,73732.65
PO00143,M0086,Apollo,Regular,2026-01-01,615,39755.46
PO00144,M0041,AIIMS,Bulk,2026-01-19,742,124514.92
PO00145,M0144,LifeCare,Regular,2026-06-02,400,47473.42
PO00146,M0147,Apollo,Regular,2026-01-30,904,327988.66
PO00147,M0187,Apollo,Bulk,2025-07-24,661,229008.56
PO00148,M0009,City Hospital,Regular,2025-01-17,373,208426.36
PO00149,M0291,City Hospital,Regular,2026-04-21,28,299087.77
PO00150,M0242,Apollo,Bulk,2025-07-13,498,411190.8
PO00151,M0208,Apollo,Bulk,2025-01-01,55,453862.82
PO00152,M0260,LifeCare,Emergency,2026-09-21,347,260461.4
PO00153,M0108,City Hospital,Emergency,2026-05-11,997,393172.91
PO00154,M0215,Medico,Regular,2025-05-31,825,25559.23
PO00155,M0213,Medico,Regular,2025-10-03,653,340992.89
PO00156,M0263,City Hospital,Regular,2025-03-12,497,394592.74
PO00157,M0068,AIIMS,Bulk,2026-02-21,680,144740.88
PO00158,M0207,AIIMS,Bulk,2025-12-26,176,446547.7
PO00159,M0273,City Hospital,Emergency,2025-03-28,694,463467.57
PO00160,M0084,City Hospital,Emergency,2025-07-25,247,385502.87
PO00161,M0262,Medico,Regular,2026-02-22,411,11447.67
PO00162,M0114,Apollo,Regular,2025-09-10,218,436166.37
PO00163,M0127,LifeCare,Emergency,2026-09-25,514,447308.9
PO00164,M0031,LifeCare,Bulk,2026-05-03,644,41560.25
PO00165,M0019,LifeCare,Bulk,2025-03-23,103,133425.5
PO00166,M0093,Medico,Emergency,2025-05-15,416,129784.83
PO00167,M0138,Apollo,Emergency,2025-09-10,234,291088.81
PO00168,M0244,City Hospital,Bulk,2025-06-06,213,390508.13
PO00169,M0227,Apollo,Emergency,2025-11-27,351,168088.26
PO00170,M0253,Apollo,Regular,2026-09-19,775,109479.35
PO00171,M0176,Medico,Regular,2026-01-25,588,406113.7
PO00172,M0150,City Hospital,Bulk,2025-12-14,36,232612.3
PO00173,M0126,Apollo,Bulk,2026-02-02,530,66615.94
PO00174,M0144,City Hospital,Regular,2026-06-25,824,106378.11
PO00175,M0290,Apollo,Regular,2025-06-16,301,296377.97
PO00176,M0048,City Hospital,Regular,2025-03-28,897,411384.0
PO00177,M0105,LifeCare,Regular,2025-11-21,593,257615.71
PO00178,M0143,AIIMS,Regular,2025-05-30,260,457235.77
PO00179,M0140,LifeCare,Bulk,2025-08-03,631,481274.8
PO00180,M0235,City Hospital,Emergency,2025-10-03,164,387712.09
PO00181,M0048,Medico,Emergency,2026-07-08,979,6659.72
PO00182,M0028,AIIMS,Regular,2026-07-14,790,18900.22
PO00183,M0140,AIIMS,Emergency,2025-07-31,570,377462.04
PO00184,M0201,City Hospital,Bulk,2025-03-18,388,456443.87
PO00185,M0031,AIIMS,Bulk,2026-06-18,273,207060.65
PO00186,M0001,LifeCare,Regular,2026-07-02,285,399669.65
PO00187,M0095,Medico,Emergency,2026-01-18,634,332987.83
PO00188,M0023,LifeCare,Emergency,2025-08-08,588,128867.09
PO00189,M0247,LifeCare,Regular,2025-01-29,74,361675.93
PO00190,M0224,City Hospital,Emergency,2026-05-20,187,328603.01
PO00191,M0074,Apollo,Regular,2026-01-12,193,342264.6
PO00192,M0230,LifeCare,Bulk,2025-01-26,773,428982.03
PO00193,M0118,Medico,Bulk,2026-03-29,928,460386.44
PO00194,M0140,LifeCare,Bulk,2026-06-28,279,166258.49
PO00195,M0284,Medico,Emergency,2025-11-06,570,447721.04
PO00196,M0091,Medico,Emergency,2025-12-28,339,64537.05
PO00197,M0071,AIIMS,Emergency,2025-05-10,538,143311.48
PO00198,M0039,Medico,Bulk,2026-02-04,546,90218.35
PO00199,M0085,Medico,Regular,2026-05-30,237,88251.93
PO00200,M0135,Apollo,Emergency,2026-08-07,821,361116.75
PO00201,M0111,City Hospital,Regular,2026-06-05,767,343901.29
PO00202,M0274,Apollo,Bulk,2026-02-26,361,438323.1
PO00203,M0008,Apollo,Emergency,2025-07-17,980,260416.16
PO00204,M0078,AIIMS,Emergency,2025-02-28,784,183892.05
PO00205,M0232,LifeCare,Bulk,2026-05-04,732,189942.67
PO00206,M0228,LifeCare,Emergency,2025-08-10,224,376776.18
PO00207,M0045,LifeCare,Bulk,2026-09-17,91,447733.35
PO00208,M0198,City Hospital,Emergency,2025-06-26,515,129948.35
PO00209,M0082,LifeCare,Bulk,2025-03-01,483,361959.29
PO00210,M0272,Medico,Regular,2025-09-06,353,296794.34
PO00211,M0281,LifeCare,Regular,2025-09-26,196,45897.4
PO00212,M0143,Apollo,Regular,2026-04-12,847,261038.79
PO00213,M0105,Apollo,Bulk,2025-03-14,479,486667.59
PO00214,M0266,AIIMS,Bulk,2025-06-04,362,8661.55
PO00215,M0135,City Hospital,Bulk,2025-04-15,807,386069.61
PO00216,M0171,LifeCare,Emergency,2025-04-03,2,393710.21
PO00217,M0211,City Hospital,Regular,2025-11-10,821,265746.37
PO00218,M0135,Medico,Bulk,2025-09-23,586,322014.24
PO00219,M0270,AIIMS,Bulk,2026-07-11,116,45249.66
PO00220,M0229,AIIMS,Regular,2025-03-01,13,420094.62
PO00221,M0035,AIIMS,Regular,2026-08-11,93,321640.09
PO00222,M0196,AIIMS,Regular,2025-03-04,233,416710.52
PO00223,M0112,Apollo,Emergency,2025-05-20,353,423277.66
PO00224,M0019,LifeCare,Emergency,2025-09-04,843,249135.8
PO00225,M0232,Medico,Emergency,2025-03-28,520,484557.26
PO00226,M0025,LifeCare,Bulk,2026-08-14,893,237283.94
PO00227,M0024,Medico,Regular,2025-09-15,221,235581.32
PO00228,M0022,City Hospital,Bulk,2026-01-20,267,217495.95
PO00229,M0210,Apollo,Bulk,2025-03-06,999,112658.38
PO00230,M0197,LifeCare,Bulk,2026-03-19,166,79912.84
PO00231,M0153,Apollo,Regular,2026-03-19,841,301978.57
PO00232,M0282,City Hospital,Emergency,2026-07-31,702,250486.58
PO00233,M0291,City Hospital,Regular,2025-01-27,485,343852.25
PO00234,M0217,Apollo,Emergency,2025-03-29,794,46248.56
PO00235,M0088,Medico,Bulk,2026-03-16,439,255602.72
PO00236,M0071,Apollo,Emergency,2026-02-12,9,456624.85
PO00237,M0208,AIIMS,Regular,2026-02-12,318,248424.85
PO00238,M0253,Apollo,Regular,2026-06-26,983,321967.3
PO00239,M0024,AIIMS,Emergency,2026-09-11,855,77381.62
PO00240,M0184,Apollo,Regular,2025-07-02,899,65372.55
PO00241,M0096,City Hospital,Bulk,2025-12-17,666,478546.39
PO00242,M0269,LifeCare,Regular,2025-04-06,719,62014.55
PO00243,M0090,Apollo,Regular,2025-02-28,621,237990.75
PO00244,M0053,Medico,Emergency,2026-01-15,39,342007.6
PO00245,M0129,Apollo,Emergency,2025-07-03,600,173851.88
PO00246,M0207,LifeCare,Bulk,2025-11-19,480,252163.73
PO00247,M0172,City Hospital,Bulk,2025-04-22,305,376627.85
PO00248,M0266,LifeCare,Bulk,2026-06-17,527,315471.49
PO00249,M0060,Medico,Bulk,2025-06-07,83,19039.54
PO00250,M0087,LifeCare,Regular,2025-03-13,645,250031.84
PO00251,M0077,AIIMS,Regular,2025-06-23,926,358719.79
PO00252,M0042,Medico,Regular,2026-09-16,888,173135.07
PO00253,M0006,Apollo,Regular,2025-10-02,821,475990.84
PO00254,M0134,LifeCare,Emergency,2026-06-25,486,137489.52
PO00255,M0099,City Hospital,Bulk,2026-01-15,855,326086.15
PO00256,M0243,City Hospital,Bulk,2026-09-29,4,439873.93
PO00257,M0043,AIIMS,Regular,2026-07-01,657,295230.8
PO00258,M0298,AIIMS,Bulk,2025-10-05,502,424956.66
PO00259,M0179,Medico,Bulk,2026-06-13,58,483658.08
PO00260,M0221,Medico,Bulk,2025-03-28,794,193858.28
PO00261,M0122,AIIMS,Bulk,2026-01-31,222,134242.01
PO00262,M0145,Apollo,Regular,2026-08-02,197,480933.18
PO00263,M0235,City Hospital,Bulk,2026-08-14,242,309830.05
PO00264,M0247,Apollo,Emergency,2025-01-08,644,289339.55
PO00265,M0251,City Hospital,Regular,2025-04-16,111,458509.46
PO00266,M0093,LifeCare,Regular,2025-05-07,295,185532.68
PO00267,M0134,Apollo,Regular,2025-10-22,915,446838.09
PO00268,M0131,Medico,Bulk,2025-11-13,182,404696.53
PO00269,M0174,AIIMS,Bulk,2025-08-05,869,287231.3
PO00270,M0180,City Hospital,Regular,2025-07-29,602,367545.38
PO00271,M0211,Medico,Bulk,2025-07-24,987,391505.85
PO00272,M0267,City Hospital,Emergency,2025-07-07,20,222873.39
PO00273,M0201,LifeCare,Bulk,2025-08-18,3,30921.73
PO00274,M0210,LifeCare,Emergency,2025-09-30,782,399427.83
PO00275,M0297,LifeCare,Emergency,2025-12-10,735,35933.45
PO00276,M0250,Apollo,Bulk,2025-05-05,521,170471.82
PO00277,M0093,Apollo,Regular,2025-06-22,941,130268.67
PO00278,M0167,Apollo,Regular,2025-11-06,476,235354.21
PO00279,M0094,LifeCare,Bulk,2025-10-14,384,413201.91
PO00280,M0054,Apollo,Emergency,2025-10-09,624,349840.53
PO00281,M0056,Apollo,Emergency,2025-01-12,511,81232.19
PO00282,M0073,City Hospital,Bulk,2025-11-04,517,419582.64
PO00283,M0132,AIIMS,Bulk,2026-01-20,280,246863.77
PO00284,M0069,AIIMS,Emergency,2026-02-20,144,332583.27
PO00285,M0100,LifeCare,Regular,2025-09-06,376,450016.66
PO00286,M0139,Medico,Emergency,2025-05-31,930,322157.23
PO00287,M0243,LifeCare,Bulk,2026-01-17,522,452644.25
PO00288,M0166,AIIMS,Emergency,2025-12-16,421,432288.5
PO00289,M0112,LifeCare,Bulk,2025-02-06,829,122367.3
PO00290,M0206,Medico,Regular,2025-05-21,681,186926.6
PO00291,M0223,City Hospital,Emergency,2025-07-15,670,179604.79
PO00292,M0143,City Hospital,Emergency,2026-04-16,968,389577.33
PO00293,M0298,Apollo,Bulk,2026-02-17,530,491849.92
PO00294,M0065,Apollo,Regular,2025-02-03,838,476117.65
PO00295,M0137,LifeCare,Emergency,2026-07-28,709,148847.32
PO00296,M0107,City Hospital,Emergency,2026-01-19,902,67270.38
PO00297,M0141,City Hospital,Regular,2026-02-01,508,251392.56
PO00298,M0200,LifeCare,Bulk,2026-01-21,714,12740.38
PO00299,M0110,City Hospital,Bulk,2025-08-05,450,189718.81
PO00300,M0029,City Hospital,Emergency,2025-07-15,287,367855.8
PO00301,M0229,Medico,Emergency,2026-09-05,136,421646.51
PO00302,M0164,LifeCare,Regular,2025-05-29,857,45844.79
PO00303,M0023,LifeCare,Emergency,2025-03-01,534,19118.62
PO00304,M0189,Medico,Bulk,2025-11-05,201,50151.76
PO00305,M0096,Medico,Regular,2026-06-02,820,116114.08
PO00306,M0200,Apollo,Emergency,2026-09-20,921,418674.91
PO00307,M0084,City Hospital,Bulk,2025-06-25,731,379304.98
PO00308,M0031,LifeCare,Regular,2025-10-08,399,34031.3
PO00309,M0030,LifeCare,Bulk,2025-08-22,621,213949.31
PO00310,M0284,LifeCare,Regular,2025-09-17,995,449511.29
PO00311,M0232,City Hospital,Emergency,2026-01-06,586,407473.16
PO00312,M0084,LifeCare,Emergency,2026-08-03,753,460150.19
PO00313,M0252,AIIMS,Emergency,2025-11-25,583,118652.55
PO00314,M0068,Apollo,Emergency,2025-04-13,466,433311.75
PO00315,M0042,Medico,Emergency,2026-07-28,995,248378.63
PO00316,M0029,City Hospital,Bulk,2026-05-19,862,265370.25
PO00317,M0065,City Hospital,Emergency,2025-12-24,886,24949.45
PO00318,M0126,LifeCare,Emergency,2025-02-20,443,161447.72
PO00319,M0044,Medico,Emergency,2026-05-11,452,283616.24
PO00320,M0031,Apollo,Emergency,2025-05-06,618,119271.66
PO00321,M0196,LifeCare,Bulk,2026-09-30,718,266033.52
PO00322,M0130,Apollo,Regular,2025-01-01,233,121710.68
PO00323,M0210,LifeCare,Emergency,2025-11-05,671,491340.08
PO00324,M0153,AIIMS,Bulk,2025-09-20,790,476749.11
PO00325,M0231,AIIMS,Emergency,2026-06-10,164,109266.67
PO00326,M0104,Apollo,Regular,2026-04-30,386,231968.41
PO00327,M0018,City Hospital,Regular,2025-04-16,92,342719.39
PO00328,M0098,Apollo,Bulk,2025-10-04,550,494200.84
PO00329,M0062,AIIMS,Regular,2026-07-09,871,145286.1
PO00330,M0037,LifeCare,Regular,2026-05-20,639,254154.06
PO00331,M0286,Apollo,Emergency,2025-12-25,106,241636.98
PO00332,M0277,City Hospital,Regular,2025-05-28,672,225080.34
PO00333,M0103,Medico,Regular,2026-04-06,403,328926.95
PO00334,M0267,LifeCare,Regular,2025-08-28,407,305934.06
PO00335,M0279,AIIMS,Emergency,2026-08-24,985,208516.75
PO00336,M0150,Apollo,Emergency,2026-08-25,222,256479.37
PO00337,M0270,AIIMS,Regular,2026-03-19,764,344131.21
PO00338,M0203,AIIMS,Bulk,2025-09-10,688,28790.97
PO00339,M0271,LifeCare,Bulk,2025-01-28,927,436133.85
PO00340,M0066,Medico,Regular,2026-02-10,119,107164.06
PO00341,M0199,Apollo,Emergency,2026-05-31,416,228897.14
PO00342,M0023,Apollo,Emergency,2025-02-23,936,313164.57
PO00343,M0198,LifeCare,Bulk,2025-02-10,466,97603.07
PO00344,M0061,City Hospital,Emergency,2025-07-20,392,228556.05
PO00345,M0067,Apollo,Regular,2025-11-09,205,463948.43
PO00346,M0219,LifeCare,Emergency,2026-01-16,448,43080.26
PO00347,M0011,City Hospital,Regular,2025-03-04,163,384564.94
PO00348,M0121,Apollo,Regular,2025-08-03,222,198779.73
PO00349,M0155,AIIMS,Bulk,2025-09-15,321,144841.54
PO00350,M0153,AIIMS,Regular,2026-05-24,252,437183.34
PO00351,M0290,Apollo,Regular,2026-07-02,916,135770.44
PO00352,M0099,AIIMS,Bulk,2026-02-22,759,2571.56
PO00353,M0292,Medico,Emergency,2026-05-02,896,457630.53
PO00354,M0167,Apollo,Emergency,2025-11-27,854,387447.29
PO00355,M0079,AIIMS,Emergency,2025-07-27,288,218050.83
PO00356,M0182,City Hospital,Bulk,2025-07-04,237,137834.85
PO00357,M0238,City Hospital,Emergency,2025-03-26,483,39335.63
PO00358,M0181,Medico,Emergency,2025-10-13,784,238331.0
PO00359,M0217,AIIMS,Regular,2025-06-12,99,350423.85
PO00360,M0147,Apollo,Bulk,2025-03-23,80,88999.72
PO00361,M0036,Apollo,Bulk,2025-12-19,948,325837.77
PO00362,M0221,LifeCare,Emergency,2025-04-24,406,194817.99
PO00363,M0199,AIIMS,Bulk,2026-05-05,982,480767.46
PO00364,M0274,Medico,Bulk,2026-06-11,269,407484.58
PO00365,M0275,Apollo,Regular,2025-02-23,143,15929.49
PO00366,M0283,City Hospital,Emergency,2026-03-21,208,111094.58
PO00367,M0130,City Hospital,Regular,2025-09-08,404,121038.28
PO00368,M0064,Medico,Bulk,2025-07-10,504,159697.31
PO00369,M0028,LifeCare,Bulk,2025-03-29,320,206908.86
PO00370,M0066,LifeCare,Bulk,2025-08-10,769,274645.91
PO00371,M0062,Apollo,Regular,2026-02-04,564,153649.15
PO00372,M0083,LifeCare,Bulk,2025-09-17,550,191167.45
PO00373,M0284,LifeCare,Emergency,2026-07-17,761,429985.11
PO00374,M0046,LifeCare,Bulk,2025-06-21,990,132037.53
PO00375,M0095,Apollo,Bulk,2026-06-29,585,498124.47
PO00376,M0235,Apollo,Regular,2025-07-17,478,367700.16
PO00377,M0039,Medico,Regular,2025-04-29,47,199362.39
PO00378,M0087,Medico,Regular,2026-04-21,188,245181.47
PO00379,M0210,City Hospital,Bulk,2026-05-14,876,398835.07
PO00380,M0250,AIIMS,Regular,2026-07-19,202,327950.22
PO00381,M0078,LifeCare,Bulk,2025-12-30,87,87319.31
PO00382,M0210,City Hospital,Emergency,2025-09-09,380,286985.01
PO00383,M0196,AIIMS,Regular,2025-03-07,153,182947.97
PO00384,M0161,Apollo,Regular,2025-08-06,505,303402.65
PO00385,M0275,AIIMS,Bulk,2025-08-23,490,451287.55
PO00386,M0113,City Hospital,Bulk,2026-01-29,87,234772.98
PO00387,M0101,Medico,Bulk,2025-12-18,58,368070.48
PO00388,M0057,LifeCare,Emergency,2025-06-10,59,340122.38
PO00389,M0262,AIIMS,Bulk,2025-04-05,762,421498.45
PO00390,M0285,Medico,Emergency,2025-11-15,866,389289.5
PO00391,M0150,City Hospital,Bulk,2026-09-11,708,445397.04
PO00392,M0147,LifeCare,Emergency,2026-02-08,288,226358.17
PO00393,M0191,AIIMS,Regular,2026-08-05,801,404328.93
PO00394,M0258,LifeCare,Emergency,2025-01-04,596,86403.66
PO00395,M0157,City Hospital,Emergency,2026-06-11,706,477129.18
PO00396,M0300,City Hospital,Bulk,2025-11-19,804,488061.13
PO00397,M0179,City Hospital,Bulk,2025-03-27,731,269904.94
PO00398,M0169,LifeCare,Bulk,2025-05-06,574,472836.91
PO00399,M0289,Apollo,Regular,2026-04-21,368,348319.88
PO00400,M0022,LifeCare,Regular,2026-08-15,967,224388.91
PO00401,M0056,AIIMS,Regular,2026-01-09,260,370954.64
PO00402,M0298,AIIMS,Regular,2026-05-06,842,5908.48
PO00403,M0072,Apollo,Regular,2025-02-10,128,303784.28
PO00404,M0167,LifeCare,Regular,2025-02-21,485,454645.97
PO00405,M0154,Medico,Bulk,2025-10-27,517,404627.47
PO00406,M0165,Apollo,Bulk,2025-12-05,946,38099.71
PO00407,M0243,Medico,Bulk,2026-08-09,374,5520.78
PO00408,M0026,AIIMS,Bulk,2025-05-05,153,464946.86
PO00409,M0211,AIIMS,Bulk,2025-12-06,209,447311.7
PO00410,M0061,AIIMS,Regular,2026-05-29,569,353502.86
PO00411,M0244,Medico,Bulk,2026-08-22,35,441319.82
PO00412,M0270,City Hospital,Regular,2025-02-05,227,52240.42
PO00413,M0200,City Hospital,Emergency,2025-08-21,319,362059.51
PO00414,M0163,Medico,Regular,2026-05-30,630,159382.84
PO00415,M0022,LifeCare,Bulk,2025-02-26,106,107406.67
PO00416,M0038,Apollo,Bulk,2025-01-26,317,497018.98
PO00417,M0268,Medico,Bulk,2026-09-21,911,321604.07
PO00418,M0216,LifeCare,Emergency,2025-01-19,47,106355.64
PO00419,M0187,AIIMS,Regular,2026-05-05,474,414918.2
PO00420,M0142,LifeCare,Regular,2025-10-05,646,178081.47
PO00421,M0082,AIIMS,Regular,2026-06-29,842,441844.24
PO00422,M0011,City Hospital,Bulk,2025-03-06,970,451712.25
PO00423,M0289,LifeCare,Bulk,2025-04-28,47,267033.32
PO00424,M0077,LifeCare,Emergency,2026-04-01,377,428366.31
PO00425,M0277,AIIMS,Bulk,2026-07-24,843,400207.27
PO00426,M0280,Medico,Regular,2025-04-06,53,146919.08
PO00427,M0033,City Hospital,Bulk,2025-10-09,531,494357.38
PO00428,M0237,Medico,Emergency,2025-04-07,225,20604.27
PO00429,M0063,Medico,Bulk,2025-04-27,46,92206.21
PO00430,M0020,LifeCare,Regular,2025-10-05,333,100652.8
PO00431,M0018,LifeCare,Regular,2026-09-09,8,374732.3
PO00432,M0187,AIIMS,Emergency,2025-08-19,849,64744.78
PO00433,M0263,Apollo,Regular,2025-02-16,241,100291.2
PO00434,M0083,AIIMS,Emergency,2026-04-03,868,28315.81
PO00435,M0185,Medico,Emergency,2026-02-02,324,20933.3
PO00436,M0115,City Hospital,Emergency,2026-04-20,713,222220.6
PO00437,M0073,AIIMS,Bulk,2025-06-28,476,356516.04
PO00438,M0104,City Hospital,Regular,2025-08-21,808,342697.71
PO00439,M0216,Apollo,Emergency,2025-12-12,71,490956.56
PO00440,M0293,City Hospital,Emergency,2026-05-07,770,312811.66
PO00441,M0018,AIIMS,Regular,2026-06-01,665,226723.93
PO00442,M0147,AIIMS,Bulk,2026-03-01,482,151851.01
PO00443,M0170,City Hospital,Bulk,2026-05-07,65,423803.68
PO00444,M0289,City Hospital,Bulk,2025-03-24,172,102036.8
PO00445,M0092,Medico,Bulk,2025-01-31,992,363461.08
PO00446,M0039,LifeCare,Regular,2026-06-20,119,195230.87
PO00447,M0039,Apollo,Bulk,2026-04-16,317,112678.91
PO00448,M0287,AIIMS,Regular,2025-04-02,162,125231.57
PO00449,M0147,Medico,Emergency,2025-01-26,697,335140.24
PO00450,M0060,LifeCare,Regular,2025-08-22,723,407177.63
PO00451,M0061,Apollo,Bulk,2026-07-03,516,140743.77
PO00452,M0095,Medico,Regular,2025-10-29,232,485131.62
PO00453,M0171,City Hospital,Emergency,2026-05-31,77,442214.95
PO00454,M0009,AIIMS,Regular,2026-03-31,279,125805.2
PO00455,M0173,AIIMS,Emergency,2025-05-03,930,298442.34
PO00456,M0153,Apollo,Emergency,2025-05-19,639,417549.11
PO00457,M0058,AIIMS,Regular,2025-12-11,255,462421.28
PO00458,M0135,City Hospital,Bulk,2026-03-17,262,132419.85
PO00459,M0239,AIIMS,Emergency,2025-02-25,986,465693.08
PO00460,M0049,Apollo,Bulk,2026-06-12,758,444260.5
PO00461,M0042,Apollo,Regular,2025-03-30,239,283977.99
PO00462,M0124,AIIMS,Emergency,2026-02-12,933,451750.05
PO00463,M0210,LifeCare,Emergency,2025-11-22,581,365989.12
PO00464,M0158,City Hospital,Bulk,2025-07-25,449,289264.36
PO00465,M0188,LifeCare,Bulk,2026-02-20,252,24687.8
PO00466,M0065,City Hospital,Regular,2025-11-25,198,278614.09
PO00467,M0175,Apollo,Regular,2026-03-26,614,237997.01
PO00468,M0015,Apollo,Bulk,2025-06-14,346,97499.08
PO00469,M0294,LifeCare,Regular,2026-04-17,448,311717.79
PO00470,M0206,LifeCare,Emergency,2025-12-04,902,444744.27
PO00471,M0238,AIIMS,Regular,2026-03-25,478,202484.45
PO00472,M0041,AIIMS,Bulk,2026-08-25,953,241637.97
PO00473,M0095,City Hospital,Emergency,2025-11-25,325,418532.68
PO00474,M0289,Apollo,Bulk,2025-04-14,831,283550.18
PO00475,M0259,AIIMS,Emergency,2025-05-10,806,192206.41
PO00476,M0174,City Hospital,Regular,2025-03-24,589,494885.48
PO00477,M0179,Medico,Regular,2025-03-17,353,443480.14
PO00478,M0227,AIIMS,Bulk,2026-02-26,452,97774.43
PO00479,M0241,LifeCare,Regular,2025-11-12,751,3750.9
PO00480,M0234,Apollo,Emergency,2026-09-18,548,332150.13
PO00481,M0259,Medico,Emergency,2025-04-26,120,362794.53
PO00482,M0277,City Hospital,Bulk,2026-02-01,156,273731.88
PO00483,M0153,Apollo,Bulk,2025-01-14,107,198584.36
PO00484,M0228,City Hospital,Emergency,2025-10-09,224,160151.62
PO00485,M0033,Apollo,Regular,2026-04-13,795,86800.62
PO00486,M0141,Medico,Regular,2026-05-17,983,252000.18
PO00487,M0246,AIIMS,Emergency,2025-08-08,147,334230.85
PO00488,M0226,Apollo,Regular,2026-08-17,413,404236.31
PO00489,M0024,Medico,Regular,2025-02-01,47,104110.51
PO00490,M0122,AIIMS,Emergency,2026-01-07,337,237710.99
PO00491,M0214,LifeCare,Regular,2026-04-17,133,235984.66
PO00492,M0127,Apollo,Regular,2026-03-06,630,387500.14
PO00493,M0268,Medico,Regular,2026-02-25,644,140904.78
PO00494,M0065,City Hospital,Emergency,2026-05-10,257,27206.76
PO00495,M0228,AIIMS,Bulk,2026-07-02,860,408211.5
PO00496,M0017,LifeCare,Bulk,2026-09-28,372,287028.36
PO00497,M0099,AIIMS,Regular,2026-01-26,391,228303.18
PO00498,M0127,Medico,Bulk,2025-12-23,407,303629.21
PO00499,M0143,Apollo,Regular,2025-08-08,448,406789.29
PO00500,M0115,LifeCare,Emergency,2026-01-31,25,69906.9
