sale_id,property_id,agent,sale_type,sale_date,sale_price
SL00001,PR0159,Agent C,Resale,2026-02-05,15925464.15
SL00002,PR0229,Agent C,Resale,2025-09-29,20722920.14
SL00003,PR0236,Agent D,Lease,2025-06-07,9275089.38
SL00004,PR0267,Agent D,New,2026-09-12,41772479.75
SL00005,PR0140,Agent D,Resale,2025-12-30,27577627.98
SL00006,PR0232,Agent B,Lease,2025-02-21,21127546.28
SL00007,PR0066,Agent C,Resale,2026-06-16,41789646.94
SL00008,PR0224,Agent D,Resale,2026-04-09,24365637.01
SL00009,PR0174,Agent B,New,2025-11-02,49763033.44
SL00010,PR0036,Agent A,New,2025-08-30,32829251.17
SL00011,PR0005,Agent A,Lease,2026-07-10,14922098.78
SL00012,PR0279,Agent A,New,2026-04-23,45258555.78
SL00013,PR0298,Agent A,Lease,2026-07-19,25279597.34
SL00014,PR0291,Agent D,New,2025-10-22,44824561.61
SL00015,PR0144,Agent C,Resale,2026-07-31,2269623.23
SL00016,PR0231,Agent C,New,2025-05-02,24099917.58
SL00017,PR0128,Agent A,Lease,2025-09-13,47258041.87
SL00018,PR0110,Agent C,Resale,2025-10-14,32368474.46
SL00019,PR0055,Agent D,Resale,2025-04-11,3942559.02
SL00020,PR0078,Agent A,Lease,2026-09-24,33416573.18
SL00021,PR0114,Agent B,Lease,2026-04-23,10579040.12
SL00022,PR0115,Agent D,Resale,2025-03-29,29827574.46
SL00023,PR0174,Agent C,New,2026-02-15,41175299.17
SL00024,PR0126,Agent B,Resale,2025-04-05,24403519.88
SL00025,PR0176,Agent A,Resale,2025-10-02,39014622.66
SL00026,PR0105,Agent D,Resale,2025-09-07,25925893.31
SL00027,PR0065,Agent C,Resale,2026-02-27,47049599.47
SL00028,PR0254,Agent C,Lease,2025-09-21,16363881.97
SL00029,PR0241,Agent C,Resale,2025-09-05,16234623.26
SL00030,PR0044,Agent D,Resale,2025-06-14,5695513.91
SL00031,PR0155,Agent D,Lease,2025-11-15,25000147.96
SL00032,PR0026,Agent D,New,2025-01-23,34519725.89
SL00033,PR0253,Agent A,New,2026-04-02,9203776.31
SL00034,PR0008,Agent A,Resale,2026-08-01,44334726.32
SL00035,PR0236,Agent B,Lease,2025-05-24,17592509.64
SL00036,PR0273,Agent A,Lease,2025-01-12,43672093.41
SL00037,PR0285,Agent C,Resale,2025-08-22,47292088.25
SL00038,PR0022,Agent C,New,2025-09-05,12288304.16
SL00039,PR0093,Agent C,Resale,2025-08-11,24082570.86
SL00040,PR0077,Agent A,Resale,2026-06-12,47231287.29
SL00041,PR0246,Agent C,New,2025-06-21,36006821.31
SL00042,PR0245,Agent A,Resale,2025-08-07,36379861.91
SL00043,PR0175,Agent A,New,2025-05-05,24234541.06
SL00044,PR0130,Agent D,New,2026-03-14,13453470.77
SL00045,PR0058,Agent C,Resale,2025-01-09,19534660.6
SL00046,PR0264,Agent B,Lease,2025-11-16,34058881.77
SL00047,PR0248,Agent A,New,2025-03-16,20803557.79
SL00048,PR0103,Agent B,Resale,2025-11-11,14672051.22
SL00049,PR0137,Agent B,New,2026-04-19,46766943.7
SL00050,PR0101,Agent D,Resale,2025-12-31,46146820.04
SL00051,PR0104,Agent A,Lease,2025-07-08,19545306.14
SL00052,PR0020,Agent D,Lease,2025-08-10,12764856.15
SL00053,PR0170,Agent A,Resale,2025-08-14,44596799.34
SL00054,PR0182,Agent C,Resale,2025-07-16,46423928.89
SL00055,PR0230,Agent A,Resale,2025-09-24,32920276.67
SL00056,PR0225,Agent B,Resale,2026-07-15,34795450.69
SL00057,PR0165,Agent C,New,2025-11-15,12401573.29
SL00058,PR0214,Agent B,Resale,2025-03-03,29594447.47
SL00059,PR0029,Agent D,Lease,2026-03-30,19049117.15
SL00060,PR0104,Agent C,Lease,2025-08-17,30756881.49
SL00061,PR0091,Agent A,New,2026-05-31,45168893.19
SL00062,PR0153,Agent C,Lease,2025-12-21,49789455.73
SL00063,PR0213,Agent B,Lease,2025-12-21,40595520.68
SL00064,PR0180,Agent C,Resale,2026-06-15,5730188.32
SL00065,PR0257,Agent C,New,2025-01-13,37186086.32
SL00066,PR0293,Agent A,Resale,2025-07-25,26946819.83
SL00067,PR0272,Agent B,Resale,2026-02-26,20290793.87
SL00068,PR0048,Agent D,New,2026-04-11,27428151.65
SL00069,PR0032,Agent B,Resale,2025-11-29,33593989.1
SL00070,PR0177,Agent B,Lease,2026-01-27,38258343.2
SL00071,PR0181,Agent D,New,2025-04-07,20846510.4
SL00072,PR0134,Agent B,Lease,2025-03-01,16634815.4
SL00073,PR0230,Agent B,New,2025-11-28,30776544.7
SL00074,PR0159,Agent C,Lease,2025-09-30,3028206.2
SL00075,PR0198,Agent B,Resale,2026-09-09,5666795.8
SL00076,PR0009,Agent B,Resale,2025-01-04,23941853.02
SL00077,PR0116,Agent A,Lease,2026-05-30,39497769.06
SL00078,PR0144,Agent D,New,2025-07-18,47027216.18
SL00079,PR0200,Agent C,Resale,2025-06-04,13377640.06
SL00080,PR0152,Agent A,New,2025-04-04,23654604.78
SL00081,PR0172,Agent D,Resale,2025-02-10,21199945.21
SL00082,PR0001,Agent B,Lease,2025-10-22,19468274.43
SL00083,PR0038,Agent A,New,2025-04-23,10192990.7
SL00084,PR0017,Agent D,Lease,2025-01-02,23644101.94
SL00085,PR0215,Agent C,New,2026-09-16,7824893.06
SL00086,PR0022,Agent B,New,2025-03-12,35796642.04
SL00087,PR0117,Agent A,New,2025-09-05,49664365.34
SL00088,PR0097,Agent B,New,2026-04-18,18575868.32
SL00089,PR0272,Agent C,New,2026-09-30,48896157.13
SL00090,PR0003,Agent D,Resale,2025-12-24,46724303.44
SL00091,PR0204,Agent D,Lease,2025-04-27,17619186.32
SL00092,PR0001,Agent B,New,2026-02-21,3423251.04
SL00093,PR0228,Agent D,New,2026-05-12,11655183.05
SL00094,PR0001,Agent A,Resale,2026-02-02,4897701.23
SL00095,PR0193,Agent C,New,2025-12-14,12975376.73
SL00096,PR0043,Agent B,Resale,2026-02-22,13439882.07
SL00097,PR0294,Agent A,New,2025-09-14,24213540.34
SL00098,PR0245,Agent B,Lease,2026-04-02,32379216.42
SL00099,PR0046,Agent D,Resale,2026-09-11,40527973.59
SL00100,PR0081,Agent D,Lease,2025-08-05,20750181.53
SL00101,PR0054,Agent B,Lease,2026-01-27,48229407.3
SL00102,PR0211,Agent A,Lease,2025-05-01,34212337.89
SL00103,PR0032,Agent A,Lease,2025-06-28,22024911.14
SL00104,PR0182,Agent C,Resale,2026-03-05,29694166.73
SL00105,PR0041,Agent C,Lease,2026-07-29,32283603.08
SL00106,PR0187,Agent B,Lease,2025-05-17,8051830.15
SL00107,PR0040,Agent D,Lease,2026-01-18,39335096.66
SL00108,PR0016,Agent D,New,2025-06-30,49216202.0
SL00109,PR0038,Agent C,New,2026-02-04,7729567.69
SL00110,PR0112,Agent A,Lease,2025-09-03,25945602.78
SL00111,PR0014,Agent C,Resale,2026-07-21,41311339.05
SL00112,PR0097,Agent B,New,2025-09-20,37564052.16
SL00113,PR0105,Agent D,Resale,2026-01-19,4807416.97
SL00114,PR0194,Agent D,Resale,2026-04-02,20994286.6
SL00115,PR0298,Agent B,Lease,2025-02-03,25684248.59
SL00116,PR0041,Agent B,Resale,2026-03-05,5311398.08
SL00117,PR0046,Agent B,Lease,2025-11-04,2670126.87
SL00118,PR0239,Agent B,Lease,2026-02-27,31547228.6
SL00119,PR0289,Agent C,New,2026-04-28,27949276.41
SL00120,PR0009,Agent A,Lease,2025-07-19,4876104.87
SL00121,PR0220,Agent B,New,2026-05-17,11210189.19
SL00122,PR0234,Agent A,Resale,2026-02-08,16674394.27
SL00123,PR0077,Agent D,Lease,2026-01-08,16002341.99
SL00124,PR0191,Agent D,New,2025-07-12,24922528.4
SL00125,PR0259,Agent A,Resale,2025-12-26,18394722.91
SL00126,PR0215,Agent A,Resale,2026-07-24,48355798.61
SL00127,PR0204,Agent C,Resale,2025-08-29,14478310.94
SL00128,PR0036,Agent B,Lease,2026-03-27,43531643.07
SL00129,PR0100,Agent C,Lease,2025-10-11,17749396.53
SL00130,PR0077,Agent C,New,2026-06-08,17395416.57
SL00131,PR0290,Agent C,New,2025-12-25,9182225.28
SL00132,PR0178,Agent B,Resale,2025-01-30,41681489.06
SL00133,PR0246,Agent C,Lease,2026-03-21,45434105.05
SL00134,PR0114,Agent B,New,2026-02-01,15549671.73
SL00135,PR0258,Agent B,New,2025-11-14,1353020.36
SL00136,PR0156,Agent B,Resale,2025-04-26,22617654.09
SL00137,PR0241,Agent D,Resale,2025-12-24,37713536.35
SL00138,PR0127,Agent A,Resale,2026-05-15,27396012.05
SL00139,PR0033,Agent D,Resale,2026-01-15,16437124.21
SL00140,PR0239,Agent A,New,2025-01-13,38690799.61
SL00141,PR0247,Agent C,Lease,2026-05-18,8944118.6
SL00142,PR0165,Agent D,Resale,2025-05-30,2584631.77
SL00143,PR0020,Agent A,New,2026-01-12,40613079.04
SL00144,PR0233,Agent D,Lease,2025-12-27,10084156.16
SL00145,PR0291,Agent C,Lease,2026-07-11,19722788.95
SL00146,PR0195,Agent D,New,2026-08-14,15835101.93
SL00147,PR0295,Agent B,Resale,2025-11-25,18870812.87
SL00148,PR0203,Agent B,New,2025-07-10,15566704.28
SL00149,PR0036,Agent B,New,2025-03-03,14040046.11
SL00150,PR0164,Agent A,Lease,2025-07-15,3633983.2
SL00151,PR0026,Agent D,Resale,2026-03-26,45763618.21
SL00152,PR0049,Agent C,Lease,2025-11-16,3954024.37
SL00153,PR0116,Agent B,Lease,2025-06-12,43956019.9
SL00154,PR0286,Agent A,Resale,2025-10-28,38472521.91
SL00155,PR0088,Agent B,Lease,2025-07-19,3615748.93
SL00156,PR0285,Agent B,New,2026-05-13,15773781.69
SL00157,PR0290,Agent C,Resale,2026-07-09,27588904.38
SL00158,PR0033,Agent B,New,2025-12-04,31213104.34
SL00159,PR0291,Agent B,New,2025-11-22,46405675.81
SL00160,PR0134,Agent A,Resale,2025-08-08,8922554.54
SL00161,PR0279,Agent B,Resale,2025-04-18,47961554.31
SL00162,PR0216,Agent B,New,2025-10-24,49038612.32
SL00163,PR0040,Agent B,Resale,2026-09-04,10208829.6
SL00164,PR0001,Agent C,Lease,2026-04-09,4363692.88
SL00165,PR0052,Agent D,Resale,2025-03-10,13829652.64
SL00166,PR0063,Agent B,New,2026-04-27,22025420.15
SL00167,PR0037,Agent C,New,2025-02-18,28310438.05
SL00168,PR0019,Agent A,Resale,2025-05-07,24286343.52
SL00169,PR0164,Agent B,Lease,2026-07-03,22394331.8
SL00170,PR0073,Agent C,Lease,2026-01-12,41265971.6
SL00171,PR0258,Agent B,Resale,2026-03-07,25344236.93
SL00172,PR0202,Agent B,Resale,2025-03-11,26629223.21
SL00173,PR0121,Agent B,Lease,2026-08-02,20881707.36
SL00174,PR0045,Agent D,Lease,2026-05-13,22968299.14
SL00175,PR0072,Agent B,Lease,2026-02-13,17183359.1
SL00176,PR0130,Agent A,New,2026-09-03,47369188.94
SL00177,PR0184,Agent D,Lease,2025-02-02,6147872.3
SL00178,PR0252,Agent A,New,2025-06-21,41244529.43
SL00179,PR0074,Agent C,Resale,2025-10-07,10620686.48
SL00180,PR0207,Agent B,New,2026-08-05,44653801.45
SL00181,PR0055,Agent A,New,2026-09-11,17030038.02
SL00182,PR0151,Agent A,New,2026-07-04,48127993.62
SL00183,PR0168,Agent C,Lease,2025-10-15,47730185.43
SL00184,PR0008,Agent B,Lease,2026-02-12,3998106.58
SL00185,PR0107,Agent D,Lease,2026-02-20,41406250.44
SL00186,PR0073,Agent C,Lease,2026-05-10,7099963.24
SL00187,PR0074,Agent B,New,2025-11-13,34696156.04
SL00188,PR0193,Agent B,Resale,2025-04-15,29121193.19
SL00189,PR0164,Agent D,Resale,2025-08-06,49380577.91
SL00190,PR0092,Agent C,Lease,2025-01-18,22606202.98
SL00191,PR0054,Agent B,Lease,2025-03-04,16698957.44
SL00192,PR0060,Agent A,Lease,2025-08-09,37728211.79
SL00193,PR0098,Agent A,Resale,2025-03-11,29788532.12
SL00194,PR0188,Agent C,New,2026-04-20,24172543.75
SL00195,PR0086,Agent A,Resale,2025-01-03,15616589.29
SL00196,PR0183,Agent B,New,2026-09-04,45062873.5
SL00197,PR0184,Agent B,Resale,2025-09-24,11606085.72
SL00198,PR0199,Agent C,Lease,2026-01-21,11365119.55
SL00199,PR0279,Agent C,New,2025-01-08,16329734.08
SL00200,PR0254,Agent C,Lease,2026-08-08,37556917.92
SL00201,PR0196,Agent D,New,2026-04-15,10107325.81
SL00202,PR0135,Agent B,Lease,2025-09-14,12419079.21
SL00203,PR0112,Agent B,New,2026-06-14,3342595.04
SL00204,PR0185,Agent A,Lease,2026-03-24,2407915.96
SL00205,PR0181,Agent B,Lease,2025-08-31,5180341.39
SL00206,PR0038,Agent B,New,2026-05-13,44686517.34
SL00207,PR0028,Agent C,New,2026-06-07,12796225.96
SL00208,PR0193,Agent D,New,2026-06-11,1380632.73
SL00209,PR0247,Agent D,Lease,2026-08-14,16449230.2
SL00210,PR0106,Agent A,Lease,2026-07-02,18560911.6
SL00211,PR0104,Agent D,Resale,2025-07-29,14407219.17
SL00212,PR0142,Agent B,New,2026-03-12,48902392.32
SL00213,PR0292,Agent A,Lease,2026-04-11,7998947.19
SL00214,PR0095,Agent D,New,2025-03-27,15525016.64
SL00215,PR0092,Agent A,Resale,2026-08-14,44705336.23
SL00216,PR0234,Agent B,Resale,2026-07-10,5865676.12
SL00217,PR0292,Agent B,New,2025-09-08,12710918.85
SL00218,PR0007,Agent C,New,2025-07-29,8810684.68
SL00219,PR0002,Agent D,Resale,2026-05-18,29865145.03
SL00220,PR0091,Agent C,Resale,2026-05-09,23077106.88
SL00221,PR0180,Agent D,Lease,2025-05-03,42421861.62
SL00222,PR0007,Agent B,New,2025-05-06,16687493.46
SL00223,PR0270,Agent A,Lease,2025-05-12,16414073.11
SL00224,PR0094,Agent A,Resale,2025-10-12,42038729.26
SL00225,PR0134,Agent C,Resale,2025-10-04,46238069.33
SL00226,PR0062,Agent D,Resale,2025-06-06,26523064.85
SL00227,PR0163,Agent C,Lease,2025-12-03,10895640.37
SL00228,PR0258,Agent B,Resale,2025-07-29,43574103.41
SL00229,PR0025,Agent A,Lease,2025-02-12,19052733.77
SL00230,PR0018,Agent C,Resale,2025-12-07,38408694.05
SL00231,PR0111,Agent C,Resale,2026-09-15,10012374.79
SL00232,PR0214,Agent B,Resale,2025-12-20,7895550.95
SL00233,PR0159,Agent D,Lease,2026-09-05,9291377.15
SL00234,PR0179,Agent A,Lease,2025-09-04,13487272.28
SL00235,PR0180,Agent A,New,2025-08-29,2079998.77
SL00236,PR0109,Agent B,Resale,2025-02-02,10838231.17
SL00237,PR0108,Agent C,New,2026-06-15,17492417.18
SL00238,PR0263,Agent A,Resale,2026-07-27,11806979.96
SL00239,PR0104,Agent D,New,2026-05-19,35058560.51
SL00240,PR0105,Agent B,Resale,2025-11-26,29754043.02
SL00241,PR0011,Agent D,Resale,2025-12-10,33041483.25
SL00242,PR0124,Agent D,New,2025-12-31,35710462.3
SL00243,PR0289,Agent A,New,2025-07-28,22730958.04
SL00244,PR0257,Agent D,New,2026-09-05,13970572.45
SL00245,PR0112,Agent B,New,2026-02-14,14228377.55
SL00246,PR0211,Agent C,Lease,2025-02-15,9241481.2
SL00247,PR0188,Agent A,Lease,2025-08-23,21279526.77
SL00248,PR0005,Agent C,Lease,2025-04-12,12201971.43
SL00249,PR0030,Agent D,Resale,2025-11-25,10722361.1
SL00250,PR0019,Agent A,Lease,2026-01-15,29570879.36
SL00251,PR0225,Agent A,New,2026-01-17,44328860.3
SL00252,PR0105,Agent A,Lease,2025-11-13,10518839.56
SL00253,PR0074,Agent B,Resale,2026-04-21,36992209.3
SL00254,PR0191,Agent B,New,2025-07-04,30706706.61
SL00255,PR0013,Agent A,Resale,2025-11-26,6615582.58
SL00256,PR0075,Agent B,Resale,2025-06-27,6741542.76
SL00257,PR0221,Agent D,Resale,2026-04-21,18221667.55
SL00258,PR0032,Agent D,New,2025-10-23,9716867.12
SL00259,PR0265,Agent B,Resale,2025-10-14,20516794.69
SL00260,PR0290,Agent C,Resale,2026-09-01,14127830.61
SL00261,PR0298,Agent B,Resale,2025-10-19,20765475.35
SL00262,PR0144,Agent D,Lease,2025-01-08,24316560.9
SL00263,PR0225,Agent A,Lease,2026-01-11,39737518.54
SL00264,PR0211,Agent A,New,2025-04-18,47399177.37
SL00265,PR0266,Agent C,Resale,2025-12-10,46373408.06
SL00266,PR0164,Agent A,Lease,2025-09-24,4787260.8
SL00267,PR0009,Agent A,New,2025-07-29,38023989.54
SL00268,PR0234,Agent B,Lease,2026-02-14,23070952.16
SL00269,PR0206,Agent A,Lease,2026-03-24,1033295.02
SL00270,PR0299,Agent D,New,2025-02-01,49448713.95
SL00271,PR0277,Agent A,New,2025-12-12,42614960.58
SL00272,PR0240,Agent B,Resale,2025-06-08,2268813.71
SL00273,PR0265,Agent A,Resale,2025-05-27,43723064.55
SL00274,PR0274,Agent D,New,2026-06-02,24226272.2
SL00275,PR0208,Agent D,Resale,2026-01-31,29972243.47
SL00276,PR0036,Agent B,Lease,2025-05-06,2405366.62
SL00277,PR0284,Agent A,Resale,2026-03-24,1228871.92
SL00278,PR0036,Agent C,Lease,2025-04-16,16037383.48
SL00279,PR0259,Agent B,New,2025-12-21,38430803.34
SL00280,PR0260,Agent B,Lease,2025-06-09,47777488.81
SL00281,PR0280,Agent D,Lease,2025-11-14,12863686.72
SL00282,PR0211,Agent D,Resale,2025-11-21,6760827.29
SL00283,PR0232,Agent B,Lease,2026-08-13,19635156.15
SL00284,PR0058,Agent B,New,2025-03-18,4467400.54
SL00285,PR0111,Agent C,Resale,2025-12-19,33416751.59
SL00286,PR0089,Agent D,New,2025-03-22,7891136.52
SL00287,PR0286,Agent B,Lease,2026-02-07,6886879.42
SL00288,PR0288,Agent C,Resale,2025-01-07,14356506.45
SL00289,PR0132,Agent D,New,2025-06-26,8690601.67
SL00290,PR0245,Agent A,Lease,2026-02-09,29238149.66
SL00291,PR0100,Agent D,New,2025-07-07,20287598.89
SL00292,PR0139,Agent B,Resale,2026-06-14,20366404.76
SL00293,PR0004,Agent B,Lease,2025-02-06,9529092.28
SL00294,PR0011,Agent B,Lease,2025-12-10,5162560.78
SL00295,PR0256,Agent A,New,2026-01-06,22408934.08
SL00296,PR0009,Agent C,Lease,2025-02-06,5269658.94
SL00297,PR0107,Agent A,New,2026-09-24,47153048.62
SL00298,PR0119,Agent C,New,2025-03-10,42125400.29
SL00299,PR0081,Agent A,New,2025-09-17,28974652.81
SL00300,PR0020,Agent D,Lease,2026-09-24,20560330.67
SL00301,PR0294,Agent D,Resale,2025-10-15,49376291.14
SL00302,PR0133,Agent B,Lease,2026-08-15,20078438.43
SL00303,PR0009,Agent D,New,2025-11-21,20402874.48
SL00304,PR0058,Agent C,New,2025-10-28,5899331.02
SL00305,PR0207,Agent D,Lease,2026-01-07,29028919.4
SL00306,PR0194,Agent A,Resale,2025-12-28,30554586.37
SL00307,PR0058,Agent D,New,2025-03-29,17908240.41
SL00308,PR0244,Agent B,Resale,2025-01-05,48920711.71
SL00309,PR0121,Agent D,Lease,2026-07-20,38056610.07
SL00310,PR0076,Agent A,Lease,2026-01-31,38601068.35
SL00311,PR0290,Agent C,Resale,2025-08-04,42124535.6
SL00312,PR0167,Agent B,Lease,2026-09-23,18695485.18
SL00313,PR0218,Agent C,New,2026-03-26,32649678.02
SL00314,PR0284,Agent A,Resale,2025-04-13,3642419.07
SL00315,PR0083,Agent D,New,2025-06-06,14607537.13
SL00316,PR0228,Agent C,Lease,2026-09-20,27867362.12
SL00317,PR0004,Agent A,Resale,2026-07-10,14276142.2
SL00318,PR0295,Agent C,Lease,2025-02-20,43291727.79
SL00319,PR0050,Agent A,Resale,2025-03-28,35596120.21
SL00320,PR0294,Agent A,Lease,2025-07-17,22919088.85
SL00321,PR0136,Agent A,New,2026-09-01,32670766.57
SL00322,PR0028,Agent D,Resale,2025-05-23,19283213.21
SL00323,PR0010,Agent B,New,2026-06-26,2646511.05
SL00324,PR0070,Agent A,Resale,2025-10-07,28542908.92
SL00325,PR0085,Agent B,New,2025-07-05,31542660.93
SL00326,PR0293,Agent C,Resale,2026-01-18,34487184.63
SL00327,PR0209,Agent A,Resale,2025-12-11,1218632.78
SL00328,PR0252,Agent C,New,2025-11-14,26655643.71
SL00329,PR0254,Agent A,New,2026-09-26,42051262.88
SL00330,PR0189,Agent C,Lease,2025-08-04,41710101.21
SL00331,PR0150,Agent C,Resale,2026-08-01,12426904.24
SL00332,PR0020,Agent B,Resale,2025-11-23,23403957.06
SL00333,PR0191,Agent D,New,2025-09-13,32270269.2
SL00334,PR0132,Agent B,Resale,2025-02-22,14381702.81
SL00335,PR0109,Agent B,Lease,2025-12-07,1628288.44
SL00336,PR0268,Agent A,New,2026-08-25,42230567.2
SL00337,PR0248,Agent B,Lease,2025-10-15,11203220.39
SL00338,PR0208,Agent D,Resale,2025-06-06,18613088.39
SL00339,PR0089,Agent B,New,2026-04-10,41689335.71
SL00340,PR0121,Agent B,Resale,2025-08-24,34439650.36
SL00341,PR0185,Agent B,Resale,2025-03-30,22515859.5
SL00342,PR0003,Agent A,Resale,2025-03-30,20777190.14
SL00343,PR0024,Agent C,New,2025-06-24,18060134.66
SL00344,PR0209,Agent A,Lease,2026-02-09,17096828.16
SL00345,PR0135,Agent D,Resale,2025-04-04,37426958.09
SL00346,PR0100,Agent A,Resale,2025-08-10,17746174.29
SL00347,PR0185,Agent D,Lease,2026-07-15,29410567.64
SL00348,PR0128,Agent D,New,2025-06-14,15837600.92
SL00349,PR0086,Agent B,Lease,2026-04-06,33776741.49
SL00350,PR0116,Agent B,Resale,2026-09-18,28604980.06
SL00351,PR0174,Agent B,New,2026-04-06,34524541.14
SL00352,PR0154,Agent C,New,2026-08-20,18531322.53
SL00353,PR0113,Agent D,Resale,2026-08-23,49850949.56
SL00354,PR0169,Agent D,Resale,2026-05-21,28576630.28
SL00355,PR0204,Agent D,Resale,2026-02-20,7379739.17
SL00356,PR0171,Agent B,Resale,2025-08-13,44603600.02
SL00357,PR0225,Agent C,Lease,2026-05-14,8572196.73
SL00358,PR0042,Agent A,Lease,2026-09-10,38303852.23
SL00359,PR0127,Agent B,Lease,2025-11-17,49610880.27
SL00360,PR0025,Agent A,New,2025-06-06,33783635.25
SL00361,PR0224,Agent B,New,2026-09-11,22350853.56
SL00362,PR0054,Agent A,Resale,2025-09-14,5511582.13
SL00363,PR0209,Agent A,Resale,2025-05-03,2648255.97
SL00364,PR0024,Agent B,Lease,2026-07-30,47617434.52
SL00365,PR0175,Agent B,Lease,2026-09-19,46431004.72
SL00366,PR0154,Agent C,New,2026-08-25,6665374.55
SL00367,PR0018,Agent C,Resale,2026-05-12,42513398.3
SL00368,PR0195,Agent D,New,2026-07-20,35661729.04
SL00369,PR0288,Agent C,Resale,2025-10-28,19317085.13
SL00370,PR0250,Agent B,Lease,2026-07-17,45310873.13
SL00371,PR0006,Agent A,New,2026-01-21,21806796.0
SL00372,PR0051,Agent B,Resale,2025-07-15,10637407.29
SL00373,PR0192,Agent B,Resale,2025-08-21,17928731.18
SL00374,PR0191,Agent D,Resale,2025-05-30,27581294.27
SL00375,PR0115,Agent C,Lease,2026-06-13,4453644.13
SL00376,PR0014,Agent B,New,2025-07-04,24141166.08
SL00377,PR0229,Agent D,New,2025-07-01,41084455.7
SL00378,PR0225,Agent D,Lease,2025-04-24,44649372.77
SL00379,PR0082,Agent B,Lease,2026-04-24,13770930.04
SL00380,PR0098,Agent D,Resale,2026-07-11,31178782.07
SL00381,PR0211,Agent A,Resale,2025-10-17,14080019.28
SL00382,PR0211,Agent C,Resale,2025-09-08,42470806.61
SL00383,PR0138,Agent C,Resale,2025-02-01,48676245.47
SL00384,PR0172,Agent A,New,2026-02-19,18627892.14
SL00385,PR0294,Agent D,Resale,2026-07-02,33528654.52
SL00386,PR0299,Agent B,New,2025-10-09,8468090.3
SL00387,PR0226,Agent D,New,2025-03-28,34104345.87
SL00388,PR0082,Agent D,Resale,2025-04-16,31821255.41
SL00389,PR0060,Agent D,Lease,2026-02-28,42327520.61
SL00390,PR0037,Agent D,Lease,2026-02-24,40600633.92
SL00391,PR0221,Agent D,New,2025-06-12,24604426.93
SL00392,PR0040,Agent C,New,2025-09-19,21559961.77
SL00393,PR0147,Agent C,Lease,2025-05-17,37554018.3
SL00394,PR0268,Agent C,New,2025-11-23,25715998.1
SL00395,PR0086,Agent A,New,2026-04-03,22016152.57
SL00396,PR0200,Agent A,Resale,2025-10-04,31920204.93
SL00397,PR0095,Agent A,New,2025-11-27,49543949.6
SL00398,PR0251,Agent D,Resale,2026-03-27,39592532.78
SL00399,PR0168,Agent A,Resale,2025-09-22,33391153.33
SL00400,PR0200,Agent D,Lease,2026-02-27,9858957.66
SL00401,PR0031,Agent D,Lease,2026-09-19,37904404.58
SL00402,PR0116,Agent D,Lease,2025-03-11,21913848.74
SL00403,PR0276,Agent B,New,2026-07-24,49925238.03
SL00404,PR0248,Agent B,New,2025-09-08,21443529.84
SL00405,PR0188,Agent A,Resale,2026-08-06,19347717.99
SL00406,PR0066,Agent B,Resale,2026-03-09,8177728.23
SL00407,PR0015,Agent D,Resale,2026-06-25,13670534.6
SL00408,PR0017,Agent A,Lease,2025-12-22,10063478.25
SL00409,PR0092,Agent C,New,2026-07-27,20435277.97
SL00410,PR0135,Agent C,Lease,2025-11-04,41678323.52
SL00411,PR0105,Agent A,Resale,2025-09-24,49763059.65
SL00412,PR0117,Agent C,Resale,2025-04-30,22021830.41
SL00413,PR0278,Agent B,Resale,2025-05-25,46552920.13
SL00414,PR0123,Agent A,Resale,2026-09-19,37284502.02
SL00415,PR0075,Agent A,New,2026-08-26,48715318.64
SL00416,PR0242,Agent D,Lease,2026-03-04,13093813.62
SL00417,PR0138,Agent D,Lease,2025-07-01,8389988.18
SL00418,PR0232,Agent D,Lease,2026-05-30,17787351.23
SL00419,PR0251,Agent A,Lease,2025-12-12,33629458.44
SL00420,PR0201,Agent C,Resale,2025-10-08,48838391.74
SL00421,PR0179,Agent B,Lease,2026-08-21,49844644.05
SL00422,PR0037,Agent C,Lease,2026-03-04,44919583.42
SL00423,PR0102,Agent B,Lease,2025-06-26,14076810.63
SL00424,PR0096,Agent B,New,2026-02-14,14800428.22
SL00425,PR0046,Agent C,Resale,2026-06-08,1431263.67
SL00426,PR0007,Agent C,Resale,2025-10-07,34118601.07
SL00427,PR0161,Agent C,New,2025-04-25,34539302.79
SL00428,PR0044,Agent C,Lease,2025-10-14,8148877.47
SL00429,PR0168,Agent D,Lease,2025-05-15,28216559.28
SL00430,PR0132,Agent C,Resale,2026-01-19,2778888.99
SL00431,PR0102,Agent C,New,2026-07-07,35466266.43
SL00432,PR0123,Agent B,Lease,2026-08-08,46456446.31
SL00433,PR0100,Agent B,Lease,2026-02-11,25592408.65
SL00434,PR0026,Agent A,Lease,2026-03-04,6784404.85
SL00435,PR0233,Agent D,Lease,2025-02-01,4719213.63
SL00436,PR0003,Agent B,Lease,2025-05-13,21487395.52
SL00437,PR0190,Agent C,New,2025-09-20,49803712.56
SL00438,PR0275,Agent B,New,2026-08-01,32829785.79
SL00439,PR0097,Agent D,Resale,2026-05-28,49985840.43
SL00440,PR0171,Agent B,Resale,2025-03-06,46302989.36
SL00441,PR0082,Agent A,Lease,2026-09-11,9015539.52
SL00442,PR0111,Agent D,Lease,2026-06-29,4455041.56
SL00443,PR0074,Agent A,Resale,2025-12-04,1945263.04
SL00444,PR0231,Agent D,Resale,2025-09-18,19043400.62
SL00445,PR0284,Agent B,New,2025-02-11,33298443.65
SL00446,PR0240,Agent B,Resale,2026-01-15,36587634.08
SL00447,PR0256,Agent C,New,2026-03-31,38335521.17
SL00448,PR0110,Agent C,Resale,2025-01-08,28581686.36
SL00449,PR0279,Agent B,Lease,2026-07-30,17078785.93
SL00450,PR0240,Agent B,Resale,2025-09-01,42465051.75
SL00451,PR0237,Agent D,Resale,2025-04-13,2489196.93
SL00452,PR0171,Agent C,New,2025-01-28,9798894.6
SL00453,PR0027,Agent A,New,2026-06-21,8280345.8
SL00454,PR0133,Agent D,New,2026-09-18,33977818.55
SL00455,PR0240,Agent D,New,2026-07-08,7010097.02
SL00456,PR0297,Agent A,New,2026-02-28,2943561.12
SL00457,PR0205,Agent C,Lease,2025-02-03,6957475.57
SL00458,PR0249,Agent D,Lease,2026-01-01,20390833.83
SL00459,PR0105,Agent B,Lease,2025-09-14,4510863.25
SL00460,PR0013,Agent A,Lease,2026-01-31,6255662.26
SL00461,PR0081,Agent D,Lease,2026-07-29,42124620.96
SL00462,PR0101,Agent A,Resale,2025-07-02,30222996.05
SL00463,PR0159,Agent C,Lease,2025-02-08,24739941.34
SL00464,PR0046,Agent B,Resale,2026-01-14,47133725.66
SL00465,PR0014,Agent B,Lease,2025-04-22,49375614.11
SL00466,PR0063,Agent C,New,2025-08-02,14848381.64
SL00467,PR0226,Agent B,Lease,2026-03-16,6254021.53
SL00468,PR0189,Agent C,New,2026-03-29,23323591.01
SL00469,PR0277,Agent C,Lease,2025-03-26,18575305.66
SL00470,PR0087,Agent B,Lease,2026-07-17,4189304.97
SL00471,PR0080,Agent A,New,2025-10-06,30399882.3
SL00472,PR0058,Agent D,New,2025-12-14,3736194.25
SL00473,PR0165,Agent D,Lease,2026-07-30,40959628.12
SL00474,PR0224,Agent B,New,2026-06-05,28715167.53
SL00475,PR0064,Agent D,Resale,2025-12-27,39912705.92
SL00476,PR0198,Agent D,New,2025-10-30,3541747.79
SL00477,PR0058,Agent D,New,2025-08-20,14291730.35
SL00478,PR0113,Agent A,Lease,2025-12-11,27605534.01
SL00479,PR0182,Agent B,Resale,2026-06-04,34918345.38
SL00480,PR0054,Agent D,Resale,2026-08-16,1503953.88
SL00481,PR0294,Agent D,Resale,2025-07-06,26352515.42
SL00482,PR0286,Agent C,New,2025-09-16,26048508.86
SL00483,PR0027,Agent C,New,2025-11-14,19766916.15
SL00484,PR0251,Agent A,Resale,2026-02-23,36825021.76
SL00485,PR0208,Agent C,New,2026-06-05,6964542.18
SL00486,PR0278,Agent A,Resale,2026-07-18,36091540.59
SL00487,PR0005,Agent B,Resale,2025-10-04,16075836.18
SL00488,PR0283,Agent D,Lease,2025-12-18,19352691.16
SL00489,PR0188,Agent A,Resale,2025-07-28,35461850.61
SL00490,PR0141,Agent C,New,2025-06-20,32005225.8
SL00491,PR0176,Agent D,Lease,2026-07-23,9660878.7
SL00492,PR0043,Agent B,Lease,2025-02-11,11942588.38
SL00493,PR0260,Agent B,Resale,2025-11-08,1415885.01
SL00494,PR0290,Agent C,Resale,2026-09-23,9310666.24
SL00495,PR0047,Agent A,Lease,2025-04-26,1118029.31
SL00496,PR0225,Agent D,Lease,2025-08-27,28117569.74
SL00497,PR0218,Agent A,Resale,2025-08-28,22200245.21
SL00498,PR0131,Agent A,Resale,2025-04-19,40680416.72
SL00499,PR0287,Agent D,Resale,2026-02-16,31145346.94
SL00500,PR0261,Agent D,New,2025-06-29,6542062.25
