property_id,property_name,city,property_type
PR0001,Metro Plaza,Delhi,Apartment
PR0002,City Heights,Bangalore,Apartment
PR0003,Green Residency,Mumbai,Office
PR0004,Lake View,Pune,Shop
PR0005,Green Residency,Pune,Apartment
PR0006,Lake View,Pune,Villa
PR0007,Royal Enclave,Mumbai,Office
PR0008,City Heights,Bangalore,Office
PR0009,Green Residency,Patna,Apartment
PR0010,Royal Enclave,Delhi,Villa
PR0011,Green Residency,Bangalore,Villa
PR0012,Royal Enclave,Bangalore,Villa
PR0013,Metro Plaza,Pune,Villa
PR0014,Lake View,Patna,Office
PR0015,Green Residency,Bangalore,Apartment
PR0016,Royal Enclave,Mumbai,Apartment
PR0017,Green Residency,Pune,Office
PR0018,Royal Enclave,Pune,Office
PR0019,Royal Enclave,Bangalore,Apartment
PR0020,Green Residency,Mumbai,Office
PR0021,Green Residency,Mumbai,Apartment
PR0022,Royal Enclave,Mumbai,Villa
PR0023,Green Residency,Patna,Apartment
PR0024,Metro Plaza,Bangalore,Shop
PR0025,Green Residency,Delhi,Apartment
PR0026,City Heights,Patna,Office
PR0027,Green Residency,Pune,Office
PR0028,City Heights,Pune,Office
PR0029,City Heights,Mumbai,Shop
PR0030,Green Residency,Pune,Shop
PR0031,Lake View,Mumbai,Office
PR0032,Royal Enclave,Bangalore,Apartment
PR0033,Green Residency,Pune,Office
PR0034,Metro Plaza,Mumbai,Apartment
PR0035,Royal Enclave,Bangalore,Shop
PR0036,Green Residency,Mumbai,Apartment
PR0037,Royal Enclave,Patna,Apartment
PR0038,Royal Enclave,Bangalore,Villa
PR0039,Metro Plaza,Patna,Office
PR0040,Green Residency,Mumbai,Villa
PR0041,Lake View,Delhi,Shop
PR0042,Green Residency,Mumbai,Shop
PR0043,Green Residency,Delhi,Villa
PR0044,Lake View,Patna,Apartment
PR0045,Lake View,Pune,Office
PR0046,Metro Plaza,Bangalore,Office
PR0047,Green Residency,Delhi,Office
PR0048,Royal Enclave,Bangalore,Apartment
PR0049,Lake View,Mumbai,Shop
PR0050,Green Residency,Bangalore,Apartment
PR0051,City Heights,Mumbai,Apartment
PR0052,Metro Plaza,Delhi,Office
PR0053,Royal Enclave,Bangalore,Shop
PR0054,Royal Enclave,Delhi,Office
PR0055,Lake View,Delhi,Apartment
PR0056,Lake View,Pune,Apartment
PR0057,Lake View,Patna,Apartment
PR0058,City Heights,Bangalore,Villa
PR0059,City Heights,Delhi,Apartment
PR0060,Metro Plaza,Mumbai,Apartment
PR0061,Metro Plaza,Mumbai,Office
PR0062,Royal Enclave,Mumbai,Villa
PR0063,Royal Enclave,Bangalore,Villa
PR0064,Metro Plaza,Delhi,Office
PR0065,Lake View,Patna,Shop
PR0066,City Heights,Mumbai,Apartment
PR0067,Metro Plaza,Bangalore,Shop
PR0068,Metro Plaza,Mumbai,Shop
PR0069,City Heights,Mumbai,Villa
PR0070,Royal Enclave,Pune,Apartment
PR0071,City Heights,Delhi,Office
PR0072,City Heights,Bangalore,Apartment
PR0073,Metro Plaza,Delhi,Shop
PR0074,Green Residency,Delhi,Shop
PR0075,Royal Enclave,Mumbai,Shop
PR0076,Royal Enclave,Delhi,Apartment
PR0077,City Heights,Patna,Shop
PR0078,City Heights,Patna,Apartment
PR0079,Metro Plaza,Mumbai,Apartment
PR0080,Green Residency,Patna,Shop
PR0081,City Heights,Bangalore,Apartment
PR0082,Green Residency,Mumbai,Shop
PR0083,Lake View,Delhi,Office
PR0084,Metro Plaza,Pune,Apartment
PR0085,Royal Enclave,Mumbai,Apartment
PR0086,Royal Enclave,Mumbai,Office
PR0087,Lake View,Mumbai,Villa
PR0088,Green Residency,Mumbai,Shop
PR0089,City Heights,Pune,Office
PR0090,Metro Plaza,Mumbai,Office
PR0091,Royal Enclave,Delhi,Apartment
PR0092,Royal Enclave,Delhi,Shop
PR0093,Lake View,Delhi,Apartment
PR0094,Royal Enclave,Bangalore,Shop
PR0095,Royal Enclave,Patna,Shop
PR0096,Royal Enclave,Mumbai,Villa
PR0097,Metro Plaza,Bangalore,Shop
PR0098,Royal Enclave,Patna,Villa
PR0099,Metro Plaza,Bangalore,Shop
PR0100,City Heights,Mumbai,Apartment
PR0101,Royal Enclave,Mumbai,Apartment
PR0102,Lake View,Patna,Office
PR0103,Metro Plaza,Delhi,Office
PR0104,Lake View,Bangalore,Villa
PR0105,Lake View,Pune,Villa
PR0106,Lake View,Mumbai,Shop
PR0107,Green Residency,Patna,Shop
PR0108,Lake View,Pune,Villa
PR0109,Metro Plaza,Mumbai,Office
PR0110,Metro Plaza,Pune,Office
PR0111,Lake View,Bangalore,Shop
PR0112,City Heights,Delhi,Villa
PR0113,Lake View,Pune,Villa
PR0114,Royal Enclave,Mumbai,Apartment
PR0115,Metro Plaza,Mumbai,Office
PR0116,Royal Enclave,Mumbai,Office
PR0117,City Heights,Delhi,Office
PR0118,Metro Plaza,Delhi,Shop
PR0119,Metro Plaza,Patna,Shop
PR0120,Metro Plaza,Patna,Shop
PR0121,City Heights,Pune,Apartment
PR0122,City Heights,Bangalore,Office
PR0123,City Heights,Mumbai,Office
PR0124,City Heights,Pune,Apartment
PR0125,City Heights,Bangalore,Office
PR0126,Metro Plaza,Patna,Villa
PR0127,City Heights,Bangalore,Office
PR0128,City Heights,Bangalore,Apartment
PR0129,City Heights,Pune,Shop
PR0130,Metro Plaza,Bangalore,Shop
PR0131,Green Residency,Delhi,Apartment
PR0132,City Heights,Bangalore,Villa
PR0133,Lake View,Delhi,Villa
PR0134,Green Residency,Patna,Apartment
PR0135,Royal Enclave,Patna,Villa
PR0136,Green Residency,Pune,Apartment
PR0137,City Heights,Pune,Office
PR0138,Lake View,Mumbai,Office
PR0139,Metro Plaza,Patna,Shop
PR0140,Royal Enclave,Mumbai,Shop
PR0141,Lake View,Pune,Office
PR0142,Lake View,Bangalore,Apartment
PR0143,Green Residency,Delhi,Apartment
PR0144,Metro Plaza,Mumbai,Villa
PR0145,Green Residency,Patna,Shop
PR0146,Metro Plaza,Delhi,Apartment
PR0147,Metro Plaza,Patna,Office
PR0148,Metro Plaza,Pune,Apartment
PR0149,Metro Plaza,Patna,Shop
PR0150,Royal Enclave,Delhi,Villa
PR0151,Green Residency,Delhi,Office
PR0152,Lake View,Bangalore,Apartment
PR0153,City Heights,Patna,Shop
PR0154,City Heights,Delhi,Shop
PR0155,Lake View,Bangalore,Apartment
PR0156,Metro Plaza,Bangalore,Villa
PR0157,Metro Plaza,Delhi,Office
PR0158,Lake View,Pune,Villa
PR0159,City Heights,Mumbai,Apartment
PR0160,City Heights,Bangalore,Office
PR0161,Lake View,Delhi,Shop
PR0162,Lake View,Mumbai,Shop
PR0163,Green Residency,Pune,Villa
PR0164,Lake View,Pune,Villa
PR0165,Royal Enclave,Mumbai,Office
PR0166,Green Residency,Patna,Office
PR0167,City Heights,Bangalore,Apartment
PR0168,Royal Enclave,Delhi,Apartment
PR0169,Green Residency,Patna,Apartment
PR0170,Metro Plaza,Bangalore,Villa
PR0171,Royal Enclave,Mumbai,Shop
PR0172,Lake View,Pune,Shop
PR0173,Green Residency,Pune,Apartment
PR0174,Metro Plaza,Pune,Apartment
PR0175,Green Residency,Delhi,Shop
PR0176,City Heights,Delhi,Shop
PR0177,Metro Plaza,Pune,Office
PR0178,Metro Plaza,Mumbai,Office
PR0179,Metro Plaza,Patna,Apartment
PR0180,Green Residency,Delhi,Shop
PR0181,Royal Enclave,Patna,Shop
PR0182,Lake View,Patna,Apartment
PR0183,Metro Plaza,Patna,Apartment
PR0184,Metro Plaza,Patna,Villa
PR0185,Metro Plaza,Pune,Apartment
PR0186,Metro Plaza,Mumbai,Shop
PR0187,City Heights,Bangalore,Villa
PR0188,Royal Enclave,Delhi,Apartment
PR0189,Green Residency,Delhi,Shop
PR0190,Metro Plaza,Bangalore,Shop
PR0191,Lake View,Delhi,Villa
PR0192,Royal Enclave,Mumbai,Villa
PR0193,City Heights,Delhi,Shop
PR0194,City Heights,Pune,Apartment
PR0195,Lake View,Bangalore,Villa
PR0196,City Heights,Bangalore,Shop
PR0197,City Heights,Delhi,Shop
PR0198,Lake View,Bangalore,Shop
PR0199,Metro Plaza,Patna,Shop
PR0200,Green Residency,Pune,Apartment
PR0201,Lake View,Patna,Shop
PR0202,Green Residency,Patna,Shop
PR0203,Green Residency,Patna,Villa
PR0204,Green Residency,Mumbai,Office
PR0205,City Heights,Mumbai,Shop
PR0206,Royal Enclave,Mumbai,Office
PR0207,Lake View,Pune,Office
PR0208,City Heights,Mumbai,Shop
PR0209,City Heights,Pune,Shop
PR0210,Royal Enclave,Delhi,Shop
PR0211,Metro Plaza,Patna,Office
PR0212,Royal Enclave,Pune,Apartment
PR0213,Lake View,Patna,Shop
PR0214,Green Residency,Bangalore,Shop
PR0215,Green Residency,Patna,Shop
PR0216,Lake View,Patna,Villa
PR0217,Green Residency,Mumbai,Villa
PR0218,Green Residency,Patna,Shop
PR0219,Lake View,Pune,Shop
PR0220,Metro Plaza,Pune,Office
PR0221,Royal Enclave,Bangalore,Apartment
PR0222,Royal Enclave,Delhi,Villa
PR0223,Metro Plaza,Bangalore,Shop
PR0224,City Heights,Bangalore,Villa
PR0225,Green Residency,Bangalore,Apartment
PR0226,Lake View,Delhi,Shop
PR0227,Metro Plaza,Patna,Shop
PR0228,Green Residency,Patna,Apartment
PR0229,City Heights,Patna,Apartment
PR0230,Metro Plaza,Pune,Shop
PR0231,Lake View,Delhi,Villa
PR0232,City Heights,Patna,Apartment
PR0233,Lake View,Pune,Office
PR0234,Royal Enclave,Delhi,Villa
PR0235,City Heights,Mumbai,Apartment
PR0236,City Heights,Delhi,Office
PR0237,Green Residency,Pune,Villa
PR0238,City Heights,Bangalore,Apartment
PR0239,Green Residency,Bangalore,Apartment
PR0240,Metro Plaza,Delhi,Apartment
PR0241,Lake View,Delhi,Apartment
PR0242,Green Residency,Delhi,Apartment
PR0243,City Heights,Delhi,Shop
PR0244,Lake View,Pune,Villa
PR0245,Metro Plaza,Patna,Office
PR0246,Metro Plaza,Bangalore,Office
PR0247,Lake View,Mumbai,Villa
PR0248,City Heights,Delhi,Villa
PR0249,City Heights,Patna,Apartment
PR0250,Metro Plaza,Pune,Office
PR0251,Green Residency,Mumbai,Office
PR0252,Royal Enclave,Pune,Apartment
PR0253,Royal Enclave,Delhi,Office
PR0254,Lake View,Mumbai,Apartment
PR0255,Metro Plaza,Bangalore,Villa
PR0256,Green Residency,Bangalore,Villa
PR0257,Green Residency,Delhi,Office
PR0258,Green Residency,Bangalore,Office
PR0259,City Heights,Mumbai,Villa
PR0260,Royal Enclave,Pune,Office
PR0261,Lake View,Pune,Office
PR0262,City Heights,Bangalore,Villa
PR0263,Royal Enclave,Delhi,Shop
PR0264,City Heights,Patna,Apartment
PR0265,Royal Enclave,Delhi,Villa
PR0266,Green Residency,Patna,Office
PR0267,Green Residency,Mumbai,Apartment
PR0268,Metro Plaza,Delhi,Office
PR0269,City Heights,Mumbai,Villa
PR0270,Green Residency,Patna,Villa
PR0271,City Heights,Delhi,Villa
PR0272,Lake View,Patna,Office
PR0273,Royal Enclave,Bangalore,Villa
PR0274,Metro Plaza,Mumbai,Villa
PR0275,Royal Enclave,Delhi,Villa
PR0276,City Heights,Delhi,Apartment
PR0277,Metro Plaza,Pune,Office
PR0278,Royal Enclave,Pune,Office
PR0279,Metro Plaza,Pune,Office
PR0280,Lake View,Delhi,Shop
PR0281,Green Residency,Pune,Shop
PR0282,Royal Enclave,Delhi,Apartment
PR0283,Royal Enclave,Pune,Office
PR0284,City Heights,Patna,Shop
PR0285,Lake View,Patna,Office
PR0286,Metro Plaza,Bangalore,Shop
PR0287,Green Residency,Bangalore,Villa
PR0288,Green Residency,Delhi,Shop
PR0289,Green Residency,Delhi,Shop
PR0290,Green Residency,Bangalore,Office
PR0291,City Heights,Pune,Apartment
PR0292,Metro Plaza,Mumbai,Office
PR0293,Lake View,Mumbai,Shop
PR0294,Royal Enclave,Mumbai,Villa
PR0295,Green Residency,Delhi,Apartment
PR0296,City Heights,Patna,Office
PR0297,Metro Plaza,Mumbai,Shop
PR0298,Metro Plaza,Patna,Villa
PR0299,Royal Enclave,Pune,Shop
PR0300,Green Residency,Mumbai,Shop
