reading_id,meter_id,usage_type,reading_date,units_kwh,bill_amount
R00001,M0120,Normal,2025-01-05,4345.19,8914.73
R00002,M0186,Normal,2026-01-07,1451.19,67277.45
R00003,M0209,Peak,2026-09-06,1191.64,75929.58
R00004,M0241,Peak,2026-03-08,1708.79,19874.67
R00005,M0260,Normal,2025-05-01,4060.17,51222.27
R00006,M0247,Peak,2025-02-03,2020.42,50525.5
R00007,M0279,Peak,2026-03-02,4691.4,26679.15
R00008,M0119,Peak,2025-05-15,2659.94,12874.9
R00009,M0013,Peak,2025-05-29,677.91,62036.44
R00010,M0010,Peak,2026-01-05,3413.76,21211.21
R00011,M0222,OffPeak,2026-06-15,457.67,71803.0
R00012,M0158,Normal,2025-04-20,735.52,8419.38
R00013,M0065,Normal,2026-04-11,281.45,12934.13
R00014,M0035,Normal,2025-03-16,2972.8,78201.5
R00015,M0118,Normal,2026-04-07,4278.57,57829.77
R00016,M0118,Normal,2025-09-05,4414.05,48496.54
R00017,M0063,Peak,2025-06-25,1857.1,36101.14
R00018,M0073,OffPeak,2025-05-01,2769.89,30016.68
R00019,M0234,Normal,2026-05-14,3223.19,64075.29
R00020,M0271,OffPeak,2025-02-16,4736.56,32365.03
R00021,M0188,OffPeak,2026-09-23,1810.91,18429.26
R00022,M0244,Peak,2025-04-01,506.0,53228.8
R00023,M0064,Peak,2025-12-27,2174.64,26174.97
R00024,M0201,Peak,2025-06-22,167.32,33996.63
R00025,M0004,OffPeak,2026-09-21,2739.8,57535.84
R00026,M0279,Normal,2025-12-05,3270.67,60008.78
R00027,M0106,Normal,2026-06-13,980.61,75308.23
R00028,M0270,Peak,2025-10-17,2721.29,29029.74
R00029,M0158,Normal,2026-02-08,821.47,29077.72
R00030,M0126,Peak,2025-12-17,3469.07,18788.51
R00031,M0118,Normal,2026-05-06,4226.85,53062.86
R00032,M0287,Peak,2025-06-07,83.32,30782.83
R00033,M0299,OffPeak,2025-10-20,798.7,53022.21
R00034,M0111,Peak,2026-01-28,1696.08,4033.29
R00035,M0178,OffPeak,2025-03-13,4776.44,5786.38
R00036,M0241,Normal,2026-08-18,3912.16,75442.86
R00037,M0157,Peak,2025-02-05,963.69,35161.86
R00038,M0073,Normal,2025-05-27,4649.33,65213.69
R00039,M0098,Peak,2026-04-01,1559.96,57914.17
R00040,M0006,Peak,2026-03-02,4380.36,43172.69
R00041,M0211,OffPeak,2025-01-25,4187.42,20895.6
R00042,M0219,Normal,2025-08-07,3482.37,49982.39
R00043,M0186,Normal,2025-03-08,2592.12,7935.34
R00044,M0191,OffPeak,2025-02-07,1083.13,33730.26
R00045,M0244,Peak,2025-08-03,4267.12,27343.6
R00046,M0271,OffPeak,2026-04-12,920.13,23616.14
R00047,M0025,OffPeak,2026-05-22,536.98,8987.26
R00048,M0202,OffPeak,2026-08-06,2201.09,24994.93
R00049,M0183,Normal,2025-03-07,361.61,68000.85
R00050,M0175,OffPeak,2025-10-15,4701.05,71923.9
R00051,M0103,OffPeak,2025-05-17,2142.7,23661.74
R00052,M0031,Peak,2025-06-28,3920.65,66022.27
R00053,M0033,OffPeak,2025-06-29,3554.87,34815.91
R00054,M0289,OffPeak,2026-06-16,1968.18,60380.02
R00055,M0001,Peak,2025-11-11,1204.35,69305.87
R00056,M0038,Normal,2026-07-28,3316.89,504.87
R00057,M0166,Peak,2026-01-25,1535.63,49856.42
R00058,M0011,Normal,2025-02-21,2264.6,17678.99
R00059,M0132,Peak,2025-01-23,2286.22,49020.77
R00060,M0054,Peak,2025-05-04,3114.9,17340.0
R00061,M0012,Normal,2026-01-18,1891.32,42752.78
R00062,M0152,OffPeak,2025-04-15,3727.18,24470.91
R00063,M0247,Normal,2025-12-20,2758.77,9849.59
R00064,M0171,Peak,2025-04-20,1254.5,12656.79
R00065,M0266,OffPeak,2025-02-07,2800.04,52916.3
R00066,M0199,OffPeak,2025-08-03,698.48,28659.5
R00067,M0146,OffPeak,2026-07-18,106.23,57474.81
R00068,M0046,OffPeak,2026-07-02,2865.68,2412.93
R00069,M0201,OffPeak,2026-09-28,756.62,17980.72
R00070,M0041,Peak,2025-11-06,1660.47,20496.53
R00071,M0131,Normal,2026-09-07,384.78,34551.36
R00072,M0204,Peak,2025-04-26,53.84,6501.77
R00073,M0151,OffPeak,2025-02-28,2396.9,26566.76
R00074,M0242,Peak,2026-08-31,2281.08,49993.33
R00075,M0061,OffPeak,2025-03-05,101.69,48187.4
R00076,M0210,Normal,2026-03-31,577.06,37820.49
R00077,M0034,OffPeak,2025-07-10,490.4,77772.27
R00078,M0053,Normal,2026-05-24,3728.42,48064.96
R00079,M0129,Peak,2026-06-05,3194.08,14486.08
R00080,M0110,Normal,2026-07-02,2139.77,69150.74
R00081,M0017,OffPeak,2025-08-29,3204.67,47748.15
R00082,M0244,Peak,2025-07-09,1990.88,59237.32
R00083,M0075,OffPeak,2025-03-07,1994.6,57593.45
R00084,M0221,OffPeak,2025-02-22,789.43,42196.71
R00085,M0161,Peak,2026-04-27,4233.96,17316.78
R00086,M0075,Normal,2025-10-08,3567.71,54286.08
R00087,M0214,Peak,2025-12-06,510.79,63356.57
R00088,M0212,OffPeak,2025-09-24,3751.91,26624.69
R00089,M0008,OffPeak,2026-06-21,2412.72,76691.45
R00090,M0188,Peak,2026-01-31,4434.19,1162.52
R00091,M0038,Peak,2025-08-16,1635.4,15305.69
R00092,M0019,Peak,2026-08-26,156.74,77212.99
R00093,M0183,Peak,2025-08-18,2091.97,37579.34
R00094,M0153,Peak,2026-02-04,1380.15,1868.12
R00095,M0020,OffPeak,2025-05-08,404.28,74357.96
R00096,M0213,Peak,2025-03-05,4100.62,49559.31
R00097,M0249,OffPeak,2026-09-18,4518.13,21197.97
R00098,M0176,Normal,2025-10-13,4830.17,26938.2
R00099,M0046,Peak,2025-01-15,4411.83,71523.79
R00100,M0129,Normal,2026-03-25,4396.71,44734.37
R00101,M0056,Normal,2026-08-29,663.83,2067.17
R00102,M0235,Normal,2025-10-13,106.35,31329.85
R00103,M0288,Peak,2025-04-19,4282.64,71538.82
R00104,M0032,Peak,2026-06-26,2156.43,39625.56
R00105,M0223,Normal,2025-07-24,965.12,19088.6
R00106,M0283,OffPeak,2025-03-20,2632.8,4649.99
R00107,M0260,OffPeak,2026-08-30,338.08,51023.47
R00108,M0167,Peak,2026-04-02,1665.83,7934.46
R00109,M0268,Normal,2026-02-09,4413.25,47890.49
R00110,M0165,OffPeak,2025-11-05,3826.95,21830.86
R00111,M0202,Normal,2025-03-25,4411.65,37142.35
R00112,M0296,Peak,2026-01-08,1658.42,55683.72
R00113,M0295,Normal,2026-04-17,3660.38,44396.57
R00114,M0207,Peak,2026-06-30,4775.95,29117.95
R00115,M0168,Peak,2025-01-24,1725.2,22408.75
R00116,M0154,Peak,2026-06-03,3904.93,45555.08
R00117,M0282,Normal,2025-12-04,3718.28,31028.19
R00118,M0181,Normal,2025-11-22,1339.54,71076.38
R00119,M0077,OffPeak,2025-06-05,1180.72,65495.24
R00120,M0193,Normal,2025-03-09,3095.09,31192.06
R00121,M0027,Peak,2025-05-03,4902.99,64743.21
R00122,M0076,Normal,2025-01-19,2511.13,50543.82
R00123,M0068,Normal,2025-11-12,2173.71,9554.17
R00124,M0037,Peak,2026-04-27,1515.37,69435.16
R00125,M0022,Normal,2025-04-27,2596.86,76838.89
R00126,M0277,OffPeak,2026-09-29,2085.89,17205.39
R00127,M0264,Peak,2025-02-23,181.16,7966.79
R00128,M0288,Peak,2025-02-06,3753.22,52512.48
R00129,M0107,Peak,2026-07-23,4695.16,38971.72
R00130,M0282,Peak,2026-07-14,1507.73,33378.65
R00131,M0266,Peak,2026-02-25,432.73,61042.24
R00132,M0002,OffPeak,2026-07-14,1255.64,20476.89
R00133,M0171,OffPeak,2025-12-15,4516.56,37276.61
R00134,M0078,Normal,2026-09-03,3189.57,6581.2
R00135,M0161,Peak,2025-03-08,1210.98,34655.92
R00136,M0001,OffPeak,2025-07-20,3851.26,46273.28
R00137,M0169,OffPeak,2026-03-21,3994.71,39059.4
R00138,M0032,Peak,2025-01-15,3228.27,22285.16
R00139,M0056,Normal,2025-09-11,2981.3,47298.7
R00140,M0069,OffPeak,2025-12-02,3986.64,53105.44
R00141,M0216,Peak,2025-11-29,2332.25,68867.46
R00142,M0206,OffPeak,2026-09-27,4998.06,16907.11
R00143,M0011,Normal,2025-04-30,724.69,6371.12
R00144,M0012,Normal,2026-08-31,2821.9,34964.3
R00145,M0179,Normal,2026-01-15,2892.31,31768.9
R00146,M0199,OffPeak,2026-02-25,367.35,66095.9
R00147,M0242,Normal,2026-08-09,300.39,71500.7
R00148,M0228,OffPeak,2026-01-20,2811.8,62759.37
R00149,M0056,Peak,2025-09-20,3408.74,75732.94
R00150,M0141,OffPeak,2026-01-24,4342.93,34424.71
R00151,M0207,Peak,2025-09-08,2602.01,54431.07
R00152,M0010,Peak,2026-01-06,3466.36,26426.78
R00153,M0300,OffPeak,2026-02-22,4779.67,74864.42
R00154,M0001,Peak,2025-09-30,1272.34,73834.58
R00155,M0131,Peak,2025-01-10,1593.84,76506.87
R00156,M0163,Peak,2025-07-27,4173.4,48588.04
R00157,M0033,OffPeak,2026-04-02,3821.74,20434.53
R00158,M0169,Normal,2026-03-04,4079.3,72261.77
R00159,M0034,Peak,2026-02-23,607.16,38671.53
R00160,M0215,OffPeak,2026-09-28,3832.28,79388.23
R00161,M0258,OffPeak,2025-10-20,2661.23,27929.5
R00162,M0103,Peak,2025-06-21,244.43,67157.49
R00163,M0183,Normal,2025-03-17,1098.14,42048.64
R00164,M0102,Peak,2026-08-20,3340.25,61401.56
R00165,M0175,Peak,2025-11-28,1158.25,67607.34
R00166,M0191,Peak,2025-03-27,3224.19,37399.2
R00167,M0142,Normal,2026-02-11,1031.6,20796.96
R00168,M0048,OffPeak,2025-09-08,3635.23,18815.37
R00169,M0242,Peak,2026-04-19,1839.84,33033.92
R00170,M0224,Normal,2025-11-12,1280.57,61292.76
R00171,M0218,OffPeak,2025-07-14,3517.09,9098.62
R00172,M0296,OffPeak,2025-10-09,137.44,47295.25
R00173,M0086,OffPeak,2026-03-19,4325.69,18363.3
R00174,M0013,Peak,2026-01-31,4505.5,73365.97
R00175,M0271,Peak,2026-06-20,2980.51,33597.33
R00176,M0148,OffPeak,2025-02-07,1384.56,29345.84
R00177,M0228,Normal,2025-12-13,3042.03,71924.74
R00178,M0260,Normal,2025-06-25,1261.66,17915.9
R00179,M0081,Peak,2026-04-13,4600.11,38325.89
R00180,M0235,OffPeak,2025-04-04,275.48,28817.62
R00181,M0101,OffPeak,2026-03-03,4364.88,46937.49
R00182,M0057,Peak,2026-08-13,3940.58,13147.28
R00183,M0004,Peak,2026-01-25,450.87,11372.37
R00184,M0117,Peak,2025-08-23,4719.9,35743.94
R00185,M0144,Peak,2026-04-29,793.23,66306.36
R00186,M0117,Normal,2026-08-13,4998.28,78600.7
R00187,M0187,Peak,2025-11-14,2047.92,36847.64
R00188,M0038,OffPeak,2026-09-20,442.87,78586.03
R00189,M0083,Normal,2025-11-12,93.54,4422.99
R00190,M0044,Normal,2025-09-07,677.36,25463.8
R00191,M0291,OffPeak,2025-09-13,3665.38,35320.57
R00192,M0048,OffPeak,2026-03-27,2852.17,12209.08
R00193,M0203,OffPeak,2025-08-15,2190.38,57172.99
R00194,M0295,Peak,2025-12-15,3536.17,38009.02
R00195,M0178,Normal,2025-05-20,3282.37,42324.69
R00196,M0008,OffPeak,2025-06-14,4233.09,28967.61
R00197,M0034,Peak,2025-02-09,2504.06,8574.34
R00198,M0243,Peak,2025-01-15,1589.02,58741.13
R00199,M0117,OffPeak,2025-06-28,3126.15,75145.26
R00200,M0075,Peak,2025-10-23,3990.02,57602.94
R00201,M0202,Peak,2026-07-14,993.97,38564.44
R00202,M0160,Normal,2025-08-21,773.25,52531.61
R00203,M0219,Peak,2026-05-30,2456.39,16059.38
R00204,M0211,OffPeak,2025-05-16,183.18,61911.44
R00205,M0075,OffPeak,2025-09-14,972.71,74015.28
R00206,M0112,Normal,2026-08-30,3375.61,43497.41
R00207,M0065,Peak,2026-08-17,3267.62,10137.94
R00208,M0007,Normal,2025-02-02,1794.34,20060.98
R00209,M0162,Peak,2026-07-22,2171.93,21325.89
R00210,M0242,Peak,2025-12-14,1116.02,35303.73
R00211,M0038,OffPeak,2026-08-06,2258.79,30486.08
R00212,M0144,Peak,2025-06-24,989.64,78430.1
R00213,M0048,Normal,2026-05-25,77.19,6346.67
R00214,M0224,OffPeak,2026-07-09,2254.75,70851.32
R00215,M0119,Normal,2025-08-11,4223.67,51507.2
R00216,M0067,OffPeak,2025-05-31,1553.27,43091.15
R00217,M0088,Peak,2026-03-27,4866.22,71393.73
R00218,M0232,Normal,2026-05-04,2474.0,76234.3
R00219,M0081,Normal,2025-10-26,3924.83,54158.0
R00220,M0285,OffPeak,2026-03-15,1022.85,13471.74
R00221,M0084,Peak,2026-01-11,1097.5,23750.9
R00222,M0020,OffPeak,2026-02-25,4739.99,75344.95
R00223,M0115,Normal,2026-03-02,2342.52,50789.43
R00224,M0079,Normal,2025-05-20,4146.28,37158.45
R00225,M0237,Normal,2025-07-26,3842.29,15546.28
R00226,M0002,Peak,2026-05-05,2557.37,55745.82
R00227,M0163,Peak,2025-08-15,2112.74,51186.22
R00228,M0101,Peak,2026-06-12,150.18,65618.58
R00229,M0197,OffPeak,2025-04-26,2528.91,53779.62
R00230,M0235,Peak,2026-08-12,2216.18,58183.3
R00231,M0215,OffPeak,2026-03-16,4012.08,42614.69
R00232,M0125,OffPeak,2025-08-21,4473.08,26949.62
R00233,M0293,OffPeak,2026-01-26,614.15,26546.94
R00234,M0166,OffPeak,2025-07-07,973.81,62597.39
R00235,M0103,Peak,2026-05-19,324.58,9213.07
R00236,M0074,OffPeak,2026-07-23,2275.19,17756.86
R00237,M0279,OffPeak,2026-03-23,2773.62,64972.53
R00238,M0136,OffPeak,2025-07-18,2287.81,58703.99
R00239,M0146,Normal,2025-08-16,4721.21,52237.38
R00240,M0079,Normal,2026-09-03,3717.37,19908.9
R00241,M0148,Peak,2026-04-22,3536.76,73476.15
R00242,M0292,OffPeak,2026-09-29,3948.71,76879.33
R00243,M0186,Normal,2025-06-09,4934.79,42715.19
R00244,M0077,OffPeak,2025-01-12,220.52,4467.73
R00245,M0098,Peak,2026-04-05,190.69,15618.12
R00246,M0107,Peak,2025-02-07,797.29,9818.02
R00247,M0038,OffPeak,2026-08-18,2347.07,39641.54
R00248,M0009,Peak,2025-03-26,4047.98,59850.81
R00249,M0205,Normal,2025-01-13,1152.9,22488.96
R00250,M0256,Peak,2025-01-31,1502.89,12269.45
R00251,M0273,Peak,2026-03-22,803.49,30763.17
R00252,M0189,Normal,2026-04-27,3293.86,24180.65
R00253,M0096,Peak,2025-02-16,509.3,10617.02
R00254,M0026,OffPeak,2026-08-29,934.92,24860.0
R00255,M0006,Normal,2025-05-31,1889.19,33348.03
R00256,M0189,Normal,2025-10-16,768.6,17196.88
R00257,M0297,OffPeak,2025-06-05,1980.05,54330.41
R00258,M0072,OffPeak,2025-12-30,4650.16,30327.44
R00259,M0042,Normal,2025-05-22,643.74,24831.19
R00260,M0108,Normal,2025-08-02,3987.18,61632.25
R00261,M0224,OffPeak,2026-07-01,165.55,71981.33
R00262,M0191,OffPeak,2025-06-26,4306.09,9181.73
R00263,M0105,Normal,2026-01-06,1714.98,62401.05
R00264,M0288,Peak,2025-02-07,783.26,51116.9
R00265,M0251,Normal,2026-04-11,2667.41,56044.36
R00266,M0145,Peak,2025-01-25,2976.47,66071.6
R00267,M0078,Peak,2026-01-18,2164.58,26413.81
R00268,M0227,Normal,2026-09-25,1982.11,78894.01
R00269,M0250,Peak,2025-02-23,4898.24,28162.86
R00270,M0225,Normal,2025-10-28,3095.58,42728.84
R00271,M0217,Peak,2025-09-06,3260.2,63427.02
R00272,M0110,Normal,2025-04-10,4847.05,77890.99
R00273,M0157,Peak,2026-08-10,4978.44,39908.43
R00274,M0171,Peak,2026-07-17,3288.45,12303.87
R00275,M0044,Peak,2026-01-13,1553.26,63994.24
R00276,M0055,OffPeak,2026-07-18,2557.3,57211.0
R00277,M0163,OffPeak,2025-12-25,681.67,73004.99
R00278,M0028,Normal,2025-02-06,718.3,36568.66
R00279,M0238,OffPeak,2025-01-21,3611.97,17099.72
R00280,M0210,Peak,2025-02-03,501.96,18716.99
R00281,M0082,Peak,2025-07-18,1323.75,2313.92
R00282,M0128,OffPeak,2026-01-02,1129.25,13374.06
R00283,M0244,OffPeak,2026-04-26,2148.88,18068.3
R00284,M0113,Normal,2025-07-22,264.27,38155.42
R00285,M0157,Peak,2026-04-26,1164.96,38082.33
R00286,M0197,OffPeak,2026-07-18,3325.08,74962.77
R00287,M0114,Normal,2026-06-07,3468.39,39233.94
R00288,M0244,OffPeak,2026-07-21,825.86,1331.49
R00289,M0053,OffPeak,2026-09-12,2948.5,48110.55
R00290,M0067,OffPeak,2025-12-20,4019.48,51652.62
R00291,M0062,OffPeak,2026-06-03,4763.0,55642.15
R00292,M0048,Normal,2026-03-06,2986.03,45707.15
R00293,M0053,Peak,2026-03-01,4012.11,62836.17
R00294,M0171,OffPeak,2025-02-26,1742.69,31143.49
R00295,M0059,OffPeak,2025-03-29,747.59,15233.16
R00296,M0210,Normal,2026-06-09,4905.22,33303.44
R00297,M0278,Peak,2026-02-14,3891.09,74771.93
R00298,M0161,Normal,2025-07-12,4556.17,13661.79
R00299,M0024,Normal,2025-07-14,634.41,5160.27
R00300,M0294,OffPeak,2026-01-17,1882.97,33818.57
R00301,M0008,OffPeak,2025-12-02,200.71,74839.63
R00302,M0094,Normal,2025-08-21,3460.77,55158.14
R00303,M0002,Peak,2025-09-08,3967.37,25918.36
R00304,M0033,Peak,2026-02-11,3171.68,78091.68
R00305,M0093,Normal,2025-12-09,4281.28,51382.06
R00306,M0169,OffPeak,2025-01-19,3592.9,72898.46
R00307,M0296,Peak,2026-04-03,4665.25,78962.29
R00308,M0224,Normal,2025-11-29,1769.25,13410.71
R00309,M0276,Peak,2025-01-23,2726.36,69858.09
R00310,M0067,Normal,2026-07-14,949.35,58321.14
R00311,M0067,Normal,2025-10-15,4194.85,41883.42
R00312,M0123,Peak,2026-01-20,1690.03,66971.05
R00313,M0020,Normal,2025-09-20,1774.76,69686.98
R00314,M0064,OffPeak,2025-02-25,2343.42,38214.78
R00315,M0241,Normal,2025-09-14,839.16,4812.54
R00316,M0174,Peak,2026-09-18,1725.21,50315.7
R00317,M0108,Normal,2025-05-22,234.23,17380.84
R00318,M0150,Normal,2025-04-14,2557.18,57232.61
R00319,M0234,OffPeak,2025-02-12,4389.31,23506.82
R00320,M0146,Normal,2025-04-13,3504.67,66287.3
R00321,M0290,Normal,2025-12-29,4603.23,19556.47
R00322,M0200,OffPeak,2025-04-29,4611.63,68190.0
R00323,M0228,Normal,2025-09-01,2612.98,51680.95
R00324,M0184,OffPeak,2025-08-25,1806.19,30579.13
R00325,M0225,OffPeak,2025-08-14,3765.56,17640.82
R00326,M0086,Normal,2026-08-30,2499.27,2147.4
R00327,M0249,OffPeak,2026-03-17,961.4,3526.4
R00328,M0052,Normal,2026-07-15,2455.29,78727.49
R00329,M0270,Normal,2025-09-19,4045.65,4011.97
R00330,M0172,Peak,2026-03-06,1052.11,43281.98
R00331,M0176,Normal,2025-06-08,4039.51,43266.7
R00332,M0149,OffPeak,2026-01-21,1475.22,16053.67
R00333,M0280,Normal,2025-11-01,69.04,18592.07
R00334,M0082,OffPeak,2026-07-14,217.33,52299.98
R00335,M0133,Normal,2026-07-07,1845.86,18271.87
R00336,M0105,Normal,2026-02-28,2527.34,40767.74
R00337,M0013,Peak,2026-01-21,4346.89,70529.57
R00338,M0245,OffPeak,2025-05-03,242.74,53259.21
R00339,M0222,Normal,2026-02-09,871.05,79580.16
R00340,M0194,Normal,2025-08-16,4467.67,43913.53
R00341,M0085,Normal,2025-02-14,2816.02,60840.25
R00342,M0227,Peak,2025-06-20,4506.55,14732.2
R00343,M0223,Peak,2025-10-16,1672.49,72849.05
R00344,M0001,OffPeak,2026-07-11,2837.31,32523.2
R00345,M0187,Normal,2026-06-10,4426.8,1147.81
R00346,M0201,OffPeak,2026-02-13,4065.06,4500.33
R00347,M0189,Peak,2025-05-28,77.31,1885.13
R00348,M0180,Normal,2025-01-13,3293.41,27759.53
R00349,M0258,Normal,2026-02-20,417.52,78080.46
R00350,M0273,Peak,2025-01-23,4536.59,7852.43
R00351,M0272,Peak,2026-03-02,4986.45,68189.88
R00352,M0282,Peak,2026-02-05,1473.23,32202.02
R00353,M0018,OffPeak,2025-02-03,938.25,41868.11
R00354,M0105,OffPeak,2025-01-31,3349.33,35498.13
R00355,M0238,Normal,2025-07-25,2281.71,54557.82
R00356,M0290,Peak,2025-09-14,3169.29,78455.27
R00357,M0283,Peak,2025-09-24,4311.61,52515.83
R00358,M0027,Peak,2026-03-03,4572.19,34092.78
R00359,M0277,Peak,2025-08-08,2055.92,7000.27
R00360,M0173,Normal,2026-06-30,3789.1,75897.04
R00361,M0151,Normal,2025-10-03,1303.19,56751.21
R00362,M0186,OffPeak,2025-01-17,1853.16,51927.15
R00363,M0257,OffPeak,2025-07-09,3310.81,26103.45
R00364,M0153,Normal,2026-07-06,935.15,67285.42
R00365,M0172,Peak,2026-06-24,446.9,44663.84
R00366,M0098,OffPeak,2025-06-03,349.78,32977.06
R00367,M0015,Normal,2025-06-06,4481.87,27312.26
R00368,M0069,Peak,2026-03-13,2755.69,74851.09
R00369,M0181,OffPeak,2025-05-14,2999.59,63845.49
R00370,M0104,OffPeak,2026-04-14,4076.83,1896.55
R00371,M0279,Normal,2025-07-23,4335.89,69090.41
R00372,M0285,Normal,2025-05-14,267.61,62789.59
R00373,M0175,Peak,2026-05-12,3133.15,54588.97
R00374,M0120,OffPeak,2026-07-03,4744.85,25805.45
R00375,M0175,Peak,2025-02-16,2094.07,26844.38
R00376,M0067,OffPeak,2025-11-30,2957.38,23542.62
R00377,M0297,OffPeak,2026-06-10,327.49,74063.25
R00378,M0050,Peak,2025-08-11,2424.16,79692.17
R00379,M0211,OffPeak,2025-12-09,705.89,43891.18
R00380,M0035,Peak,2025-07-06,2568.68,6966.6
R00381,M0275,OffPeak,2026-07-19,2838.63,30362.16
R00382,M0135,OffPeak,2026-06-26,4468.51,45210.95
R00383,M0261,Peak,2026-01-07,2687.22,57610.95
R00384,M0015,OffPeak,2025-06-22,3736.27,12968.52
R00385,M0243,OffPeak,2025-05-30,3638.04,42494.87
R00386,M0194,OffPeak,2026-01-31,3264.75,44797.33
R00387,M0143,OffPeak,2025-04-15,3781.48,60909.22
R00388,M0095,Normal,2025-05-01,884.63,60295.03
R00389,M0241,OffPeak,2026-08-19,4037.75,39194.4
R00390,M0010,OffPeak,2026-09-04,4643.15,30931.49
R00391,M0054,Peak,2025-07-21,2382.11,23589.64
R00392,M0099,OffPeak,2026-01-23,915.24,1773.76
R00393,M0132,Normal,2025-07-08,3975.26,60545.16
R00394,M0190,Peak,2025-04-28,2750.47,37918.43
R00395,M0217,Normal,2025-08-24,4147.39,10510.83
R00396,M0149,Normal,2025-12-06,1869.68,28712.86
R00397,M0285,Peak,2025-02-04,4168.6,77757.08
R00398,M0166,Normal,2025-11-24,1244.53,69128.23
R00399,M0297,Normal,2026-02-27,545.69,45530.15
R00400,M0015,OffPeak,2026-05-12,3257.07,8635.05
R00401,M0232,OffPeak,2025-02-04,4231.87,64309.74
R00402,M0154,OffPeak,2025-09-13,804.58,27828.22
R00403,M0013,Peak,2025-06-25,1824.08,42527.82
R00404,M0195,Peak,2025-08-28,2231.97,29777.46
R00405,M0210,OffPeak,2026-07-08,4282.14,8155.56
R00406,M0072,OffPeak,2025-12-12,2402.74,66000.99
R00407,M0119,Peak,2025-06-17,1919.98,46179.74
R00408,M0036,Peak,2026-09-13,3807.98,36081.92
R00409,M0010,OffPeak,2025-06-10,1553.14,16132.5
R00410,M0039,Normal,2026-05-16,2669.27,20554.83
R00411,M0144,Peak,2025-03-29,1416.42,16340.2
R00412,M0026,Normal,2025-07-31,957.83,67170.17
R00413,M0181,OffPeak,2025-02-26,2175.41,76288.45
R00414,M0003,Normal,2026-01-26,411.54,1498.97
R00415,M0246,Normal,2026-03-29,2514.73,4416.28
R00416,M0017,Peak,2025-03-14,3368.55,3657.11
R00417,M0104,Normal,2026-05-07,1845.79,17827.07
R00418,M0212,Peak,2025-10-08,2976.67,56388.32
R00419,M0223,OffPeak,2026-04-29,1581.62,39697.37
R00420,M0292,OffPeak,2026-05-18,4407.96,77427.86
R00421,M0179,Normal,2025-12-30,2790.0,46512.07
R00422,M0147,Normal,2026-05-21,4993.24,69197.02
R00423,M0084,Normal,2026-08-05,1870.61,68905.97
R00424,M0075,Peak,2025-01-15,3022.98,70743.85
R00425,M0182,Peak,2025-07-01,4188.23,1365.96
R00426,M0152,OffPeak,2025-10-18,2361.86,77193.47
R00427,M0037,Peak,2025-03-24,4647.4,5699.21
R00428,M0021,Peak,2025-09-06,1926.0,1986.65
R00429,M0010,Peak,2025-10-17,4894.56,51843.85
R00430,M0003,OffPeak,2025-09-11,3083.43,63421.05
R00431,M0012,OffPeak,2025-12-23,2883.88,539.83
R00432,M0098,Normal,2025-05-07,2645.03,68686.94
R00433,M0269,OffPeak,2026-05-05,3355.26,59856.93
R00434,M0170,Peak,2026-04-06,289.67,36634.45
R00435,M0038,Peak,2025-06-24,2955.75,26430.96
R00436,M0141,Normal,2026-06-12,1964.66,38950.51
R00437,M0109,OffPeak,2025-02-19,1254.51,44463.02
R00438,M0103,Peak,2025-10-22,1357.38,31553.82
R00439,M0274,OffPeak,2025-04-16,2578.04,73659.72
R00440,M0179,Normal,2026-02-20,3447.33,68203.28
R00441,M0076,OffPeak,2025-05-10,3041.24,25388.82
R00442,M0069,Peak,2026-09-07,2873.8,73193.78
R00443,M0128,OffPeak,2025-03-14,3065.71,16627.14
R00444,M0111,Normal,2025-05-18,3632.5,50991.21
R00445,M0255,OffPeak,2026-09-11,4154.91,38920.55
R00446,M0104,OffPeak,2025-09-03,3713.58,2269.58
R00447,M0084,OffPeak,2025-09-13,1752.92,791.52
R00448,M0231,OffPeak,2025-03-18,208.54,54146.88
R00449,M0277,OffPeak,2025-02-14,2509.95,13046.51
R00450,M0279,Peak,2025-06-07,1906.98,4842.11
R00451,M0081,OffPeak,2025-09-04,3623.12,36987.91
R00452,M0153,Normal,2025-01-11,1015.55,76806.18
R00453,M0223,Peak,2025-12-31,4192.54,35974.33
R00454,M0031,Peak,2025-05-24,4297.67,21770.11
R00455,M0028,Peak,2026-06-21,4925.1,47982.03
R00456,M0248,Peak,2025-07-14,1509.86,46543.4
R00457,M0055,OffPeak,2025-10-21,2482.23,48206.3
R00458,M0127,Peak,2026-01-14,3758.67,39722.6
R00459,M0252,OffPeak,2025-04-07,4801.88,76873.58
R00460,M0238,OffPeak,2026-03-30,1812.9,73689.83
R00461,M0252,OffPeak,2025-05-30,883.47,28381.62
R00462,M0112,Normal,2026-06-20,1959.95,17477.16
R00463,M0183,Normal,2025-10-11,3921.27,51254.47
R00464,M0172,Normal,2026-03-02,4905.63,15833.28
R00465,M0098,Normal,2025-03-11,2432.01,9147.23
R00466,M0168,OffPeak,2025-09-21,3290.68,68705.43
R00467,M0075,Normal,2025-12-06,2838.84,30633.61
R00468,M0252,Normal,2026-08-06,4449.2,15228.78
R00469,M0170,Peak,2025-04-27,3365.03,28144.34
R00470,M0266,OffPeak,2026-04-23,3365.99,74538.24
R00471,M0154,Normal,2026-02-20,1179.38,78506.69
R00472,M0291,OffPeak,2025-05-18,4081.38,20608.55
R00473,M0013,Normal,2026-01-19,1758.02,9073.63
R00474,M0294,Peak,2026-06-12,4753.29,5373.03
R00475,M0173,Normal,2025-11-06,2262.94,58285.0
R00476,M0296,Peak,2026-08-27,3089.42,62358.11
R00477,M0137,Peak,2026-05-28,3333.2,33265.51
R00478,M0046,Normal,2025-05-15,3273.13,24009.97
R00479,M0024,OffPeak,2025-05-16,4299.58,7613.34
R00480,M0038,Normal,2026-02-10,844.07,26818.2
R00481,M0081,Peak,2026-05-28,210.88,74380.46
R00482,M0026,OffPeak,2025-06-10,4479.19,23864.33
R00483,M0177,OffPeak,2025-08-12,3266.83,14158.37
R00484,M0280,OffPeak,2025-06-03,516.76,41701.87
R00485,M0098,Peak,2025-11-17,4550.74,23814.79
R00486,M0129,OffPeak,2026-06-10,3197.19,26660.58
R00487,M0168,Normal,2026-08-09,2435.41,65987.93
R00488,M0020,Peak,2025-02-17,3685.27,8246.15
R00489,M0020,Peak,2025-05-07,3529.26,66070.65
R00490,M0229,Normal,2025-08-02,1959.93,1708.46
R00491,M0108,Normal,2025-02-09,3067.02,17500.69
R00492,M0070,OffPeak,2025-05-12,4604.55,4866.0
R00493,M0246,OffPeak,2026-09-07,4459.02,77366.7
R00494,M0137,Normal,2025-01-28,3457.94,54203.87
R00495,M0189,Peak,2026-04-25,3198.81,31022.13
R00496,M0117,Peak,2025-05-15,1823.71,28792.36
R00497,M0199,OffPeak,2025-08-16,4020.58,28836.13
R00498,M0162,Normal,2025-09-28,961.85,33333.43
R00499,M0104,Peak,2026-05-15,72.68,10160.0
R00500,M0044,OffPeak,2025-11-15,2022.75,38405.83
