meter_id,customer_name,city,customer_type
M0001,Karan,Jaipur,Industrial
M0002,Karan,Pune,Commercial
M0003,Riya,Patna,Commercial
M0004,Neha,Jaipur,Residential
M0005,Pooja,Mumbai,Residential
M0006,Neha,Pune,Industrial
M0007,Amit,Jaipur,Commercial
M0008,Neha,Patna,Residential
M0009,Pooja,Delhi,Commercial
M0010,Neha,Jaipur,Residential
M0011,Neha,Patna,Commercial
M0012,Neha,Delhi,Industrial
M0013,Pooja,Pune,Commercial
M0014,Karan,Jaipur,Commercial
M0015,Karan,Jaipur,Residential
M0016,Riya,Mumbai,Industrial
M0017,Neha,Delhi,Residential
M0018,Karan,Pune,Residential
M0019,Amit,Jaipur,Commercial
M0020,Neha,Patna,Residential
M0021,Amit,Jaipur,Industrial
M0022,Karan,Mumbai,Residential
M0023,Pooja,Patna,Industrial
M0024,Karan,Patna,Commercial
M0025,Riya,Mumbai,Residential
M0026,Neha,Patna,Industrial
M0027,Riya,Mumbai,Commercial
M0028,Neha,Jaipur,Commercial
M0029,Karan,Jaipur,Residential
M0030,Neha,Delhi,Commercial
M0031,Neha,Jaipur,Commercial
M0032,Pooja,Jaipur,Commercial
M0033,Neha,Pune,Residential
M0034,Karan,Delhi,Commercial
M0035,Neha,Patna,Commercial
M0036,Pooja,Delhi,Residential
M0037,Neha,Delhi,Residential
M0038,Karan,Mumbai,Residential
M0039,Pooja,Mumbai,Residential
M0040,Pooja,Delhi,Industrial
M0041,Karan,Jaipur,Industrial
M0042,Riya,Patna,Commercial
M0043,Pooja,Pune,Residential
M0044,Amit,Pune,Commercial
M0045,Amit,Jaipur,Commercial
M0046,Riya,Jaipur,Industrial
M0047,Amit,Patna,Commercial
M0048,Karan,Jaipur,Commercial
M0049,Karan,Pune,Residential
M0050,Riya,Patna,Industrial
M0051,Neha,Delhi,Commercial
M0052,Pooja,Pune,Residential
M0053,Neha,Mumbai,Commercial
M0054,Pooja,Delhi,Residential
M0055,Amit,Delhi,Residential
M0056,Karan,Delhi,Commercial
M0057,Amit,Mumbai,Industrial
M0058,Neha,Patna,Commercial
M0059,Neha,Mumbai,Industrial
M0060,Neha,Pune,Commercial
M0061,Karan,Mumbai,Industrial
M0062,Riya,Mumbai,Commercial
M0063,Neha,Pune,Commercial
M0064,Riya,Mumbai,Industrial
M0065,Neha,Delhi,Commercial
M0066,Amit,Delhi,Commercial
M0067,Neha,Jaipur,Industrial
M0068,Karan,Pune,Commercial
M0069,Karan,Delhi,Commercial
M0070,Karan,Jaipur,Industrial
M0071,Amit,Patna,Industrial
M0072,Amit,Patna,Industrial
M0073,Pooja,Jaipur,Residential
M0074,Karan,Patna,Commercial
M0075,Pooja,Mumbai,Commercial
M0076,Riya,Mumbai,Commercial
M0077,Amit,Jaipur,Residential
M0078,Karan,Jaipur,Residential
M0079,Riya,Jaipur,Residential
M0080,Pooja,Pune,Commercial
M0081,Amit,Delhi,Commercial
M0082,Amit,Delhi,Industrial
M0083,Amit,Mumbai,Residential
M0084,Riya,Mumbai,Industrial
M0085,Neha,Mumbai,Residential
M0086,Amit,Patna,Commercial
M0087,Riya,Jaipur,Industrial
M0088,Amit,Mumbai,Commercial
M0089,Riya,Mumbai,Residential
M0090,Riya,Patna,Commercial
M0091,Neha,Patna,Industrial
M0092,Riya,Pune,Commercial
M0093,Riya,Patna,Commercial
M0094,Amit,Pune,Commercial
M0095,Riya,Patna,Commercial
M0096,Neha,Patna,Residential
M0097,Riya,Pune,Residential
M0098,Neha,Jaipur,Residential
M0099,Neha,Delhi,Residential
M0100,Karan,Jaipur,Residential
M0101,Pooja,Delhi,Residential
M0102,Neha,Mumbai,Residential
M0103,Amit,Jaipur,Commercial
M0104,Amit,Delhi,Industrial
M0105,Pooja,Patna,Commercial
M0106,Riya,Pune,Commercial
M0107,Karan,Pune,Industrial
M0108,Neha,Mumbai,Industrial
M0109,Amit,Patna,Residential
M0110,Karan,Patna,Commercial
M0111,Pooja,Delhi,Residential
M0112,Riya,Mumbai,Commercial
M0113,Neha,Pune,Industrial
M0114,Riya,Jaipur,Commercial
M0115,Neha,Pune,Industrial
M0116,Pooja,Delhi,Commercial
M0117,Karan,Pune,Residential
M0118,Pooja,Mumbai,Residential
M0119,Riya,Delhi,Industrial
M0120,Amit,Delhi,Residential
M0121,Neha,Patna,Residential
M0122,Riya,Mumbai,Industrial
M0123,Amit,Jaipur,Residential
M0124,Karan,Patna,Residential
M0125,Amit,Delhi,Commercial
M0126,Karan,Pune,Commercial
M0127,Karan,Pune,Commercial
M0128,Neha,Patna,Industrial
M0129,Pooja,Jaipur,Industrial
M0130,Neha,Mumbai,Commercial
M0131,Pooja,Jaipur,Residential
M0132,Amit,Jaipur,Industrial
M0133,Neha,Pune,Industrial
M0134,Amit,Pune,Commercial
M0135,Amit,Jaipur,Commercial
M0136,Riya,Pune,Commercial
M0137,Amit,Delhi,Residential
M0138,Neha,Jaipur,Commercial
M0139,Karan,Mumbai,Commercial
M0140,Neha,Jaipur,Residential
M0141,Neha,Jaipur,Commercial
M0142,Pooja,Jaipur,Residential
M0143,Amit,Patna,Industrial
M0144,Riya,Delhi,Industrial
M0145,Riya,Mumbai,Commercial
M0146,Pooja,Delhi,Commercial
M0147,Neha,Delhi,Commercial
M0148,Riya,Delhi,Commercial
M0149,Neha,Delhi,Residential
M0150,Karan,Delhi,Industrial
M0151,Neha,Jaipur,Industrial
M0152,Pooja,Jaipur,Residential
M0153,Karan,Patna,Residential
M0154,Amit,Delhi,Residential
M0155,Pooja,Pune,Industrial
M0156,Pooja,Patna,Residential
M0157,Karan,Jaipur,Commercial
M0158,Amit,Delhi,Residential
M0159,Riya,Delhi,Residential
M0160,Karan,Pune,Commercial
M0161,Amit,Pune,Industrial
M0162,Karan,Jaipur,Residential
M0163,Karan,Jaipur,Industrial
M0164,Neha,Delhi,Industrial
M0165,Pooja,Delhi,Industrial
M0166,Amit,Patna,Residential
M0167,Neha,Pune,Residential
M0168,Neha,Mumbai,Industrial
M0169,Neha,Mumbai,Industrial
M0170,Amit,Patna,Commercial
M0171,Amit,Patna,Industrial
M0172,Amit,Jaipur,Commercial
M0173,Neha,Delhi,Commercial
M0174,Amit,Delhi,Residential
M0175,Karan,Pune,Residential
M0176,Riya,Patna,Residential
M0177,Riya,Pune,Industrial
M0178,Karan,Pune,Residential
M0179,Karan,Mumbai,Residential
M0180,Karan,Jaipur,Commercial
M0181,Karan,Delhi,Residential
M0182,Amit,Delhi,Commercial
M0183,Riya,Jaipur,Commercial
M0184,Riya,Jaipur,Residential
M0185,Neha,Delhi,Industrial
M0186,Neha,Pune,Commercial
M0187,Karan,Pune,Residential
M0188,Pooja,Patna,Industrial
M0189,Pooja,Jaipur,Commercial
M0190,Karan,Delhi,Commercial
M0191,Pooja,Pune,Residential
M0192,Neha,Delhi,Industrial
M0193,Neha,Patna,Commercial
M0194,Pooja,Pune,Residential
M0195,Neha,Delhi,Commercial
M0196,Pooja,Mumbai,Residential
M0197,Karan,Mumbai,Commercial
M0198,Pooja,Delhi,Residential
M0199,Pooja,Jaipur,Residential
M0200,Neha,Mumbai,Industrial
M0201,Karan,Delhi,Commercial
M0202,Pooja,Mumbai,Industrial
M0203,Karan,Pune,Industrial
M0204,Karan,Mumbai,Industrial
M0205,Pooja,Delhi,Residential
M0206,Riya,Patna,Residential
M0207,Riya,Patna,Residential
M0208,Amit,Jaipur,Residential
M0209,Neha,Jaipur,Commercial
M0210,Riya,Pune,Residential
M0211,Neha,Jaipur,Commercial
M0212,Pooja,Mumbai,Residential
M0213,Riya,Pune,Residential
M0214,Karan,Delhi,Commercial
M0215,Karan,Patna,Commercial
M0216,Karan,Delhi,Residential
M0217,Amit,Mumbai,Commercial
M0218,Riya,Pune,Commercial
M0219,Neha,Jaipur,Industrial
M0220,Riya,Patna,Commercial
M0221,Pooja,Mumbai,Commercial
M0222,Amit,Patna,Industrial
M0223,Karan,Mumbai,Commercial
M0224,Karan,Pune,Commercial
M0225,Pooja,Mumbai,Residential
M0226,Pooja,Pune,Industrial
M0227,Karan,Delhi,Residential
M0228,Karan,Delhi,Industrial
M0229,Pooja,Mumbai,Industrial
M0230,Riya,Pune,Residential
M0231,Riya,Jaipur,Industrial
M0232,Riya,Mumbai,Residential
M0233,Pooja,Jaipur,Residential
M0234,Amit,Pune,Commercial
M0235,Riya,Jaipur,Commercial
M0236,Riya,Pune,Industrial
M0237,Pooja,Delhi,Commercial
M0238,Amit,Patna,Commercial
M0239,Riya,Mumbai,Industrial
M0240,Neha,Mumbai,Industrial
M0241,Amit,Jaipur,Residential
M0242,Pooja,Pune,Commercial
M0243,Riya,Jaipur,Commercial
M0244,Neha,Jaipur,Industrial
M0245,Pooja,Patna,Residential
M0246,Riya,Pune,Industrial
M0247,Pooja,Delhi,Industrial
M0248,Neha,Delhi,Residential
M0249,Pooja,Mumbai,Residential
M0250,Pooja,Jaipur,Residential
M0251,Pooja,Pune,Commercial
M0252,Pooja,Mumbai,Commercial
M0253,Karan,Patna,Residential
M0254,Pooja,Delhi,Commercial
M0255,Riya,Delhi,Commercial
M0256,Amit,Patna,Commercial
M0257,Pooja,Patna,Residential
M0258,Neha,Patna,Commercial
M0259,Karan,Pune,Industrial
M0260,Amit,Pune,Residential
M0261,Karan,Jaipur,Residential
M0262,Pooja,Mumbai,Industrial
M0263,Neha,Pune,Commercial
M0264,Pooja,Delhi,Commercial
M0265,Karan,Jaipur,Industrial
M0266,Karan,Mumbai,Industrial
M0267,Amit,Pune,Residential
M0268,Pooja,Delhi,Commercial
M0269,Neha,Mumbai,Commercial
M0270,Neha,Pune,Commercial
M0271,Amit,Pune,Commercial
M0272,Amit,Pune,Industrial
M0273,Riya,Patna,Industrial
M0274,Riya,Delhi,Residential
M0275,Amit,Delhi,Commercial
M0276,Pooja,Mumbai,Industrial
M0277,Riya,Mumbai,Residential
M0278,Pooja,Mumbai,Commercial
M0279,Riya,Delhi,Industrial
M0280,Amit,Patna,Industrial
M0281,Pooja,Mumbai,Industrial
M0282,Amit,Jaipur,Industrial
M0283,Amit,Delhi,Commercial
M0284,Karan,Delhi,Residential
M0285,Pooja,Patna,Residential
M0286,Karan,Jaipur,Commercial
M0287,Amit,Mumbai,Commercial
M0288,Neha,Jaipur,Residential
M0289,Neha,Delhi,Industrial
M0290,Pooja,Patna,Industrial
M0291,Neha,Mumbai,Residential
M0292,Karan,Jaipur,Residential
M0293,Neha,Pune,Commercial
M0294,Neha,Patna,Residential
M0295,Amit,Jaipur,Industrial
M0296,Neha,Mumbai,Commercial
M0297,Riya,Jaipur,Industrial
M0298,Neha,Delhi,Residential
M0299,Riya,Delhi,Industrial
M0300,Amit,Mumbai,Commercial
