exam_id,student_id,subject,exam_date,marks,fee_paid
E00001,S0199,Python,2025-07-28,51.2,20724.57
E00002,S0001,Python,2025-11-23,61.7,45549.57
E00003,S0122,Spark,2025-03-05,97.2,98128.82
E00004,S0210,Python,2025-06-02,61.2,44253.28
E00005,S0248,Spark,2025-07-17,71.4,69369.13
E00006,S0193,Statistics,2026-09-07,22.4,64737.09
E00007,S0181,Statistics,2025-12-14,55.9,47697.71
E00008,S0142,Spark,2026-09-19,69.6,18176.47
E00009,S0115,SQL,2026-07-17,88.6,19071.83
E00010,S0299,SQL,2025-08-12,87.9,38611.54
E00011,S0032,Java,2025-06-02,26.2,93611.72
E00012,S0078,Java,2026-02-26,42.4,48816.11
E00013,S0049,Java,2025-12-23,24.9,61085.57
E00014,S0148,Python,2026-01-05,63.8,97197.42
E00015,S0260,Statistics,2026-01-08,91.9,40349.6
E00016,S0300,SQL,2025-04-07,63.7,99392.75
E00017,S0089,SQL,2026-08-13,35.9,79128.01
E00018,S0138,Java,2026-04-30,25.1,76982.34
E00019,S0046,Java,2026-04-02,72.7,81583.39
E00020,S0230,Python,2025-07-02,54.5,36281.08
E00021,S0076,Spark,2026-03-16,33.2,57056.09
E00022,S0173,SQL,2025-11-06,28.1,82938.25
E00023,S0295,SQL,2025-08-25,33.3,88981.49
E00024,S0036,Python,2026-09-24,98.9,75288.82
E00025,S0221,Spark,2026-05-05,37.3,32984.37
E00026,S0001,Python,2026-07-19,92.8,27840.65
E00027,S0225,Python,2025-03-10,22.5,94375.81
E00028,S0172,Python,2026-08-16,22.7,22644.56
E00029,S0250,Spark,2026-01-13,74.6,65496.84
E00030,S0081,Python,2025-03-05,45.7,71163.54
E00031,S0270,SQL,2026-05-15,76.4,86572.15
E00032,S0096,Spark,2025-10-16,77.0,14252.34
E00033,S0248,SQL,2026-02-02,83.6,78639.51
E00034,S0021,Python,2025-08-18,85.9,75119.2
E00035,S0113,SQL,2026-03-04,28.9,81343.7
E00036,S0125,Python,2025-12-13,35.0,95914.13
E00037,S0156,Python,2025-12-16,97.9,33785.93
E00038,S0064,Java,2026-04-06,74.1,44405.25
E00039,S0127,Spark,2026-06-23,51.5,61153.46
E00040,S0121,Python,2026-04-06,34.6,95761.59
E00041,S0262,Python,2025-01-23,86.2,87241.41
E00042,S0269,Java,2025-09-14,88.1,46049.05
E00043,S0007,SQL,2025-11-29,43.1,47385.51
E00044,S0103,Java,2025-12-10,34.5,13966.83
E00045,S0250,SQL,2025-08-17,24.4,91496.78
E00046,S0260,SQL,2025-08-06,49.7,46433.58
E00047,S0018,Java,2025-05-17,77.8,28305.33
E00048,S0007,SQL,2026-01-02,36.8,50463.02
E00049,S0139,SQL,2026-08-19,76.5,84593.53
E00050,S0291,Spark,2026-03-09,82.7,69478.2
E00051,S0294,Python,2025-10-25,60.8,85635.93
E00052,S0131,Statistics,2026-09-22,43.3,74318.79
E00053,S0179,Python,2025-07-05,80.4,68810.37
E00054,S0245,Statistics,2026-03-09,97.8,89519.77
E00055,S0181,Python,2025-04-07,74.2,57847.92
E00056,S0161,Java,2026-04-12,52.6,35513.97
E00057,S0220,Spark,2025-05-19,91.0,57925.23
E00058,S0214,Spark,2025-11-30,96.1,29363.03
E00059,S0211,SQL,2026-04-07,28.0,98156.98
E00060,S0223,Java,2025-03-24,96.8,63004.34
E00061,S0234,Python,2025-02-25,37.2,13293.67
E00062,S0125,Spark,2025-11-16,55.6,94271.32
E00063,S0003,Spark,2026-06-25,40.0,19462.46
E00064,S0051,Spark,2025-01-10,41.8,83365.33
E00065,S0277,Statistics,2025-06-19,88.7,27384.31
E00066,S0297,SQL,2026-06-10,52.0,26059.32
E00067,S0161,Spark,2025-08-03,68.1,44303.59
E00068,S0014,Statistics,2025-05-14,51.7,48172.67
E00069,S0112,Java,2025-07-18,96.4,68886.02
E00070,S0148,Statistics,2025-04-29,63.4,47047.55
E00071,S0192,Python,2025-06-29,43.2,81485.54
E00072,S0166,Spark,2026-07-23,32.6,92575.17
E00073,S0081,Java,2026-04-22,33.1,74183.34
E00074,S0042,Spark,2025-10-11,89.8,84437.59
E00075,S0175,Spark,2025-10-03,98.5,59585.92
E00076,S0163,SQL,2026-02-19,42.5,56625.04
E00077,S0155,Python,2025-10-25,83.0,69380.71
E00078,S0030,Spark,2025-02-10,57.6,22321.0
E00079,S0262,Spark,2025-06-17,83.3,33448.94
E00080,S0025,Java,2026-06-26,62.5,22660.04
E00081,S0147,Python,2026-01-17,91.9,28573.24
E00082,S0216,SQL,2026-03-02,29.2,67517.04
E00083,S0007,Python,2026-07-20,37.6,44289.69
E00084,S0115,Java,2026-06-10,53.8,64268.26
E00085,S0271,SQL,2026-01-21,74.0,96072.81
E00086,S0197,Python,2026-03-01,70.0,89424.29
E00087,S0120,Python,2026-02-03,30.0,29477.96
E00088,S0229,Spark,2026-06-16,72.9,40238.36
E00089,S0253,Statistics,2026-07-19,64.0,56046.68
E00090,S0003,Java,2025-07-17,59.8,66208.38
E00091,S0260,SQL,2026-02-06,91.3,81916.38
E00092,S0135,SQL,2025-04-24,55.7,52961.47
E00093,S0272,SQL,2025-11-21,50.4,40336.43
E00094,S0005,Python,2025-10-10,30.4,21832.78
E00095,S0296,Python,2026-06-01,61.4,48772.05
E00096,S0174,Python,2026-09-25,59.6,53770.65
E00097,S0300,Java,2025-01-23,94.2,92716.63
E00098,S0263,SQL,2026-03-22,89.0,67975.65
E00099,S0275,Statistics,2026-06-25,55.2,37372.94
E00100,S0188,Java,2025-08-21,43.0,61191.93
E00101,S0264,Python,2026-01-10,81.0,50671.58
E00102,S0156,SQL,2026-07-17,62.2,71560.8
E00103,S0081,SQL,2026-03-12,54.5,58974.12
E00104,S0134,Java,2026-07-14,25.6,92025.41
E00105,S0144,Python,2025-10-15,21.0,32413.95
E00106,S0098,Statistics,2025-06-06,72.9,32948.97
E00107,S0035,SQL,2025-08-20,75.6,86937.43
E00108,S0005,Spark,2025-03-30,90.9,75767.45
E00109,S0238,SQL,2025-08-16,21.0,37605.94
E00110,S0164,Spark,2026-09-22,70.1,81825.9
E00111,S0066,Spark,2026-07-26,63.9,72251.81
E00112,S0298,Python,2025-11-22,42.0,40326.24
E00113,S0256,Java,2025-07-10,57.5,17130.0
E00114,S0034,Statistics,2026-07-29,49.4,70633.63
E00115,S0196,Java,2026-06-07,94.0,48651.29
E00116,S0268,Spark,2026-04-08,41.5,48985.16
E00117,S0175,SQL,2026-04-05,58.5,78003.93
E00118,S0131,SQL,2026-01-26,71.3,57703.34
E00119,S0040,SQL,2026-03-27,54.0,98934.0
E00120,S0195,Java,2025-02-17,79.9,86322.6
E00121,S0191,SQL,2025-08-31,42.1,88968.06
E00122,S0123,SQL,2026-01-15,57.0,94422.63
E00123,S0058,SQL,2025-07-29,69.5,10469.83
E00124,S0103,SQL,2026-02-21,73.9,77658.62
E00125,S0011,Python,2026-04-07,45.1,41062.99
E00126,S0295,Java,2025-05-30,63.1,88698.52
E00127,S0045,SQL,2026-02-11,27.8,39449.26
E00128,S0137,SQL,2025-03-16,54.9,37140.45
E00129,S0246,Statistics,2025-09-17,95.3,42565.35
E00130,S0210,Statistics,2026-07-05,99.1,54308.41
E00131,S0165,SQL,2025-07-26,64.7,93222.8
E00132,S0180,Python,2025-12-07,23.5,20570.63
E00133,S0070,SQL,2025-02-07,89.9,53451.31
E00134,S0044,SQL,2025-04-15,29.8,39190.73
E00135,S0015,SQL,2025-05-25,60.9,97512.28
E00136,S0123,Java,2026-08-16,62.4,41438.09
E00137,S0109,Spark,2026-06-29,88.5,13322.81
E00138,S0027,Python,2026-04-19,79.1,44236.9
E00139,S0235,Statistics,2026-04-08,59.6,93048.13
E00140,S0223,SQL,2026-03-19,55.0,51729.21
E00141,S0228,SQL,2025-01-03,96.2,94564.14
E00142,S0121,Statistics,2026-07-24,33.9,32569.8
E00143,S0145,Python,2025-10-08,51.6,59122.88
E00144,S0049,Python,2025-10-29,21.0,11197.66
E00145,S0162,Java,2025-02-04,36.0,81041.89
E00146,S0173,Statistics,2026-08-26,40.5,92026.59
E00147,S0273,Python,2025-10-12,25.8,86181.99
E00148,S0133,SQL,2025-07-03,97.0,51868.5
E00149,S0268,Spark,2025-04-11,32.7,10745.75
E00150,S0201,SQL,2025-09-24,32.9,42232.02
E00151,S0130,Spark,2025-03-11,65.1,14021.07
E00152,S0217,Python,2025-11-30,94.0,77934.69
E00153,S0120,Java,2026-09-10,74.3,82486.79
E00154,S0082,Spark,2025-03-03,69.5,68807.34
E00155,S0101,Python,2025-10-15,21.4,38098.61
E00156,S0252,SQL,2026-09-15,68.4,80112.53
E00157,S0289,Java,2026-06-20,52.8,12247.85
E00158,S0138,SQL,2025-12-12,25.9,58292.74
E00159,S0229,Python,2025-08-28,93.5,94105.38
E00160,S0193,Statistics,2025-06-14,46.0,27750.96
E00161,S0266,Python,2025-03-14,48.4,75363.17
E00162,S0284,Java,2025-01-18,41.1,89390.28
E00163,S0175,Spark,2025-10-03,85.8,12086.86
E00164,S0171,SQL,2026-03-19,66.1,51894.14
E00165,S0202,Statistics,2025-06-30,41.6,36040.98
E00166,S0262,SQL,2025-06-11,94.8,68779.01
E00167,S0252,SQL,2025-03-30,64.4,38114.7
E00168,S0108,Spark,2025-06-07,33.9,64193.09
E00169,S0220,Java,2026-07-30,98.8,58505.54
E00170,S0168,SQL,2025-01-17,57.2,51680.41
E00171,S0123,Python,2026-04-01,95.1,95332.34
E00172,S0143,Python,2025-06-29,87.5,38982.33
E00173,S0223,Python,2025-04-14,90.1,95013.31
E00174,S0112,Java,2025-01-22,91.0,91187.44
E00175,S0192,SQL,2025-03-20,74.9,27017.21
E00176,S0158,Java,2025-07-20,84.9,68261.7
E00177,S0076,Python,2026-02-04,31.1,40407.68
E00178,S0120,Java,2025-11-30,97.0,21261.31
E00179,S0281,Python,2026-08-28,55.4,54519.17
E00180,S0230,Statistics,2026-08-29,28.4,16317.54
E00181,S0073,SQL,2026-02-10,95.5,51461.67
E00182,S0110,Spark,2026-08-29,38.5,31254.15
E00183,S0082,Statistics,2026-02-26,41.5,22363.01
E00184,S0159,Spark,2025-06-29,61.1,18195.08
E00185,S0013,Python,2026-02-01,50.2,26757.0
E00186,S0226,Java,2025-08-23,97.7,13312.92
E00187,S0059,Java,2025-12-04,96.0,30708.39
E00188,S0207,Python,2025-10-16,51.6,89383.31
E00189,S0055,SQL,2025-06-01,28.4,35659.73
E00190,S0176,Java,2026-06-03,37.5,99291.16
E00191,S0152,SQL,2026-02-13,33.1,75091.04
E00192,S0221,Python,2025-12-04,58.0,34502.14
E00193,S0065,Spark,2025-05-08,88.8,43491.8
E00194,S0276,Python,2025-05-20,96.9,83726.02
E00195,S0118,Statistics,2025-08-06,41.4,53744.94
E00196,S0079,Python,2025-12-26,87.1,48255.61
E00197,S0189,Python,2026-09-05,51.2,91834.4
E00198,S0008,Spark,2025-02-20,87.4,96138.02
E00199,S0132,Statistics,2025-03-23,22.4,30930.23
E00200,S0043,Python,2025-06-30,27.8,76425.04
E00201,S0037,Spark,2026-08-29,91.1,16969.71
E00202,S0036,Java,2026-05-30,58.2,37118.25
E00203,S0230,Statistics,2026-07-17,21.3,35178.62
E00204,S0120,Python,2025-03-31,93.0,92528.99
E00205,S0224,Java,2025-11-26,57.6,84090.33
E00206,S0058,Spark,2025-05-08,93.6,35324.91
E00207,S0159,Statistics,2025-09-21,32.6,50983.69
E00208,S0050,Spark,2026-06-29,36.4,12271.92
E00209,S0058,Java,2025-08-01,86.6,42096.36
E00210,S0153,Statistics,2025-10-17,43.2,86504.27
E00211,S0124,Python,2026-03-14,71.6,37756.43
E00212,S0084,Java,2026-03-28,91.3,54665.8
E00213,S0110,Python,2026-06-23,42.0,29042.71
E00214,S0197,Python,2026-06-30,41.4,49842.18
E00215,S0184,SQL,2026-08-02,52.5,97324.46
E00216,S0272,SQL,2025-10-05,25.9,38956.54
E00217,S0222,SQL,2025-01-07,49.9,72339.7
E00218,S0194,Python,2025-03-04,57.8,55823.03
E00219,S0043,SQL,2026-05-28,97.9,65680.1
E00220,S0239,Python,2026-05-07,21.2,32326.98
E00221,S0277,Python,2025-09-09,26.8,11404.84
E00222,S0016,SQL,2025-09-19,89.7,85857.18
E00223,S0082,Java,2026-05-03,77.4,44764.37
E00224,S0274,Java,2026-03-19,73.6,78780.82
E00225,S0099,Spark,2026-03-04,25.9,50953.1
E00226,S0203,Statistics,2025-10-07,49.7,91489.86
E00227,S0176,Java,2025-09-22,60.2,93916.03
E00228,S0028,Python,2026-04-12,77.7,11751.65
E00229,S0252,Spark,2025-02-01,42.6,24314.24
E00230,S0140,SQL,2025-06-15,26.5,99636.4
E00231,S0201,Python,2026-01-14,83.5,91929.89
E00232,S0153,Spark,2025-07-17,89.2,25064.91
E00233,S0195,Java,2025-05-22,31.3,82487.54
E00234,S0033,Statistics,2025-04-05,62.2,42330.5
E00235,S0121,SQL,2025-03-13,27.1,49051.41
E00236,S0074,Statistics,2026-04-01,79.3,41404.38
E00237,S0236,Spark,2026-09-27,70.4,89775.71
E00238,S0042,SQL,2025-06-30,85.3,80936.93
E00239,S0277,Spark,2025-11-26,74.4,63241.62
E00240,S0047,Statistics,2026-07-12,49.3,16969.8
E00241,S0114,Spark,2025-07-15,25.0,24668.65
E00242,S0273,Spark,2026-08-07,88.7,68855.41
E00243,S0236,Spark,2026-04-12,42.5,54453.45
E00244,S0120,Python,2025-10-11,34.8,75680.04
E00245,S0031,SQL,2025-09-09,38.2,18647.14
E00246,S0051,Java,2025-09-12,22.6,89502.09
E00247,S0103,SQL,2025-09-23,50.7,70287.01
E00248,S0158,Java,2025-02-17,91.1,79869.83
E00249,S0219,SQL,2025-10-17,22.9,28031.92
E00250,S0003,Python,2026-04-09,65.9,42912.23
E00251,S0025,Spark,2025-02-20,49.5,23175.04
E00252,S0183,SQL,2025-12-03,86.5,38728.65
E00253,S0277,Python,2025-09-22,72.8,13864.16
E00254,S0238,SQL,2025-01-21,56.7,91719.35
E00255,S0079,Statistics,2025-02-02,60.6,53116.24
E00256,S0239,Spark,2026-07-27,69.5,33163.29
E00257,S0187,SQL,2025-07-16,23.3,26933.54
E00258,S0087,Python,2026-03-08,41.9,16441.14
E00259,S0134,Java,2026-05-22,80.9,42942.86
E00260,S0250,Spark,2026-04-08,65.8,77840.11
E00261,S0179,Spark,2026-06-18,54.9,51038.81
E00262,S0255,Statistics,2026-07-09,68.6,23948.5
E00263,S0261,SQL,2026-03-29,68.4,11975.68
E00264,S0288,Statistics,2025-03-04,48.8,52092.61
E00265,S0286,SQL,2026-06-27,62.1,63566.82
E00266,S0286,Java,2025-12-29,41.5,79111.59
E00267,S0009,Spark,2025-04-04,60.5,23479.89
E00268,S0238,Java,2025-01-14,25.8,80947.72
E00269,S0193,Java,2025-05-30,66.6,20986.1
E00270,S0011,Java,2026-09-24,66.4,74160.82
E00271,S0190,Spark,2025-04-11,34.2,13718.11
E00272,S0116,Python,2025-03-27,51.0,62741.59
E00273,S0112,Python,2026-03-16,63.8,19682.44
E00274,S0292,Spark,2025-10-07,31.1,81826.33
E00275,S0109,Spark,2026-02-09,53.3,13070.22
E00276,S0171,SQL,2025-02-04,47.4,73138.49
E00277,S0228,Java,2026-02-14,23.1,12624.44
E00278,S0172,Java,2026-05-03,47.6,66912.73
E00279,S0210,Spark,2025-03-04,86.2,31242.59
E00280,S0103,Spark,2026-02-28,24.8,17464.57
E00281,S0096,Spark,2025-11-19,55.8,33753.59
E00282,S0091,Statistics,2025-08-15,92.9,74782.98
E00283,S0131,Java,2026-08-27,60.1,20365.32
E00284,S0097,Python,2025-03-05,67.1,65367.39
E00285,S0086,Java,2026-05-11,44.1,47285.69
E00286,S0146,Statistics,2026-07-03,62.3,28482.9
E00287,S0212,Java,2026-09-27,22.2,39148.48
E00288,S0030,SQL,2025-04-15,33.7,99546.56
E00289,S0188,SQL,2025-01-23,96.1,88866.02
E00290,S0043,Spark,2026-09-05,61.3,38562.4
E00291,S0150,Spark,2025-06-21,32.6,21761.92
E00292,S0283,Python,2025-10-30,26.9,90700.41
E00293,S0103,Spark,2026-01-13,71.4,52019.17
E00294,S0039,Statistics,2026-08-02,82.3,68720.57
E00295,S0237,Java,2025-08-01,91.1,80787.89
E00296,S0271,Statistics,2026-02-15,67.9,55622.64
E00297,S0245,SQL,2025-04-11,90.3,56688.72
E00298,S0120,Spark,2025-09-03,55.3,11098.0
E00299,S0261,Statistics,2026-08-03,72.6,44583.01
E00300,S0137,Python,2025-07-28,20.5,86727.49
E00301,S0097,Statistics,2025-01-30,66.2,97870.87
E00302,S0092,Spark,2025-03-29,83.8,37269.18
E00303,S0105,Java,2025-01-23,55.6,63152.42
E00304,S0225,Spark,2025-05-19,46.5,25406.13
E00305,S0215,SQL,2026-03-14,64.5,35128.92
E00306,S0043,Spark,2026-04-15,78.4,58185.14
E00307,S0282,Spark,2026-04-18,96.1,57771.7
E00308,S0156,Java,2025-12-21,41.9,85472.25
E00309,S0274,Spark,2026-09-04,35.8,93916.55
E00310,S0141,Statistics,2025-07-16,98.8,16180.07
E00311,S0199,Java,2026-07-05,22.4,26436.96
E00312,S0130,Spark,2025-02-17,53.6,40100.77
E00313,S0097,Statistics,2025-03-25,45.0,90243.67
E00314,S0219,Python,2025-03-04,64.3,42320.31
E00315,S0175,Java,2025-03-19,64.4,32939.23
E00316,S0021,SQL,2025-09-15,54.7,35973.4
E00317,S0016,Statistics,2025-10-21,65.4,30514.4
E00318,S0263,Python,2025-08-04,80.7,31188.09
E00319,S0211,Java,2025-07-09,75.7,48870.82
E00320,S0059,Spark,2025-02-28,55.6,16672.8
E00321,S0169,Statistics,2025-09-30,33.5,76300.05
E00322,S0001,Spark,2026-06-06,32.7,80330.41
E00323,S0228,Python,2025-01-20,68.2,70928.46
E00324,S0187,Java,2025-11-06,22.7,15393.68
E00325,S0270,Python,2025-08-10,97.9,44184.74
E00326,S0110,SQL,2026-09-26,25.2,59996.73
E00327,S0045,Java,2026-09-19,97.8,49064.37
E00328,S0240,Java,2025-05-10,41.8,56198.81
E00329,S0174,Spark,2025-11-30,27.9,49674.87
E00330,S0123,Python,2026-05-24,35.7,97111.81
E00331,S0011,Statistics,2025-03-11,21.3,15745.65
E00332,S0103,Python,2025-12-24,61.1,46291.63
E00333,S0164,Java,2025-10-31,93.6,35689.16
E00334,S0188,Statistics,2025-06-20,47.6,94987.66
E00335,S0032,Spark,2025-10-12,35.4,38913.8
E00336,S0005,Statistics,2025-03-11,96.4,68002.91
E00337,S0129,Spark,2025-07-10,99.5,26748.47
E00338,S0244,SQL,2026-04-13,67.5,88611.81
E00339,S0071,Spark,2026-03-17,50.7,12851.13
E00340,S0023,Java,2026-02-25,72.7,91305.66
E00341,S0251,SQL,2025-04-07,77.4,88666.27
E00342,S0240,Spark,2026-03-06,20.7,72910.26
E00343,S0016,Java,2025-02-17,50.2,81549.09
E00344,S0027,SQL,2026-01-27,64.6,24542.68
E00345,S0141,Statistics,2025-07-04,80.2,26411.6
E00346,S0248,Statistics,2026-04-24,36.6,81955.63
E00347,S0140,Statistics,2026-02-10,20.1,22075.49
E00348,S0173,Java,2026-02-23,75.5,57181.69
E00349,S0189,SQL,2025-10-27,86.6,67762.53
E00350,S0264,Statistics,2026-01-06,50.0,30883.99
E00351,S0167,Java,2026-06-05,72.3,57897.32
E00352,S0129,SQL,2025-11-08,46.5,60358.35
E00353,S0025,Java,2025-02-11,84.7,21742.94
E00354,S0186,Statistics,2026-04-09,44.1,80790.0
E00355,S0197,Statistics,2026-09-20,52.7,62090.63
E00356,S0147,SQL,2025-12-01,48.0,10494.04
E00357,S0224,Spark,2026-08-22,25.0,37514.09
E00358,S0155,Spark,2026-05-18,88.1,51370.05
E00359,S0075,Python,2025-08-05,55.8,77289.53
E00360,S0202,Spark,2026-03-25,69.1,56477.53
E00361,S0056,Python,2026-04-30,92.9,18770.25
E00362,S0110,SQL,2025-11-13,34.7,33835.36
E00363,S0004,SQL,2026-09-02,91.4,20567.09
E00364,S0104,Python,2025-12-19,52.3,60358.49
E00365,S0022,Spark,2025-03-10,57.3,62826.73
E00366,S0276,Python,2026-08-27,48.8,85248.24
E00367,S0055,Statistics,2026-01-10,63.6,98925.2
E00368,S0288,Spark,2026-03-03,77.6,58786.88
E00369,S0011,Statistics,2026-05-11,44.8,18760.22
E00370,S0146,SQL,2025-05-29,40.5,92507.29
E00371,S0267,Statistics,2025-03-27,97.5,90856.37
E00372,S0027,SQL,2025-02-03,66.9,75944.06
E00373,S0273,Statistics,2025-09-06,25.6,59688.89
E00374,S0037,SQL,2026-09-23,67.7,92430.96
E00375,S0199,Spark,2026-07-24,45.6,87798.73
E00376,S0195,Statistics,2026-05-19,96.7,68231.12
E00377,S0199,Spark,2025-01-09,53.3,27325.32
E00378,S0200,Statistics,2026-06-30,34.5,83881.34
E00379,S0114,Python,2025-08-29,74.7,91323.93
E00380,S0032,Python,2025-01-31,62.7,58177.06
E00381,S0148,Statistics,2025-02-02,60.0,72901.64
E00382,S0106,Java,2025-04-29,23.4,76464.47
E00383,S0170,Statistics,2026-05-11,60.5,91391.39
E00384,S0261,Statistics,2026-04-24,36.5,18705.29
E00385,S0041,Statistics,2026-05-16,72.7,25184.58
E00386,S0080,Python,2026-09-28,78.6,23190.41
E00387,S0124,SQL,2026-06-14,44.1,18805.65
E00388,S0130,Statistics,2026-07-01,21.6,76623.86
E00389,S0216,Java,2025-10-23,59.0,60655.58
E00390,S0277,Spark,2026-02-13,59.0,25985.5
E00391,S0282,Spark,2026-07-09,65.2,52574.09
E00392,S0243,Statistics,2025-01-13,22.8,40854.2
E00393,S0173,Java,2025-06-28,44.0,39169.23
E00394,S0012,Java,2025-11-18,59.9,22121.76
E00395,S0064,Spark,2025-10-08,50.8,98018.65
E00396,S0213,Python,2026-04-03,91.5,71253.8
E00397,S0004,Spark,2026-08-05,71.1,85407.51
E00398,S0197,Java,2026-06-22,64.1,62867.88
E00399,S0103,Python,2026-01-09,40.8,68299.86
E00400,S0190,Python,2025-07-04,41.8,47970.94
E00401,S0070,Statistics,2025-06-19,34.3,87718.55
E00402,S0005,Spark,2025-12-25,59.6,85903.04
E00403,S0077,Python,2025-07-04,84.4,23127.29
E00404,S0106,Python,2025-10-09,76.3,70630.72
E00405,S0021,SQL,2025-08-22,65.9,62450.23
E00406,S0103,Python,2026-05-18,62.0,79812.46
E00407,S0259,SQL,2026-02-13,88.7,25480.53
E00408,S0110,Java,2025-11-02,42.8,19303.88
E00409,S0116,Python,2026-06-24,95.2,22633.32
E00410,S0170,Java,2025-11-18,85.5,74523.37
E00411,S0165,Spark,2026-02-21,20.5,70960.69
E00412,S0032,SQL,2025-07-19,54.3,16945.08
E00413,S0074,Python,2025-12-15,70.2,74666.76
E00414,S0293,Java,2025-09-29,34.9,39588.71
E00415,S0243,Python,2025-05-13,66.0,26735.39
E00416,S0083,SQL,2025-05-25,53.2,54048.34
E00417,S0059,Statistics,2026-08-12,49.0,94435.29
E00418,S0230,Java,2026-06-11,34.4,22531.24
E00419,S0161,Java,2026-04-08,26.6,22962.71
E00420,S0086,Java,2026-09-08,47.0,95580.9
E00421,S0197,Java,2025-02-18,79.1,86272.75
E00422,S0115,Statistics,2026-08-01,84.2,94517.43
E00423,S0009,Statistics,2025-04-17,72.7,93883.67
E00424,S0068,SQL,2026-05-03,87.0,44966.19
E00425,S0292,Java,2025-05-05,54.3,63324.6
E00426,S0295,Spark,2026-05-02,89.0,30677.76
E00427,S0222,Spark,2025-06-02,54.8,74046.87
E00428,S0281,Python,2025-11-30,33.9,32473.55
E00429,S0283,SQL,2026-01-14,85.9,45084.97
E00430,S0049,Java,2026-09-11,36.2,61286.06
E00431,S0300,Statistics,2025-11-09,85.9,66159.33
E00432,S0252,Java,2026-01-10,52.0,53546.57
E00433,S0115,Spark,2025-07-03,92.3,25464.25
E00434,S0229,Java,2025-02-25,61.7,43675.57
E00435,S0056,Python,2026-04-25,43.8,54633.92
E00436,S0252,Java,2025-02-23,77.1,11437.69
E00437,S0195,Java,2026-04-04,65.2,99555.76
E00438,S0134,Statistics,2025-12-09,55.0,89251.65
E00439,S0269,Statistics,2025-05-20,79.3,95758.57
E00440,S0028,Java,2026-07-09,87.9,78353.03
E00441,S0232,SQL,2025-11-24,51.1,98300.68
E00442,S0285,Python,2026-05-12,20.2,39275.74
E00443,S0165,Java,2025-02-04,98.9,41016.14
E00444,S0115,Spark,2026-01-18,20.9,49741.98
E00445,S0164,Python,2025-10-16,28.1,72367.67
E00446,S0211,Spark,2026-01-15,38.1,67947.55
E00447,S0016,Java,2025-09-13,59.8,92266.85
E00448,S0156,SQL,2025-04-05,62.9,13732.93
E00449,S0239,SQL,2025-07-21,40.5,21243.53
E00450,S0186,Python,2025-02-16,32.3,60420.48
E00451,S0206,Statistics,2025-10-16,44.4,79095.42
E00452,S0235,Spark,2026-06-06,89.8,86027.19
E00453,S0258,SQL,2025-01-01,34.3,13871.64
E00454,S0291,Statistics,2025-04-04,23.9,89688.01
E00455,S0266,Python,2026-07-16,41.7,64896.4
E00456,S0016,Statistics,2026-06-08,30.7,62776.3
E00457,S0264,Java,2025-08-20,42.8,93211.46
E00458,S0046,Java,2025-08-14,69.6,39444.01
E00459,S0186,Python,2025-05-19,44.0,50340.23
E00460,S0080,SQL,2026-05-18,70.0,10576.99
E00461,S0018,Spark,2025-02-03,48.7,21259.87
E00462,S0128,Spark,2025-07-01,49.9,98689.51
E00463,S0214,Python,2025-10-03,25.1,54698.1
E00464,S0029,Spark,2025-09-23,24.1,89749.65
E00465,S0133,Statistics,2025-05-13,21.1,62716.57
E00466,S0108,Spark,2025-02-10,99.6,11069.48
E00467,S0109,SQL,2025-06-06,54.5,24987.31
E00468,S0163,SQL,2025-12-09,69.0,30079.48
E00469,S0210,Spark,2025-09-02,77.7,48560.72
E00470,S0278,Spark,2025-04-28,65.4,48787.36
E00471,S0214,Statistics,2025-01-03,88.9,32585.28
E00472,S0065,Java,2025-01-13,43.6,48081.73
E00473,S0079,Spark,2026-05-09,94.5,32331.25
E00474,S0066,SQL,2025-04-11,45.3,68829.86
E00475,S0059,Java,2026-01-11,64.7,10351.5
E00476,S0111,Spark,2026-08-07,54.6,68292.23
E00477,S0106,Java,2025-02-18,58.4,29942.13
E00478,S0124,SQL,2026-08-02,69.5,16210.48
E00479,S0157,Python,2026-02-05,36.8,54485.04
E00480,S0165,SQL,2025-01-01,87.0,56550.08
E00481,S0122,Python,2025-03-21,91.4,99802.27
E00482,S0234,SQL,2025-05-12,60.3,46011.0
E00483,S0173,Spark,2026-01-16,72.8,21738.95
E00484,S0024,SQL,2026-06-19,39.9,10464.75
E00485,S0171,Python,2025-06-03,70.6,99245.83
E00486,S0127,Statistics,2025-05-25,57.2,21687.85
E00487,S0108,Java,2025-12-24,76.7,61167.63
E00488,S0104,Spark,2025-10-01,34.7,35833.38
E00489,S0124,Spark,2025-08-14,87.3,41058.67
E00490,S0010,Statistics,2026-08-22,84.9,64373.54
E00491,S0140,Java,2026-03-26,41.5,19045.45
E00492,S0056,Python,2025-04-04,35.3,78555.16
E00493,S0058,Java,2025-10-13,89.6,84661.69
E00494,S0231,Java,2026-06-26,98.7,71780.06
E00495,S0028,Java,2025-07-10,59.3,55557.86
E00496,S0032,Statistics,2025-12-11,46.2,36850.05
E00497,S0027,Statistics,2026-08-09,44.1,54020.66
E00498,S0152,Statistics,2025-12-12,29.0,46353.27
E00499,S0060,Python,2025-10-19,30.5,59188.6
E00500,S0020,Java,2025-08-11,24.6,62572.07
