student_id,student_name,city,course
S0001,Amit,Pune,MCA
S0002,Riya,Kolkata,MCA
S0003,Pooja,Pune,BSc
S0004,Riya,Pune,MCA
S0005,Amit,Delhi,BCA
S0006,Pooja,Delhi,MCA
S0007,Riya,Mumbai,BSc
S0008,Pooja,Delhi,BCA
S0009,Riya,Pune,BCA
S0010,Amit,Delhi,BTech
S0011,Riya,Mumbai,BTech
S0012,Amit,Kolkata,MCA
S0013,Pooja,Delhi,BCA
S0014,Amit,Mumbai,BTech
S0015,Riya,Patna,BCA
S0016,Amit,Kolkata,MCA
S0017,Neha,Kolkata,BCA
S0018,Neha,Kolkata,BSc
S0019,Riya,Patna,BSc
S0020,Amit,Kolkata,MCA
S0021,Riya,Kolkata,BTech
S0022,Karan,Pune,MCA
S0023,Neha,Pune,BCA
S0024,Riya,Kolkata,BTech
S0025,Amit,Mumbai,BSc
S0026,Pooja,Pune,BCA
S0027,Amit,Pune,BSc
S0028,Pooja,Mumbai,BCA
S0029,Riya,Pune,BTech
S0030,Amit,Kolkata,BCA
S0031,Pooja,Delhi,BTech
S0032,Neha,Kolkata,BCA
S0033,Pooja,Delhi,MCA
S0034,Karan,Kolkata,MCA
S0035,Karan,Pune,BTech
S0036,Amit,Pune,BTech
S0037,Riya,Mumbai,MCA
S0038,Karan,Kolkata,BSc
S0039,Karan,Patna,BTech
S0040,Amit,Kolkata,MCA
S0041,Amit,Kolkata,BSc
S0042,Karan,Delhi,BCA
S0043,Pooja,Pune,MCA
S0044,Neha,Kolkata,MCA
S0045,Amit,Patna,BCA
S0046,Neha,Delhi,BSc
S0047,Neha,Pune,MCA
S0048,Karan,Mumbai,BSc
S0049,Neha,Delhi,BSc
S0050,Karan,Kolkata,MCA
S0051,Neha,Delhi,MCA
S0052,Karan,Kolkata,BCA
S0053,Pooja,Kolkata,BSc
S0054,Neha,Pune,BSc
S0055,Neha,Patna,BCA
S0056,Amit,Kolkata,BTech
S0057,Pooja,Delhi,BSc
S0058,Karan,Delhi,MCA
S0059,Amit,Kolkata,BCA
S0060,Pooja,Patna,BCA
S0061,Neha,Patna,MCA
S0062,Amit,Delhi,BTech
S0063,Amit,Patna,MCA
S0064,Amit,Pune,BTech
S0065,Amit,Mumbai,BCA
S0066,Neha,Pune,BSc
S0067,Pooja,Delhi,MCA
S0068,Pooja,Patna,BCA
S0069,Riya,Mumbai,BCA
S0070,Pooja,Delhi,BTech
S0071,Neha,Patna,BTech
S0072,Riya,Patna,BCA
S0073,Karan,Kolkata,BCA
S0074,Karan,Mumbai,MCA
S0075,Riya,Patna,BTech
S0076,Neha,Pune,BCA
S0077,Karan,Delhi,BCA
S0078,Neha,Mumbai,BSc
S0079,Neha,Kolkata,MCA
S0080,Amit,Mumbai,BSc
S0081,Karan,Patna,BCA
S0082,Karan,Mumbai,BCA
S0083,Amit,Kolkata,BTech
S0084,Pooja,Kolkata,MCA
S0085,Riya,Mumbai,MCA
S0086,Pooja,Mumbai,BTech
S0087,Karan,Kolkata,BSc
S0088,Neha,Patna,MCA
S0089,Amit,Pune,MCA
S0090,Neha,Patna,BSc
S0091,Riya,Patna,MCA
S0092,Riya,Delhi,BCA
S0093,Neha,Delhi,BTech
S0094,Neha,Delhi,BSc
S0095,Pooja,Patna,MCA
S0096,Amit,Patna,BTech
S0097,Karan,Patna,BCA
S0098,Riya,Patna,BTech
S0099,Riya,Kolkata,BSc
S0100,Karan,Mumbai,BTech
S0101,Riya,Mumbai,MCA
S0102,Neha,Delhi,BSc
S0103,Neha,Mumbai,BCA
S0104,Pooja,Kolkata,BCA
S0105,Karan,Kolkata,BTech
S0106,Amit,Patna,BCA
S0107,Amit,Mumbai,BSc
S0108,Karan,Pune,MCA
S0109,Riya,Mumbai,MCA
S0110,Karan,Mumbai,BTech
S0111,Karan,Mumbai,MCA
S0112,Neha,Patna,BSc
S0113,Karan,Kolkata,BSc
S0114,Amit,Mumbai,BSc
S0115,Karan,Mumbai,BSc
S0116,Neha,Delhi,BSc
S0117,Neha,Pune,BCA
S0118,Amit,Patna,BSc
S0119,Neha,Delhi,BCA
S0120,Amit,Patna,BCA
S0121,Pooja,Kolkata,BTech
S0122,Neha,Mumbai,BSc
S0123,Karan,Kolkata,BTech
S0124,Amit,Delhi,BCA
S0125,Karan,Delhi,BCA
S0126,Karan,Patna,BSc
S0127,Amit,Patna,BCA
S0128,Pooja,Patna,BCA
S0129,Riya,Kolkata,BTech
S0130,Amit,Pune,BTech
S0131,Neha,Kolkata,MCA
S0132,Amit,Kolkata,MCA
S0133,Neha,Delhi,BSc
S0134,Amit,Mumbai,BSc
S0135,Pooja,Pune,BTech
S0136,Neha,Kolkata,BCA
S0137,Riya,Kolkata,MCA
S0138,Amit,Delhi,BTech
S0139,Riya,Patna,MCA
S0140,Pooja,Pune,MCA
S0141,Karan,Patna,MCA
S0142,Karan,Mumbai,MCA
S0143,Amit,Patna,MCA
S0144,Amit,Patna,BSc
S0145,Pooja,Patna,BTech
S0146,Karan,Delhi,BTech
S0147,Neha,Patna,MCA
S0148,Karan,Mumbai,MCA
S0149,Riya,Pune,BSc
S0150,Riya,Mumbai,BSc
S0151,Amit,Patna,BCA
S0152,Karan,Kolkata,BCA
S0153,Riya,Mumbai,MCA
S0154,Neha,Delhi,MCA
S0155,Amit,Kolkata,BCA
S0156,Pooja,Pune,BTech
S0157,Riya,Pune,MCA
S0158,Neha,Pune,BTech
S0159,Amit,Mumbai,MCA
S0160,Pooja,Mumbai,BSc
S0161,Pooja,Patna,BCA
S0162,Neha,Patna,MCA
S0163,Pooja,Mumbai,MCA
S0164,Pooja,Patna,MCA
S0165,Karan,Pune,BCA
S0166,Pooja,Delhi,BTech
S0167,Pooja,Mumbai,MCA
S0168,Amit,Mumbai,MCA
S0169,Pooja,Kolkata,BCA
S0170,Karan,Delhi,BSc
S0171,Karan,Kolkata,BTech
S0172,Amit,Mumbai,BCA
S0173,Karan,Patna,MCA
S0174,Riya,Patna,BTech
S0175,Riya,Delhi,MCA
S0176,Pooja,Patna,MCA
S0177,Pooja,Patna,BCA
S0178,Neha,Mumbai,MCA
S0179,Pooja,Delhi,BTech
S0180,Neha,Delhi,BTech
S0181,Pooja,Pune,BTech
S0182,Pooja,Patna,BTech
S0183,Pooja,Patna,BCA
S0184,Pooja,Kolkata,BTech
S0185,Neha,Pune,BSc
S0186,Riya,Mumbai,BCA
S0187,Amit,Delhi,BSc
S0188,Karan,Kolkata,MCA
S0189,Riya,Mumbai,BCA
S0190,Karan,Delhi,BCA
S0191,Amit,Mumbai,MCA
S0192,Karan,Pune,BSc
S0193,Amit,Pune,BTech
S0194,Pooja,Delhi,BTech
S0195,Pooja,Mumbai,BSc
S0196,Neha,Mumbai,BTech
S0197,Amit,Pune,BCA
S0198,Neha,Pune,BSc
S0199,Neha,Kolkata,BSc
S0200,Pooja,Mumbai,BSc
S0201,Pooja,Mumbai,BTech
S0202,Pooja,Kolkata,BCA
S0203,Karan,Delhi,MCA
S0204,Amit,Kolkata,BSc
S0205,Riya,Pune,BCA
S0206,Neha,Mumbai,BSc
S0207,Pooja,Patna,BSc
S0208,Karan,Delhi,BTech
S0209,Neha,Kolkata,BTech
S0210,Pooja,Patna,BCA
S0211,Karan,Pune,BSc
S0212,Amit,Patna,BTech
S0213,Neha,Mumbai,MCA
S0214,Riya,Delhi,BSc
S0215,Karan,Patna,BTech
S0216,Amit,Patna,MCA
S0217,Riya,Delhi,BSc
S0218,Neha,Delhi,MCA
S0219,Neha,Mumbai,BTech
S0220,Amit,Mumbai,MCA
S0221,Amit,Patna,BCA
S0222,Karan,Kolkata,BSc
S0223,Riya,Patna,BSc
S0224,Pooja,Delhi,BTech
S0225,Karan,Delhi,MCA
S0226,Neha,Delhi,BSc
S0227,Neha,Kolkata,MCA
S0228,Riya,Kolkata,BCA
S0229,Neha,Kolkata,BCA
S0230,Neha,Delhi,BCA
S0231,Pooja,Patna,BTech
S0232,Amit,Patna,MCA
S0233,Karan,Mumbai,BTech
S0234,Riya,Mumbai,MCA
S0235,Amit,Mumbai,BTech
S0236,Pooja,Kolkata,BTech
S0237,Pooja,Patna,BTech
S0238,Pooja,Kolkata,BSc
S0239,Neha,Delhi,BCA
S0240,Pooja,Delhi,BTech
S0241,Riya,Patna,BTech
S0242,Riya,Kolkata,BCA
S0243,Pooja,Delhi,BTech
S0244,Karan,Patna,BSc
S0245,Pooja,Patna,MCA
S0246,Karan,Pune,BTech
S0247,Amit,Pune,BSc
S0248,Riya,Patna,MCA
S0249,Karan,Mumbai,BTech
S0250,Riya,Mumbai,BSc
S0251,Karan,Patna,MCA
S0252,Neha,Mumbai,BCA
S0253,Riya,Pune,BCA
S0254,Karan,Pune,BTech
S0255,Neha,Patna,BTech
S0256,Karan,Pune,MCA
S0257,Amit,Delhi,BCA
S0258,Riya,Mumbai,BCA
S0259,Pooja,Mumbai,BSc
S0260,Karan,Patna,MCA
S0261,Neha,Pune,BTech
S0262,Amit,Pune,BSc
S0263,Riya,Mumbai,BCA
S0264,Pooja,Kolkata,MCA
S0265,Neha,Pune,BTech
S0266,Karan,Pune,BCA
S0267,Amit,Pune,BTech
S0268,Neha,Kolkata,BSc
S0269,Riya,Pune,BTech
S0270,Karan,Delhi,BTech
S0271,Pooja,Patna,BSc
S0272,Karan,Mumbai,BSc
S0273,Pooja,Kolkata,BCA
S0274,Amit,Delhi,BTech
S0275,Pooja,Patna,BSc
S0276,Riya,Kolkata,BCA
S0277,Riya,Mumbai,MCA
S0278,Neha,Kolkata,MCA
S0279,Amit,Delhi,BTech
S0280,Neha,Delhi,MCA
S0281,Amit,Patna,BTech
S0282,Neha,Patna,BTech
S0283,Amit,Mumbai,BCA
S0284,Riya,Delhi,BSc
S0285,Amit,Mumbai,BTech
S0286,Riya,Mumbai,BTech
S0287,Riya,Kolkata,BSc
S0288,Neha,Pune,MCA
S0289,Amit,Pune,MCA
S0290,Neha,Delhi,BSc
S0291,Neha,Mumbai,MCA
S0292,Riya,Delhi,BSc
S0293,Pooja,Patna,MCA
S0294,Neha,Kolkata,BCA
S0295,Riya,Delhi,BTech
S0296,Amit,Pune,MCA
S0297,Karan,Pune,BTech
S0298,Neha,Kolkata,BCA
S0299,Neha,Delhi,MCA
S0300,Amit,Patna,MCA
