movie_id,movie_title,genre,language
MV0001,Love Story,SciFi,Telugu
MV0002,Mystery Case,Action,Telugu
MV0003,Action Hero,Drama,Hindi
MV0004,Comedy Night,Action,Telugu
MV0005,Comedy Night,Drama,Hindi
MV0006,Space World,Comedy,Tamil
MV0007,Love Story,SciFi,Tamil
MV0008,Action Hero,Action,Hindi
MV0009,Space World,Action,Telugu
MV0010,Comedy Night,Comedy,Hindi
MV0011,Space World,SciFi,Tamil
MV0012,Action Hero,Drama,English
MV0013,Comedy Night,Drama,Telugu
MV0014,Action Hero,Thriller,Tamil
MV0015,Comedy Night,Action,Hindi
MV0016,Space World,Thriller,Hindi
MV0017,Comedy Night,SciFi,Hindi
MV0018,Space World,Drama,Telugu
MV0019,Space World,SciFi,Tamil
MV0020,Mystery Case,Action,English
MV0021,Mystery Case,Drama,English
MV0022,Love Story,Action,English
MV0023,Action Hero,Action,Telugu
MV0024,Mystery Case,SciFi,Telugu
MV0025,Love Story,Thriller,Tamil
MV0026,Comedy Night,Action,Hindi
MV0027,Action Hero,Drama,Tamil
MV0028,Love Story,Thriller,Tamil
MV0029,Comedy Night,Drama,Tamil
MV0030,Action Hero,Drama,Telugu
MV0031,Comedy Night,SciFi,Tamil
MV0032,Action Hero,Comedy,Tamil
MV0033,Space World,SciFi,Hindi
MV0034,Comedy Night,Comedy,Telugu
MV0035,Love Story,SciFi,Telugu
MV0036,Space World,Action,Hindi
MV0037,Action Hero,Action,English
MV0038,Mystery Case,Action,English
MV0039,Mystery Case,SciFi,Hindi
MV0040,Mystery Case,Action,Tamil
MV0041,Mystery Case,Drama,Telugu
MV0042,Comedy Night,Drama,English
MV0043,Space World,Action,Telugu
MV0044,Love Story,Comedy,Tamil
MV0045,Comedy Night,Comedy,English
MV0046,Comedy Night,Thriller,Tamil
MV0047,Mystery Case,Action,Hindi
MV0048,Comedy Night,Comedy,Telugu
MV0049,Mystery Case,Thriller,Tamil
MV0050,Action Hero,Comedy,English
MV0051,Space World,Comedy,Tamil
MV0052,Space World,Drama,Hindi
MV0053,Mystery Case,Thriller,English
MV0054,Love Story,Comedy,Telugu
MV0055,Mystery Case,SciFi,Telugu
MV0056,Action Hero,Thriller,Telugu
MV0057,Action Hero,Comedy,English
MV0058,Action Hero,Action,Tamil
MV0059,Love Story,Thriller,Hindi
MV0060,Space World,SciFi,Telugu
MV0061,Comedy Night,Action,Tamil
MV0062,Mystery Case,SciFi,English
MV0063,Mystery Case,Drama,Tamil
MV0064,Comedy Night,Comedy,Hindi
MV0065,Action Hero,Drama,Hindi
MV0066,Love Story,Comedy,Tamil
MV0067,Mystery Case,Comedy,English
MV0068,Love Story,Action,Telugu
MV0069,Love Story,Thriller,English
MV0070,Action Hero,Action,Tamil
MV0071,Love Story,Comedy,Telugu
MV0072,Love Story,Comedy,Tamil
MV0073,Mystery Case,Thriller,Tamil
MV0074,Love Story,Comedy,Tamil
MV0075,Mystery Case,Comedy,English
MV0076,Space World,Drama,Tamil
MV0077,Action Hero,SciFi,Hindi
MV0078,Space World,Drama,English
MV0079,Love Story,Drama,English
MV0080,Comedy Night,SciFi,Hindi
MV0081,Mystery Case,Thriller,English
MV0082,Love Story,Action,English
MV0083,Mystery Case,SciFi,English
MV0084,Mystery Case,Drama,Telugu
MV0085,Comedy Night,SciFi,Telugu
MV0086,Mystery Case,Action,Tamil
MV0087,Mystery Case,SciFi,Tamil
MV0088,Love Story,Thriller,Tamil
MV0089,Space World,Thriller,Tamil
MV0090,Love Story,Comedy,Tamil
MV0091,Mystery Case,Thriller,English
MV0092,Love Story,Thriller,Telugu
MV0093,Action Hero,Drama,English
MV0094,Love Story,Action,Telugu
MV0095,Mystery Case,Drama,Tamil
MV0096,Comedy Night,Comedy,Telugu
MV0097,Love Story,Drama,Tamil
MV0098,Love Story,Action,Telugu
MV0099,Action Hero,Thriller,English
MV0100,Action Hero,Thriller,Hindi
MV0101,Space World,Action,Tamil
MV0102,Space World,Thriller,Telugu
MV0103,Love Story,Thriller,Tamil
MV0104,Action Hero,Drama,Hindi
MV0105,Love Story,Drama,Tamil
MV0106,Mystery Case,Drama,Telugu
MV0107,Mystery Case,Comedy,Tamil
MV0108,Mystery Case,Action,Telugu
MV0109,Mystery Case,SciFi,Hindi
MV0110,Action Hero,SciFi,English
MV0111,Space World,SciFi,Tamil
MV0112,Space World,Comedy,Telugu
MV0113,Love Story,Thriller,English
MV0114,Love Story,Drama,Tamil
MV0115,Love Story,Thriller,Hindi
MV0116,Comedy Night,SciFi,English
MV0117,Comedy Night,Comedy,Tamil
MV0118,Love Story,Comedy,Telugu
MV0119,Space World,SciFi,English
MV0120,Comedy Night,SciFi,Tamil
MV0121,Action Hero,Thriller,Hindi
MV0122,Action Hero,Thriller,Telugu
MV0123,Love Story,Comedy,English
MV0124,Comedy Night,SciFi,Tamil
MV0125,Space World,Drama,Tamil
MV0126,Mystery Case,SciFi,Hindi
MV0127,Mystery Case,Thriller,Hindi
MV0128,Mystery Case,Action,Hindi
MV0129,Space World,Drama,Tamil
MV0130,Action Hero,Action,English
MV0131,Comedy Night,SciFi,Telugu
MV0132,Comedy Night,Thriller,Tamil
MV0133,Love Story,SciFi,Hindi
MV0134,Mystery Case,Drama,Hindi
MV0135,Space World,Comedy,English
MV0136,Love Story,Thriller,Tamil
MV0137,Action Hero,Drama,English
MV0138,Comedy Night,Comedy,Tamil
MV0139,Action Hero,SciFi,Telugu
MV0140,Mystery Case,Thriller,Hindi
MV0141,Space World,Drama,Telugu
MV0142,Love Story,Drama,Telugu
MV0143,Action Hero,Comedy,Hindi
MV0144,Space World,Comedy,Hindi
MV0145,Space World,Comedy,Hindi
MV0146,Space World,Thriller,Telugu
MV0147,Space World,Drama,Tamil
MV0148,Mystery Case,SciFi,Hindi
MV0149,Action Hero,Drama,Telugu
MV0150,Space World,Action,Telugu
MV0151,Space World,SciFi,Telugu
MV0152,Space World,Action,Telugu
MV0153,Action Hero,Drama,Tamil
MV0154,Mystery Case,Comedy,Telugu
MV0155,Love Story,Action,Telugu
MV0156,Space World,Comedy,Telugu
MV0157,Space World,Comedy,English
MV0158,Comedy Night,Action,Hindi
MV0159,Action Hero,Action,English
MV0160,Comedy Night,Thriller,English
MV0161,Love Story,Comedy,Telugu
MV0162,Space World,Drama,Telugu
MV0163,Comedy Night,Thriller,English
MV0164,Mystery Case,Comedy,Telugu
MV0165,Mystery Case,Action,Tamil
MV0166,Space World,Comedy,Telugu
MV0167,Space World,Comedy,English
MV0168,Space World,Action,Hindi
MV0169,Space World,Drama,English
MV0170,Space World,SciFi,Telugu
MV0171,Action Hero,SciFi,Telugu
MV0172,Comedy Night,Comedy,Telugu
MV0173,Action Hero,Thriller,Tamil
MV0174,Love Story,Thriller,English
MV0175,Comedy Night,Action,Tamil
MV0176,Love Story,Comedy,Tamil
MV0177,Space World,Thriller,Tamil
MV0178,Space World,Action,Tamil
MV0179,Space World,Thriller,Tamil
MV0180,Mystery Case,SciFi,Tamil
MV0181,Space World,Drama,Telugu
MV0182,Mystery Case,Action,Hindi
MV0183,Love Story,SciFi,English
MV0184,Action Hero,Action,Hindi
MV0185,Comedy Night,Drama,Hindi
MV0186,Mystery Case,Drama,Telugu
MV0187,Space World,Action,English
MV0188,Mystery Case,Action,English
MV0189,Action Hero,Action,Telugu
MV0190,Love Story,Comedy,Hindi
MV0191,Action Hero,Drama,Telugu
MV0192,Love Story,Action,Telugu
MV0193,Comedy Night,Comedy,Tamil
MV0194,Action Hero,Thriller,English
MV0195,Action Hero,SciFi,Telugu
MV0196,Love Story,Comedy,Telugu
MV0197,Space World,Action,Hindi
MV0198,Comedy Night,Thriller,Hindi
MV0199,Action Hero,Drama,Hindi
MV0200,Mystery Case,Action,English
MV0201,Space World,Action,Telugu
MV0202,Love Story,SciFi,Hindi
MV0203,Action Hero,Thriller,Hindi
MV0204,Space World,Drama,Telugu
MV0205,Mystery Case,Thriller,Hindi
MV0206,Love Story,Comedy,Telugu
MV0207,Space World,SciFi,Hindi
MV0208,Space World,Thriller,Telugu
MV0209,Love Story,Thriller,English
MV0210,Mystery Case,SciFi,Telugu
MV0211,Action Hero,Drama,Hindi
MV0212,Mystery Case,Action,Tamil
MV0213,Action Hero,Action,Tamil
MV0214,Love Story,Comedy,Hindi
MV0215,Mystery Case,Thriller,Telugu
MV0216,Comedy Night,Drama,Hindi
MV0217,Space World,Comedy,Tamil
MV0218,Action Hero,Action,Tamil
MV0219,Love Story,Drama,Hindi
MV0220,Mystery Case,Action,English
MV0221,Comedy Night,Action,Tamil
MV0222,Space World,Thriller,Hindi
MV0223,Action Hero,Drama,Hindi
MV0224,Action Hero,SciFi,Telugu
MV0225,Action Hero,Action,English
MV0226,Mystery Case,SciFi,Hindi
MV0227,Space World,Action,Telugu
MV0228,Love Story,Thriller,Hindi
MV0229,Love Story,Drama,Hindi
MV0230,Love Story,SciFi,English
MV0231,Mystery Case,Thriller,English
MV0232,Love Story,Thriller,Tamil
MV0233,Space World,Thriller,Tamil
MV0234,Comedy Night,SciFi,Hindi
MV0235,Action Hero,Thriller,Tamil
MV0236,Action Hero,SciFi,Tamil
MV0237,Mystery Case,Comedy,Tamil
MV0238,Space World,SciFi,Tamil
MV0239,Mystery Case,SciFi,English
MV0240,Mystery Case,Thriller,Tamil
MV0241,Mystery Case,Drama,Tamil
MV0242,Mystery Case,Drama,Telugu
MV0243,Comedy Night,SciFi,Tamil
MV0244,Mystery Case,Comedy,English
MV0245,Mystery Case,Drama,English
MV0246,Mystery Case,SciFi,Tamil
MV0247,Love Story,Action,English
MV0248,Comedy Night,Comedy,English
MV0249,Comedy Night,Thriller,Tamil
MV0250,Space World,Comedy,Hindi
MV0251,Comedy Night,Comedy,Tamil
MV0252,Space World,Drama,English
MV0253,Comedy Night,Drama,English
MV0254,Space World,Action,Hindi
MV0255,Space World,Thriller,Tamil
MV0256,Action Hero,SciFi,Telugu
MV0257,Space World,Action,English
MV0258,Mystery Case,Comedy,English
MV0259,Love Story,Thriller,Hindi
MV0260,Space World,SciFi,Telugu
MV0261,Action Hero,SciFi,Tamil
MV0262,Comedy Night,Comedy,Tamil
MV0263,Action Hero,Action,English
MV0264,Action Hero,Action,Tamil
MV0265,Space World,Action,Telugu
MV0266,Mystery Case,Thriller,Hindi
MV0267,Action Hero,Thriller,Telugu
MV0268,Space World,Thriller,Tamil
MV0269,Comedy Night,Drama,Telugu
MV0270,Space World,Drama,Hindi
MV0271,Mystery Case,SciFi,Tamil
MV0272,Love Story,Comedy,Telugu
MV0273,Love Story,SciFi,Telugu
MV0274,Space World,Thriller,Hindi
MV0275,Love Story,Drama,English
MV0276,Love Story,Drama,Telugu
MV0277,Action Hero,Comedy,Hindi
MV0278,Action Hero,SciFi,Tamil
MV0279,Mystery Case,SciFi,Hindi
MV0280,Action Hero,Drama,Telugu
MV0281,Love Story,Drama,Tamil
MV0282,Action Hero,Comedy,English
MV0283,Comedy Night,Drama,Tamil
MV0284,Space World,SciFi,Telugu
MV0285,Space World,SciFi,English
MV0286,Comedy Night,SciFi,Hindi
MV0287,Love Story,Thriller,Tamil
MV0288,Love Story,Drama,English
MV0289,Love Story,Drama,Telugu
MV0290,Love Story,SciFi,Telugu
MV0291,Comedy Night,Thriller,Tamil
MV0292,Comedy Night,SciFi,Hindi
MV0293,Love Story,SciFi,English
MV0294,Love Story,SciFi,Telugu
MV0295,Comedy Night,Comedy,Tamil
MV0296,Love Story,Thriller,Hindi
MV0297,Space World,Drama,Tamil
MV0298,Comedy Night,Comedy,Telugu
MV0299,Mystery Case,SciFi,Telugu
MV0300,Love Story,Comedy,English
