ticket_id,movie_id,city,show_date,tickets_sold,box_office
TI00001,MV0298,Patna,2026-01-04,277,48588.45
TI00002,MV0216,Patna,2026-08-27,275,118106.35
TI00003,MV0090,Mumbai,2025-09-20,401,84306.48
TI00004,MV0173,Pune,2025-08-06,193,96588.96
TI00005,MV0097,Delhi,2026-08-28,362,14788.6
TI00006,MV0295,Delhi,2025-12-21,143,457037.11
TI00007,MV0097,Kolkata,2025-03-25,90,419354.31
TI00008,MV0244,Mumbai,2025-12-23,263,72164.73
TI00009,MV0243,Patna,2025-08-06,138,449432.81
TI00010,MV0072,Mumbai,2025-11-24,12,44345.19
TI00011,MV0102,Kolkata,2026-09-09,357,366262.97
TI00012,MV0298,Patna,2025-09-19,446,346637.92
TI00013,MV0097,Delhi,2026-06-22,175,164703.73
TI00014,MV0272,Pune,2025-11-16,154,348928.51
TI00015,MV0289,Kolkata,2025-03-18,448,18243.73
TI00016,MV0032,Kolkata,2025-11-03,82,349538.09
TI00017,MV0233,Delhi,2025-02-26,388,251060.9
TI00018,MV0085,Delhi,2025-01-30,156,221168.17
TI00019,MV0161,Pune,2025-11-26,78,221759.78
TI00020,MV0011,Patna,2025-08-16,390,245704.13
TI00021,MV0294,Pune,2026-09-01,248,73718.96
TI00022,MV0295,Delhi,2026-04-14,121,397013.98
TI00023,MV0012,Mumbai,2026-04-29,57,44551.79
TI00024,MV0247,Delhi,2025-06-28,392,342339.08
TI00025,MV0224,Delhi,2026-03-11,170,394278.79
TI00026,MV0095,Patna,2025-03-16,353,451660.12
TI00027,MV0164,Mumbai,2026-05-05,427,358461.52
TI00028,MV0119,Pune,2025-12-18,83,85408.66
TI00029,MV0047,Patna,2025-04-14,316,403012.75
TI00030,MV0172,Mumbai,2025-06-15,101,36984.69
TI00031,MV0098,Kolkata,2026-06-30,56,108999.94
TI00032,MV0165,Kolkata,2026-07-24,383,418380.8
TI00033,MV0017,Mumbai,2026-08-16,53,97694.37
TI00034,MV0087,Pune,2025-10-08,211,415820.42
TI00035,MV0239,Mumbai,2025-10-25,417,391916.26
TI00036,MV0281,Delhi,2025-11-27,292,425750.12
TI00037,MV0002,Delhi,2026-07-02,278,264407.09
TI00038,MV0107,Delhi,2026-04-05,92,251458.89
TI00039,MV0165,Patna,2025-10-19,484,291529.72
TI00040,MV0013,Delhi,2025-06-12,383,168828.0
TI00041,MV0005,Mumbai,2025-03-08,57,24460.16
TI00042,MV0054,Pune,2026-09-03,410,434726.93
TI00043,MV0264,Delhi,2025-11-11,153,979.16
TI00044,MV0175,Kolkata,2025-05-14,411,369882.32
TI00045,MV0035,Pune,2025-11-22,74,56147.41
TI00046,MV0170,Pune,2025-04-17,371,112786.49
TI00047,MV0203,Patna,2025-08-26,287,139315.61
TI00048,MV0131,Delhi,2026-02-26,36,107960.36
TI00049,MV0087,Pune,2026-07-13,162,113872.91
TI00050,MV0110,Mumbai,2025-01-23,159,73188.62
TI00051,MV0065,Patna,2025-11-19,262,330499.31
TI00052,MV0226,Patna,2026-03-11,281,413268.7
TI00053,MV0004,Delhi,2026-01-29,462,181810.97
TI00054,MV0144,Mumbai,2025-10-05,123,314175.44
TI00055,MV0160,Patna,2025-04-13,57,144600.11
TI00056,MV0279,Delhi,2025-01-16,7,247100.01
TI00057,MV0187,Patna,2025-01-23,339,356331.31
TI00058,MV0229,Kolkata,2026-07-25,59,326726.1
TI00059,MV0207,Mumbai,2026-03-13,178,124566.65
TI00060,MV0134,Kolkata,2025-04-30,68,210561.19
TI00061,MV0158,Patna,2026-06-20,343,229773.64
TI00062,MV0136,Delhi,2025-09-29,253,437668.51
TI00063,MV0232,Kolkata,2026-06-23,45,410486.63
TI00064,MV0264,Mumbai,2026-07-04,157,29260.66
TI00065,MV0095,Mumbai,2025-06-19,126,187992.56
TI00066,MV0029,Mumbai,2026-05-02,348,67399.29
TI00067,MV0205,Mumbai,2025-11-22,459,493558.51
TI00068,MV0102,Delhi,2025-09-17,330,344297.65
TI00069,MV0218,Pune,2025-02-03,106,5715.47
TI00070,MV0282,Kolkata,2026-02-19,164,350132.92
TI00071,MV0162,Delhi,2026-02-25,302,478700.05
TI00072,MV0299,Pune,2026-02-18,407,365613.36
TI00073,MV0272,Pune,2026-05-20,259,37585.86
TI00074,MV0229,Patna,2025-11-22,327,249095.77
TI00075,MV0253,Patna,2026-06-04,406,347409.38
TI00076,MV0136,Delhi,2025-10-12,82,261077.41
TI00077,MV0192,Patna,2025-04-28,468,358085.11
TI00078,MV0116,Mumbai,2026-03-26,404,25518.39
TI00079,MV0080,Mumbai,2026-07-14,161,163432.92
TI00080,MV0207,Kolkata,2025-06-21,269,143207.57
TI00081,MV0108,Delhi,2025-04-23,190,160016.68
TI00082,MV0235,Patna,2026-08-16,58,193180.84
TI00083,MV0155,Delhi,2025-02-23,250,448259.4
TI00084,MV0064,Kolkata,2026-02-04,42,312648.78
TI00085,MV0102,Mumbai,2025-08-23,160,114259.56
TI00086,MV0210,Mumbai,2026-05-09,153,175598.06
TI00087,MV0236,Patna,2026-06-15,81,373443.62
TI00088,MV0056,Pune,2025-11-01,140,464711.04
TI00089,MV0090,Kolkata,2025-07-10,398,472538.76
TI00090,MV0230,Pune,2025-07-28,450,55285.82
TI00091,MV0071,Kolkata,2025-06-21,166,261007.32
TI00092,MV0049,Patna,2026-07-17,82,142595.58
TI00093,MV0273,Patna,2025-03-21,307,175973.72
TI00094,MV0229,Delhi,2026-04-01,322,416661.3
TI00095,MV0181,Delhi,2026-08-15,95,432933.84
TI00096,MV0190,Kolkata,2025-12-26,14,181699.65
TI00097,MV0136,Patna,2026-06-05,267,290237.38
TI00098,MV0278,Pune,2025-12-02,204,219560.92
TI00099,MV0111,Delhi,2026-08-29,494,433498.6
TI00100,MV0017,Delhi,2025-07-01,444,410062.54
TI00101,MV0101,Delhi,2025-04-19,313,66317.52
TI00102,MV0135,Delhi,2025-12-06,179,494010.93
TI00103,MV0013,Delhi,2025-03-02,89,383808.06
TI00104,MV0101,Patna,2025-07-12,93,357554.97
TI00105,MV0244,Mumbai,2025-11-17,134,28372.16
TI00106,MV0053,Mumbai,2025-04-09,95,370830.86
TI00107,MV0129,Mumbai,2026-02-19,397,184345.44
TI00108,MV0189,Kolkata,2025-08-19,204,426253.48
TI00109,MV0197,Delhi,2026-04-30,26,13711.56
TI00110,MV0091,Patna,2025-06-11,395,143051.07
TI00111,MV0284,Patna,2025-05-02,271,253225.43
TI00112,MV0027,Mumbai,2026-02-10,289,147870.1
TI00113,MV0073,Pune,2025-04-21,61,260847.01
TI00114,MV0066,Delhi,2026-01-12,12,64383.73
TI00115,MV0285,Patna,2025-05-20,84,149189.76
TI00116,MV0176,Kolkata,2025-08-17,326,204125.4
TI00117,MV0273,Mumbai,2025-02-10,38,235757.91
TI00118,MV0218,Delhi,2026-02-16,352,224509.89
TI00119,MV0138,Delhi,2026-07-02,54,206820.46
TI00120,MV0093,Mumbai,2026-02-13,423,137539.84
TI00121,MV0256,Kolkata,2026-09-02,340,404218.55
TI00122,MV0052,Pune,2026-04-24,357,369638.17
TI00123,MV0247,Kolkata,2025-10-01,40,46827.74
TI00124,MV0070,Mumbai,2025-03-20,207,127732.41
TI00125,MV0210,Mumbai,2025-12-26,233,461217.35
TI00126,MV0037,Kolkata,2025-07-11,289,128805.04
TI00127,MV0257,Delhi,2025-06-02,280,49988.56
TI00128,MV0057,Kolkata,2025-03-17,444,384725.62
TI00129,MV0196,Pune,2025-07-29,381,262138.67
TI00130,MV0234,Kolkata,2025-01-26,449,305083.0
TI00131,MV0073,Pune,2025-07-11,327,286064.83
TI00132,MV0202,Delhi,2025-04-27,233,197241.18
TI00133,MV0015,Kolkata,2025-02-17,414,7275.65
TI00134,MV0137,Delhi,2026-02-08,114,228695.7
TI00135,MV0067,Mumbai,2025-06-07,38,457943.58
TI00136,MV0232,Delhi,2025-02-08,28,325472.44
TI00137,MV0200,Mumbai,2026-04-06,154,198434.16
TI00138,MV0040,Delhi,2026-03-21,147,172740.14
TI00139,MV0025,Mumbai,2025-05-29,438,410110.76
TI00140,MV0091,Delhi,2026-09-26,288,460243.8
TI00141,MV0246,Kolkata,2026-03-11,361,365126.33
TI00142,MV0184,Mumbai,2025-02-09,76,15632.87
TI00143,MV0112,Patna,2026-02-10,207,359395.73
TI00144,MV0168,Delhi,2025-12-31,475,332391.42
TI00145,MV0124,Delhi,2026-09-20,89,216508.47
TI00146,MV0104,Mumbai,2025-09-23,256,236650.16
TI00147,MV0003,Patna,2025-11-25,441,315681.66
TI00148,MV0146,Delhi,2026-04-30,180,41743.05
TI00149,MV0047,Kolkata,2026-02-09,261,351687.31
TI00150,MV0148,Pune,2025-08-10,237,114248.68
TI00151,MV0182,Pune,2026-01-19,433,353271.75
TI00152,MV0096,Kolkata,2025-05-05,240,486132.73
TI00153,MV0284,Mumbai,2026-08-03,369,187345.34
TI00154,MV0147,Pune,2025-06-15,327,212266.83
TI00155,MV0067,Delhi,2026-07-27,237,13949.73
TI00156,MV0230,Patna,2025-01-20,442,65761.99
TI00157,MV0276,Pune,2026-04-17,483,297371.17
TI00158,MV0013,Delhi,2025-05-23,90,437816.02
TI00159,MV0111,Delhi,2025-06-28,34,485605.24
TI00160,MV0122,Delhi,2026-05-30,366,235279.15
TI00161,MV0059,Delhi,2025-12-04,356,67635.86
TI00162,MV0289,Kolkata,2025-02-18,307,135540.77
TI00163,MV0243,Delhi,2025-06-18,65,408335.16
TI00164,MV0231,Delhi,2025-09-17,152,136361.14
TI00165,MV0252,Mumbai,2025-11-20,499,466202.32
TI00166,MV0282,Pune,2026-01-03,322,495846.29
TI00167,MV0188,Kolkata,2025-05-21,153,235741.75
TI00168,MV0261,Kolkata,2026-06-30,113,236524.78
TI00169,MV0203,Delhi,2026-03-14,136,432609.08
TI00170,MV0017,Delhi,2026-03-17,163,314004.37
TI00171,MV0050,Mumbai,2025-01-17,305,433493.99
TI00172,MV0298,Patna,2025-05-06,306,351849.28
TI00173,MV0296,Delhi,2026-04-21,484,91414.87
TI00174,MV0264,Kolkata,2026-04-13,111,88510.37
TI00175,MV0238,Pune,2025-12-19,274,196729.21
TI00176,MV0084,Kolkata,2025-05-19,344,418345.58
TI00177,MV0253,Kolkata,2025-11-10,350,227942.74
TI00178,MV0044,Delhi,2025-04-18,404,65897.41
TI00179,MV0001,Mumbai,2025-03-19,80,80279.29
TI00180,MV0027,Patna,2025-07-14,127,482026.79
TI00181,MV0128,Delhi,2025-01-02,229,272091.58
TI00182,MV0024,Patna,2026-01-08,419,281266.34
TI00183,MV0227,Mumbai,2025-07-03,480,224141.36
TI00184,MV0062,Patna,2026-09-21,374,469323.3
TI00185,MV0035,Delhi,2025-10-13,476,399203.82
TI00186,MV0177,Kolkata,2026-01-13,238,232680.49
TI00187,MV0136,Pune,2026-05-05,169,104137.92
TI00188,MV0098,Delhi,2025-10-21,173,249908.47
TI00189,MV0109,Pune,2025-03-03,273,294958.39
TI00190,MV0064,Kolkata,2025-09-03,356,438079.77
TI00191,MV0053,Kolkata,2026-02-13,208,295080.83
TI00192,MV0249,Delhi,2026-02-10,464,232692.5
TI00193,MV0078,Pune,2025-10-15,311,458293.28
TI00194,MV0196,Patna,2025-06-22,88,108725.78
TI00195,MV0159,Kolkata,2025-03-02,457,163178.63
TI00196,MV0266,Pune,2025-10-10,353,358762.88
TI00197,MV0235,Patna,2025-06-12,279,154594.01
TI00198,MV0274,Kolkata,2026-01-17,376,226700.57
TI00199,MV0263,Kolkata,2026-06-26,446,2514.64
TI00200,MV0097,Mumbai,2025-08-18,456,238958.6
TI00201,MV0085,Pune,2026-01-01,111,5845.01
TI00202,MV0214,Pune,2026-02-06,114,409014.71
TI00203,MV0294,Patna,2025-09-13,260,402909.16
TI00204,MV0087,Delhi,2026-09-24,310,179236.01
TI00205,MV0068,Pune,2025-01-06,314,94022.98
TI00206,MV0296,Patna,2026-01-14,409,299753.36
TI00207,MV0267,Patna,2025-10-09,487,1515.53
TI00208,MV0115,Kolkata,2026-08-26,62,396145.94
TI00209,MV0017,Patna,2025-02-09,290,26956.02
TI00210,MV0299,Delhi,2026-02-04,243,242907.09
TI00211,MV0154,Kolkata,2025-12-25,466,61766.73
TI00212,MV0189,Pune,2026-08-13,35,168031.91
TI00213,MV0022,Kolkata,2025-01-22,394,382751.11
TI00214,MV0290,Mumbai,2025-12-15,248,168461.65
TI00215,MV0064,Pune,2026-02-25,277,447024.31
TI00216,MV0130,Mumbai,2025-11-16,230,379352.59
TI00217,MV0151,Kolkata,2025-05-14,335,193129.69
TI00218,MV0060,Kolkata,2025-05-18,307,182686.31
TI00219,MV0282,Pune,2026-05-19,472,278113.44
TI00220,MV0188,Kolkata,2025-02-02,46,192027.88
TI00221,MV0153,Mumbai,2025-08-22,339,453827.72
TI00222,MV0106,Mumbai,2025-06-01,377,291739.01
TI00223,MV0168,Mumbai,2026-09-16,307,217608.03
TI00224,MV0218,Kolkata,2025-05-21,112,173190.3
TI00225,MV0095,Delhi,2026-05-21,427,75337.58
TI00226,MV0088,Kolkata,2026-05-18,458,278050.06
TI00227,MV0227,Delhi,2025-05-05,86,291478.45
TI00228,MV0219,Mumbai,2025-02-04,390,70139.7
TI00229,MV0126,Patna,2026-07-04,281,125313.12
TI00230,MV0110,Pune,2025-11-24,414,341162.04
TI00231,MV0002,Delhi,2025-04-20,395,26823.97
TI00232,MV0261,Delhi,2025-02-06,426,105762.24
TI00233,MV0214,Delhi,2026-04-13,446,148320.46
TI00234,MV0047,Kolkata,2025-06-15,486,48395.52
TI00235,MV0099,Mumbai,2026-07-11,185,256662.74
TI00236,MV0138,Patna,2025-11-19,73,308202.98
TI00237,MV0071,Mumbai,2025-03-26,352,439685.59
TI00238,MV0026,Mumbai,2025-06-04,20,128601.02
TI00239,MV0121,Kolkata,2026-09-18,124,76693.92
TI00240,MV0243,Mumbai,2026-03-21,288,473954.33
TI00241,MV0109,Delhi,2025-12-25,493,9612.03
TI00242,MV0287,Kolkata,2026-02-22,390,166003.7
TI00243,MV0073,Mumbai,2025-07-27,127,419264.53
TI00244,MV0123,Delhi,2026-03-19,47,39330.24
TI00245,MV0208,Delhi,2025-01-31,52,357462.22
TI00246,MV0234,Delhi,2026-01-15,314,124053.32
TI00247,MV0271,Patna,2026-05-14,66,127961.54
TI00248,MV0278,Mumbai,2026-07-12,481,386062.95
TI00249,MV0023,Pune,2025-09-02,79,154146.95
TI00250,MV0272,Mumbai,2026-01-07,441,391304.99
TI00251,MV0107,Delhi,2025-07-11,202,409261.47
TI00252,MV0122,Pune,2026-02-25,468,426227.91
TI00253,MV0227,Patna,2025-09-21,472,78539.81
TI00254,MV0195,Pune,2025-02-22,33,471072.31
TI00255,MV0061,Kolkata,2025-02-27,141,63417.16
TI00256,MV0227,Delhi,2026-09-06,498,85446.29
TI00257,MV0203,Patna,2026-08-14,72,119369.92
TI00258,MV0107,Mumbai,2026-07-27,321,253928.54
TI00259,MV0242,Kolkata,2025-03-18,176,268140.13
TI00260,MV0063,Delhi,2025-08-20,108,170374.64
TI00261,MV0073,Mumbai,2025-04-11,448,47335.16
TI00262,MV0002,Kolkata,2026-05-18,210,345517.52
TI00263,MV0164,Kolkata,2026-02-05,479,442659.1
TI00264,MV0296,Patna,2026-08-15,360,35181.45
TI00265,MV0173,Mumbai,2026-02-28,21,92182.62
TI00266,MV0264,Mumbai,2025-12-22,435,472343.25
TI00267,MV0101,Kolkata,2025-05-24,428,220842.54
TI00268,MV0104,Pune,2025-07-07,126,373180.7
TI00269,MV0150,Mumbai,2025-07-30,159,174947.94
TI00270,MV0064,Kolkata,2025-06-03,302,120972.87
TI00271,MV0124,Patna,2025-12-27,310,359657.21
TI00272,MV0243,Patna,2025-03-25,199,218194.04
TI00273,MV0158,Delhi,2025-07-13,105,332338.59
TI00274,MV0045,Delhi,2025-08-10,266,302987.27
TI00275,MV0081,Patna,2025-06-12,82,335813.36
TI00276,MV0261,Patna,2025-04-12,399,145410.54
TI00277,MV0011,Kolkata,2025-01-23,190,412493.38
TI00278,MV0156,Kolkata,2025-10-09,92,317187.93
TI00279,MV0036,Mumbai,2025-11-09,161,463990.72
TI00280,MV0220,Patna,2025-10-20,8,38516.23
TI00281,MV0041,Delhi,2026-08-08,112,464279.99
TI00282,MV0076,Pune,2026-04-03,483,85673.48
TI00283,MV0146,Delhi,2026-03-30,68,412684.95
TI00284,MV0273,Delhi,2025-06-16,276,254055.15
TI00285,MV0199,Patna,2025-02-13,452,454361.11
TI00286,MV0168,Patna,2026-06-21,83,44873.47
TI00287,MV0188,Delhi,2026-06-14,56,80649.76
TI00288,MV0123,Mumbai,2025-03-16,82,346390.82
TI00289,MV0016,Kolkata,2025-08-25,184,114852.12
TI00290,MV0119,Pune,2026-02-18,465,39439.51
TI00291,MV0179,Kolkata,2025-12-23,210,185989.63
TI00292,MV0148,Patna,2025-01-03,116,35982.91
TI00293,MV0199,Mumbai,2025-01-17,460,499607.86
TI00294,MV0199,Patna,2025-12-30,485,314342.03
TI00295,MV0060,Pune,2025-02-09,331,297435.25
TI00296,MV0048,Mumbai,2025-09-29,446,406539.57
TI00297,MV0039,Delhi,2025-08-09,36,117255.14
TI00298,MV0114,Delhi,2025-12-23,362,299962.07
TI00299,MV0254,Delhi,2025-07-09,185,104730.66
TI00300,MV0225,Pune,2025-12-26,212,60711.53
TI00301,MV0279,Delhi,2026-02-23,18,161789.24
TI00302,MV0053,Delhi,2025-05-19,461,211651.03
TI00303,MV0119,Mumbai,2026-05-08,38,178661.64
TI00304,MV0105,Kolkata,2025-01-30,412,452254.88
TI00305,MV0087,Mumbai,2025-08-25,110,448964.43
TI00306,MV0129,Pune,2025-06-22,73,449520.57
TI00307,MV0179,Patna,2025-11-23,382,89564.26
TI00308,MV0243,Pune,2025-08-31,55,254176.03
TI00309,MV0104,Patna,2026-08-19,122,221590.76
TI00310,MV0118,Delhi,2026-01-18,262,263456.79
TI00311,MV0042,Kolkata,2025-12-06,296,305617.5
TI00312,MV0205,Pune,2026-05-26,255,319344.69
TI00313,MV0053,Kolkata,2026-09-15,214,152052.62
TI00314,MV0041,Patna,2025-01-31,338,74300.97
TI00315,MV0157,Pune,2025-04-09,216,169532.2
TI00316,MV0078,Patna,2025-01-24,418,387667.96
TI00317,MV0174,Mumbai,2026-08-09,383,181619.17
TI00318,MV0114,Kolkata,2025-07-25,177,184881.3
TI00319,MV0032,Kolkata,2026-07-14,124,208317.74
TI00320,MV0072,Patna,2026-05-28,208,416274.53
TI00321,MV0153,Kolkata,2025-10-15,127,190424.47
TI00322,MV0191,Delhi,2025-06-13,234,222899.03
TI00323,MV0055,Mumbai,2025-12-25,387,401308.75
TI00324,MV0211,Kolkata,2026-02-28,330,332233.31
TI00325,MV0226,Delhi,2025-08-23,290,415721.37
TI00326,MV0148,Kolkata,2026-08-14,132,460187.4
TI00327,MV0210,Patna,2025-05-25,18,322392.84
TI00328,MV0076,Mumbai,2026-04-13,419,14112.17
TI00329,MV0177,Kolkata,2025-02-04,191,419280.1
TI00330,MV0241,Pune,2025-11-01,472,233547.94
TI00331,MV0092,Patna,2025-02-06,359,217488.06
TI00332,MV0212,Pune,2025-04-03,7,322012.32
TI00333,MV0187,Kolkata,2025-09-07,368,336773.26
TI00334,MV0117,Kolkata,2025-11-14,429,440946.26
TI00335,MV0098,Pune,2025-10-23,270,160807.99
TI00336,MV0263,Mumbai,2026-05-09,8,203478.61
TI00337,MV0073,Patna,2025-06-16,278,314573.3
TI00338,MV0106,Kolkata,2025-08-24,227,339468.88
TI00339,MV0218,Pune,2026-03-12,175,100217.15
TI00340,MV0001,Patna,2026-06-18,484,325028.3
TI00341,MV0229,Patna,2026-05-17,396,221742.59
TI00342,MV0299,Pune,2026-07-28,473,387412.77
TI00343,MV0057,Delhi,2025-04-09,431,193932.69
TI00344,MV0039,Mumbai,2025-03-28,28,145564.81
TI00345,MV0054,Pune,2026-09-16,316,301013.57
TI00346,MV0102,Mumbai,2026-06-10,207,74203.4
TI00347,MV0031,Kolkata,2025-06-30,294,14144.23
TI00348,MV0153,Pune,2026-09-16,442,101313.97
TI00349,MV0283,Pune,2025-07-16,447,56845.62
TI00350,MV0095,Mumbai,2026-07-02,32,223591.36
TI00351,MV0064,Mumbai,2025-11-09,219,167564.09
TI00352,MV0229,Patna,2025-10-20,108,256203.27
TI00353,MV0220,Mumbai,2026-06-05,64,235882.71
TI00354,MV0163,Pune,2025-04-13,88,117946.79
TI00355,MV0284,Kolkata,2026-06-06,22,271480.86
TI00356,MV0097,Patna,2026-01-31,271,161680.8
TI00357,MV0171,Delhi,2025-04-10,400,236206.36
TI00358,MV0238,Patna,2025-07-06,275,303832.86
TI00359,MV0105,Pune,2026-07-15,283,244676.4
TI00360,MV0196,Patna,2025-07-06,472,490300.16
TI00361,MV0064,Pune,2026-01-14,293,90860.26
TI00362,MV0275,Patna,2025-01-06,53,268672.63
TI00363,MV0093,Delhi,2025-01-26,294,196137.72
TI00364,MV0200,Pune,2026-06-30,322,286387.69
TI00365,MV0002,Mumbai,2025-11-04,392,499912.71
TI00366,MV0052,Kolkata,2026-01-02,113,291007.79
TI00367,MV0115,Patna,2026-06-22,446,398034.26
TI00368,MV0037,Mumbai,2025-10-04,434,99343.59
TI00369,MV0207,Patna,2026-08-11,226,25627.46
TI00370,MV0236,Patna,2025-01-03,436,74083.91
TI00371,MV0162,Kolkata,2025-08-17,478,270592.4
TI00372,MV0249,Delhi,2026-09-22,103,158255.85
TI00373,MV0037,Mumbai,2026-04-22,120,236712.3
TI00374,MV0005,Pune,2025-04-22,457,439012.87
TI00375,MV0018,Pune,2026-08-12,41,240929.07
TI00376,MV0155,Delhi,2026-03-15,21,91056.18
TI00377,MV0077,Delhi,2026-04-03,491,99361.1
TI00378,MV0026,Mumbai,2025-08-07,240,36259.79
TI00379,MV0266,Delhi,2025-12-22,245,87438.18
TI00380,MV0114,Patna,2025-08-24,342,204693.18
TI00381,MV0206,Patna,2026-07-04,281,17260.14
TI00382,MV0220,Pune,2025-04-28,214,255816.22
TI00383,MV0278,Mumbai,2026-08-30,210,291779.58
TI00384,MV0089,Mumbai,2025-03-18,183,57915.83
TI00385,MV0122,Patna,2025-02-12,31,352047.73
TI00386,MV0162,Pune,2026-08-25,349,187150.53
TI00387,MV0131,Pune,2025-12-11,371,228836.3
TI00388,MV0170,Kolkata,2026-08-23,376,209554.98
TI00389,MV0071,Delhi,2025-05-14,86,76353.29
TI00390,MV0162,Patna,2025-04-14,266,211197.47
TI00391,MV0073,Pune,2026-09-19,274,71303.61
TI00392,MV0220,Mumbai,2025-08-18,427,147489.24
TI00393,MV0236,Kolkata,2026-03-22,307,123495.28
TI00394,MV0107,Patna,2025-05-10,389,314776.29
TI00395,MV0053,Patna,2026-06-22,82,414578.03
TI00396,MV0261,Pune,2026-02-06,231,452020.24
TI00397,MV0115,Delhi,2025-03-01,413,20054.16
TI00398,MV0135,Delhi,2025-03-27,356,419038.25
TI00399,MV0150,Delhi,2025-05-19,452,406414.79
TI00400,MV0080,Kolkata,2025-01-14,405,454518.87
TI00401,MV0298,Delhi,2025-04-08,446,68845.01
TI00402,MV0157,Patna,2026-08-18,47,196140.79
TI00403,MV0107,Patna,2025-04-19,1,173960.11
TI00404,MV0229,Kolkata,2025-10-17,41,392192.94
TI00405,MV0241,Patna,2025-11-12,330,437907.37
TI00406,MV0268,Pune,2026-07-10,159,77331.11
TI00407,MV0135,Delhi,2025-07-23,375,329118.4
TI00408,MV0295,Mumbai,2025-04-14,375,463787.7
TI00409,MV0209,Patna,2026-05-27,346,301378.82
TI00410,MV0266,Patna,2025-10-12,294,129412.58
TI00411,MV0124,Mumbai,2026-07-14,78,458874.28
TI00412,MV0018,Delhi,2026-06-22,261,372411.04
TI00413,MV0265,Mumbai,2025-12-25,144,477004.75
TI00414,MV0020,Patna,2025-03-11,485,219749.57
TI00415,MV0202,Kolkata,2025-08-26,222,321085.58
TI00416,MV0250,Delhi,2025-12-27,253,311556.88
TI00417,MV0127,Kolkata,2025-03-09,287,139678.24
TI00418,MV0060,Kolkata,2026-07-16,475,35250.48
TI00419,MV0123,Patna,2025-11-05,136,350669.49
TI00420,MV0262,Delhi,2025-09-16,52,286287.4
TI00421,MV0187,Delhi,2025-09-06,381,354444.83
TI00422,MV0184,Pune,2025-10-12,450,193009.14
TI00423,MV0257,Patna,2025-10-15,401,105463.66
TI00424,MV0034,Mumbai,2025-04-08,216,164125.46
TI00425,MV0175,Pune,2026-08-12,272,429356.94
TI00426,MV0103,Kolkata,2026-07-23,383,339983.15
TI00427,MV0026,Kolkata,2026-06-25,458,169014.73
TI00428,MV0085,Kolkata,2025-04-20,217,290399.47
TI00429,MV0132,Kolkata,2025-09-26,107,367134.94
TI00430,MV0157,Delhi,2026-03-17,96,437084.7
TI00431,MV0212,Patna,2025-10-01,119,406576.85
TI00432,MV0008,Patna,2026-08-23,360,240401.44
TI00433,MV0170,Pune,2026-07-17,99,325283.67
TI00434,MV0123,Mumbai,2026-08-21,250,62913.83
TI00435,MV0274,Delhi,2026-08-20,246,256234.87
TI00436,MV0238,Pune,2026-02-01,101,111391.23
TI00437,MV0091,Mumbai,2026-04-01,101,351490.18
TI00438,MV0043,Delhi,2025-12-13,42,53159.57
TI00439,MV0256,Kolkata,2025-02-24,262,129018.23
TI00440,MV0275,Pune,2025-01-01,266,377476.0
TI00441,MV0299,Delhi,2026-05-22,46,317892.28
TI00442,MV0161,Delhi,2025-01-23,164,320935.66
TI00443,MV0167,Mumbai,2025-01-07,331,12262.32
TI00444,MV0009,Patna,2026-08-06,464,481301.4
TI00445,MV0036,Pune,2025-11-29,83,200560.66
TI00446,MV0079,Delhi,2026-06-09,400,223124.83
TI00447,MV0194,Delhi,2025-02-23,302,328554.38
TI00448,MV0184,Pune,2026-07-24,172,364741.83
TI00449,MV0015,Pune,2026-01-01,193,300337.58
TI00450,MV0210,Pune,2026-08-11,161,385818.34
TI00451,MV0145,Pune,2025-12-05,247,8060.5
TI00452,MV0298,Kolkata,2025-07-23,143,203115.86
TI00453,MV0130,Kolkata,2026-08-06,279,281395.82
TI00454,MV0293,Patna,2026-09-08,393,413033.22
TI00455,MV0202,Pune,2026-08-12,315,373868.8
TI00456,MV0182,Delhi,2026-04-05,55,424779.36
TI00457,MV0221,Patna,2025-08-29,186,264728.06
TI00458,MV0204,Kolkata,2026-05-08,4,107468.92
TI00459,MV0133,Patna,2025-09-01,302,330783.18
TI00460,MV0068,Mumbai,2025-03-10,326,22275.45
TI00461,MV0278,Mumbai,2026-04-01,305,272029.04
TI00462,MV0037,Kolkata,2026-08-22,31,314981.08
TI00463,MV0103,Delhi,2025-02-11,272,486037.05
TI00464,MV0155,Delhi,2025-02-18,484,273555.78
TI00465,MV0052,Kolkata,2025-01-24,68,426056.32
TI00466,MV0197,Mumbai,2025-08-19,189,230555.59
TI00467,MV0172,Delhi,2025-10-23,271,150275.8
TI00468,MV0012,Mumbai,2025-02-21,391,186050.69
TI00469,MV0058,Delhi,2026-02-03,398,94186.84
TI00470,MV0252,Mumbai,2026-08-02,490,410228.57
TI00471,MV0140,Pune,2025-10-12,379,242726.32
TI00472,MV0060,Delhi,2025-02-07,114,436607.28
TI00473,MV0207,Delhi,2025-11-04,452,410582.99
TI00474,MV0224,Kolkata,2025-02-15,122,219677.77
TI00475,MV0243,Kolkata,2026-07-19,64,391531.26
TI00476,MV0253,Pune,2026-08-26,232,251825.77
TI00477,MV0150,Delhi,2025-12-01,492,21623.03
TI00478,MV0282,Delhi,2025-03-31,492,71253.55
TI00479,MV0188,Pune,2025-10-10,411,435222.67
TI00480,MV0054,Delhi,2025-02-02,255,95580.13
TI00481,MV0284,Pune,2025-08-18,251,389894.47
TI00482,MV0174,Mumbai,2026-06-07,379,346130.19
TI00483,MV0198,Kolkata,2026-06-04,362,220772.07
TI00484,MV0137,Delhi,2025-07-14,248,290460.64
TI00485,MV0010,Patna,2025-02-09,289,248831.36
TI00486,MV0255,Delhi,2025-05-28,158,194380.52
TI00487,MV0270,Delhi,2026-06-27,364,435390.62
TI00488,MV0009,Patna,2026-01-21,101,262340.62
TI00489,MV0300,Pune,2026-02-22,51,112470.95
TI00490,MV0058,Pune,2026-04-30,434,399511.95
TI00491,MV0073,Pune,2025-06-18,67,125929.75
TI00492,MV0195,Kolkata,2026-09-18,356,190748.42
TI00493,MV0201,Patna,2026-09-23,449,380244.83
TI00494,MV0139,Kolkata,2026-03-08,78,122975.7
TI00495,MV0119,Pune,2025-12-06,43,358572.81
TI00496,MV0049,Delhi,2025-11-09,356,275371.94
TI00497,MV0300,Pune,2026-03-24,42,339439.64
TI00498,MV0088,Pune,2025-10-30,406,175507.55
TI00499,MV0097,Mumbai,2026-06-05,297,148077.06
TI00500,MV0111,Pune,2025-12-13,359,236255.54
