booking_id,flight_id,travel_class,booking_date,passengers,fare
B00001,F0226,Premium Economy,2025-12-01,3,98863.0
B00002,F0171,Premium Economy,2025-10-14,5,30128.55
B00003,F0034,Business,2026-03-06,2,41581.2
B00004,F0139,Premium Economy,2025-06-28,1,52982.5
B00005,F0203,Economy,2026-01-15,3,138233.66
B00006,F0007,Economy,2025-05-06,3,23854.4
B00007,F0201,Economy,2026-08-16,2,34433.77
B00008,F0107,Economy,2025-03-13,4,46397.81
B00009,F0135,Economy,2025-10-22,4,118647.05
B00010,F0032,Premium Economy,2025-05-17,5,8995.8
B00011,F0225,Business,2026-05-28,1,99616.08
B00012,F0100,Economy,2025-04-20,4,89410.35
B00013,F0170,Premium Economy,2025-02-03,1,136737.73
B00014,F0032,Business,2025-01-09,4,101675.5
B00015,F0033,Business,2026-08-03,2,127600.16
B00016,F0167,Economy,2025-09-22,3,17034.72
B00017,F0069,Premium Economy,2026-03-23,3,124604.23
B00018,F0207,Premium Economy,2025-12-18,2,5912.46
B00019,F0171,Premium Economy,2025-08-28,3,25476.48
B00020,F0182,Business,2026-05-12,1,51879.35
B00021,F0029,Premium Economy,2025-11-11,2,80002.74
B00022,F0132,Business,2026-01-17,1,114644.22
B00023,F0138,Economy,2026-05-13,3,32992.88
B00024,F0001,Premium Economy,2026-04-14,3,126450.72
B00025,F0136,Economy,2025-03-11,2,84335.29
B00026,F0110,Economy,2026-01-01,1,132980.86
B00027,F0246,Business,2026-06-06,5,71863.83
B00028,F0213,Business,2025-04-16,4,107962.79
B00029,F0028,Business,2025-01-11,2,27910.61
B00030,F0103,Premium Economy,2025-09-16,1,68387.36
B00031,F0117,Premium Economy,2025-08-26,3,65707.53
B00032,F0216,Economy,2026-03-18,3,148950.45
B00033,F0022,Business,2026-05-11,5,38352.5
B00034,F0088,Premium Economy,2026-07-27,1,147586.96
B00035,F0110,Premium Economy,2025-04-17,3,2120.08
B00036,F0104,Economy,2025-04-17,2,54434.33
B00037,F0222,Economy,2026-02-11,2,129030.55
B00038,F0050,Business,2025-10-12,5,101362.85
B00039,F0080,Economy,2025-04-10,1,100110.71
B00040,F0046,Economy,2026-05-25,1,73575.21
B00041,F0045,Economy,2026-01-28,1,84002.76
B00042,F0155,Economy,2026-06-03,1,18319.21
B00043,F0203,Business,2025-02-19,3,106544.79
B00044,F0012,Business,2025-11-12,2,135207.62
B00045,F0138,Business,2025-10-19,5,36459.93
B00046,F0076,Business,2026-01-17,5,88506.23
B00047,F0099,Economy,2025-12-21,3,6378.19
B00048,F0042,Premium Economy,2026-07-16,5,133228.64
B00049,F0163,Business,2025-01-09,4,23723.83
B00050,F0124,Business,2025-08-26,2,113431.58
B00051,F0086,Economy,2026-07-16,2,125114.37
B00052,F0092,Premium Economy,2025-06-06,5,46667.06
B00053,F0064,Economy,2026-03-02,2,118752.47
B00054,F0204,Business,2025-01-24,1,121036.32
B00055,F0007,Business,2025-04-25,4,108785.52
B00056,F0043,Premium Economy,2026-06-09,1,90704.78
B00057,F0200,Premium Economy,2026-01-24,1,9941.2
B00058,F0027,Business,2026-03-04,5,71309.61
B00059,F0186,Premium Economy,2026-06-30,4,91568.35
B00060,F0163,Business,2026-02-16,5,89051.08
B00061,F0044,Premium Economy,2025-08-19,4,135910.04
B00062,F0094,Premium Economy,2026-05-05,5,124402.35
B00063,F0208,Premium Economy,2026-07-10,4,20933.66
B00064,F0198,Premium Economy,2025-01-07,5,129850.29
B00065,F0246,Business,2025-10-10,4,119663.67
B00066,F0179,Premium Economy,2025-07-03,5,19023.48
B00067,F0199,Business,2026-02-01,1,46928.27
B00068,F0189,Economy,2026-09-16,5,104919.98
B00069,F0099,Economy,2026-08-03,4,122887.0
B00070,F0234,Economy,2025-10-19,4,140732.99
B00071,F0134,Business,2025-04-14,3,77653.09
B00072,F0230,Business,2026-06-15,3,110951.57
B00073,F0006,Premium Economy,2026-03-08,2,35402.23
B00074,F0138,Business,2025-01-12,2,55920.14
B00075,F0239,Economy,2026-02-22,1,48272.45
B00076,F0076,Economy,2026-01-05,4,88330.91
B00077,F0171,Economy,2025-04-30,5,126493.47
B00078,F0011,Economy,2025-09-11,3,79558.93
B00079,F0078,Premium Economy,2025-02-21,1,26617.51
B00080,F0036,Business,2025-03-06,2,48916.97
B00081,F0079,Business,2025-10-25,3,98616.04
B00082,F0245,Business,2026-04-20,5,37017.52
B00083,F0160,Premium Economy,2026-08-15,1,95550.64
B00084,F0147,Premium Economy,2026-04-19,5,52843.48
B00085,F0169,Business,2026-05-19,5,15399.36
B00086,F0211,Business,2025-02-20,1,65132.72
B00087,F0068,Premium Economy,2025-02-16,2,53391.08
B00088,F0097,Economy,2026-07-18,2,97408.77
B00089,F0039,Premium Economy,2025-04-15,2,57017.51
B00090,F0054,Premium Economy,2026-01-22,4,110745.31
B00091,F0056,Economy,2025-06-13,1,90808.05
B00092,F0070,Premium Economy,2025-10-29,3,37373.7
B00093,F0142,Premium Economy,2025-01-29,4,42802.92
B00094,F0060,Premium Economy,2026-06-20,5,48520.89
B00095,F0234,Economy,2025-05-20,2,41729.38
B00096,F0206,Economy,2025-02-19,3,11187.33
B00097,F0133,Business,2026-02-08,5,43314.25
B00098,F0046,Premium Economy,2026-02-15,3,144710.42
B00099,F0122,Business,2026-04-30,1,133295.69
B00100,F0103,Economy,2026-09-10,2,80583.79
B00101,F0102,Economy,2025-07-22,1,13869.63
B00102,F0095,Premium Economy,2026-08-04,3,7899.34
B00103,F0127,Business,2025-01-31,4,129095.01
B00104,F0156,Economy,2025-04-11,3,70194.8
B00105,F0090,Premium Economy,2026-08-27,1,22793.05
B00106,F0204,Premium Economy,2026-04-20,5,91714.25
B00107,F0030,Economy,2025-09-12,1,134450.04
B00108,F0024,Economy,2025-07-12,5,130321.56
B00109,F0225,Business,2025-02-25,2,89322.68
B00110,F0092,Business,2025-09-14,3,90914.14
B00111,F0011,Premium Economy,2025-02-19,1,5008.71
B00112,F0199,Business,2025-11-10,2,139529.83
B00113,F0222,Economy,2025-05-02,3,28004.36
B00114,F0117,Economy,2025-04-24,4,2549.69
B00115,F0196,Business,2026-07-05,5,80967.78
B00116,F0155,Premium Economy,2025-07-17,2,99302.03
B00117,F0065,Premium Economy,2025-06-20,1,30322.65
B00118,F0198,Premium Economy,2025-11-20,5,147381.22
B00119,F0192,Economy,2026-07-22,4,132708.44
B00120,F0170,Premium Economy,2026-04-05,1,92158.31
B00121,F0211,Economy,2026-03-01,4,18681.47
B00122,F0045,Economy,2025-06-09,4,136070.5
B00123,F0193,Economy,2025-08-30,5,91321.11
B00124,F0202,Premium Economy,2026-03-10,4,94333.67
B00125,F0079,Economy,2025-06-07,1,96765.29
B00126,F0190,Business,2026-06-14,4,31621.97
B00127,F0249,Business,2025-09-07,5,70071.81
B00128,F0179,Business,2026-09-14,2,125448.68
B00129,F0202,Economy,2025-09-11,4,130731.26
B00130,F0135,Premium Economy,2025-05-09,3,74104.71
B00131,F0154,Economy,2026-09-23,1,141503.48
B00132,F0058,Premium Economy,2025-02-08,5,40256.86
B00133,F0132,Business,2025-07-08,3,139777.02
B00134,F0110,Business,2026-06-17,2,13342.86
B00135,F0228,Business,2025-08-27,5,133327.14
B00136,F0008,Economy,2025-08-20,5,39218.11
B00137,F0148,Economy,2026-07-20,3,53237.22
B00138,F0090,Business,2025-11-04,3,66724.66
B00139,F0232,Economy,2026-08-17,5,68043.46
B00140,F0103,Premium Economy,2025-04-16,1,94134.36
B00141,F0024,Business,2026-02-18,5,11604.75
B00142,F0012,Business,2026-07-06,4,112499.57
B00143,F0200,Business,2025-11-26,4,91900.36
B00144,F0028,Business,2025-08-20,3,55608.25
B00145,F0244,Economy,2025-06-10,3,43244.34
B00146,F0074,Business,2026-09-10,3,135158.14
B00147,F0109,Business,2026-03-09,3,22740.59
B00148,F0248,Premium Economy,2025-11-25,4,39832.06
B00149,F0229,Economy,2025-07-11,1,8153.16
B00150,F0174,Premium Economy,2025-10-20,3,30695.33
B00151,F0108,Economy,2026-06-28,3,113854.38
B00152,F0123,Business,2025-05-17,1,101675.54
B00153,F0127,Business,2026-09-04,4,16824.54
B00154,F0139,Economy,2025-06-12,4,116882.79
B00155,F0017,Economy,2026-01-15,4,11448.87
B00156,F0014,Premium Economy,2025-12-30,3,28815.69
B00157,F0038,Economy,2025-02-27,4,85359.15
B00158,F0078,Business,2026-04-19,3,78274.0
B00159,F0174,Premium Economy,2026-01-17,5,38548.48
B00160,F0101,Premium Economy,2025-10-12,2,24521.4
B00161,F0225,Economy,2026-06-27,1,39461.79
B00162,F0121,Premium Economy,2025-01-21,1,31833.11
B00163,F0074,Premium Economy,2025-03-03,1,96741.35
B00164,F0212,Premium Economy,2025-09-12,4,54271.62
B00165,F0239,Premium Economy,2026-06-03,5,83689.5
B00166,F0089,Premium Economy,2025-06-14,4,94431.98
B00167,F0031,Premium Economy,2026-06-27,4,148391.74
B00168,F0159,Economy,2025-07-20,2,13734.71
B00169,F0164,Premium Economy,2025-11-27,1,146065.65
B00170,F0117,Premium Economy,2026-04-07,5,13757.07
B00171,F0017,Premium Economy,2025-02-17,1,145994.67
B00172,F0061,Premium Economy,2026-07-24,4,89689.38
B00173,F0035,Economy,2026-08-13,4,70827.91
B00174,F0121,Economy,2025-07-31,4,53118.35
B00175,F0070,Premium Economy,2026-08-08,3,129389.09
B00176,F0230,Business,2026-04-11,2,64795.03
B00177,F0001,Premium Economy,2026-07-25,3,26237.9
B00178,F0005,Economy,2026-07-15,4,119621.33
B00179,F0218,Premium Economy,2025-01-31,2,104003.52
B00180,F0089,Economy,2026-06-22,5,114074.97
B00181,F0096,Business,2026-03-22,5,66709.63
B00182,F0027,Premium Economy,2026-04-18,1,142237.72
B00183,F0035,Premium Economy,2025-02-23,3,56730.43
B00184,F0145,Business,2026-02-04,5,28142.77
B00185,F0242,Premium Economy,2026-04-10,5,21499.66
B00186,F0214,Economy,2026-03-09,2,114793.06
B00187,F0237,Premium Economy,2026-01-26,5,140861.46
B00188,F0089,Economy,2025-06-04,5,31238.5
B00189,F0064,Premium Economy,2025-11-29,5,82277.18
B00190,F0016,Premium Economy,2025-10-03,1,56542.73
B00191,F0049,Business,2025-04-02,4,9119.4
B00192,F0001,Premium Economy,2025-07-16,1,130024.12
B00193,F0062,Economy,2025-12-17,2,55097.68
B00194,F0042,Premium Economy,2025-08-27,1,41482.3
B00195,F0087,Economy,2025-06-14,3,13158.64
B00196,F0180,Business,2025-08-05,2,47027.73
B00197,F0020,Premium Economy,2026-06-21,1,6307.41
B00198,F0140,Premium Economy,2025-05-26,2,120273.76
B00199,F0078,Business,2025-04-08,1,80753.77
B00200,F0148,Economy,2025-12-29,4,2071.83
B00201,F0193,Economy,2026-03-08,4,116395.12
B00202,F0164,Premium Economy,2025-04-18,3,141715.49
B00203,F0247,Premium Economy,2025-10-12,4,108337.2
B00204,F0108,Economy,2026-01-06,2,54753.29
B00205,F0110,Business,2026-09-18,2,138919.05
B00206,F0241,Economy,2026-07-20,5,52511.26
B00207,F0027,Business,2025-11-28,3,104130.89
B00208,F0247,Economy,2025-01-05,3,63213.03
B00209,F0121,Premium Economy,2025-03-11,1,11440.09
B00210,F0212,Premium Economy,2026-09-21,5,57919.64
B00211,F0240,Business,2025-01-27,3,77292.0
B00212,F0201,Economy,2025-05-09,2,98198.19
B00213,F0156,Business,2025-12-08,4,149553.76
B00214,F0106,Premium Economy,2025-02-07,1,106603.41
B00215,F0020,Economy,2026-05-09,4,124563.62
B00216,F0220,Economy,2025-08-19,2,11557.69
B00217,F0055,Premium Economy,2026-08-22,4,130467.16
B00218,F0104,Premium Economy,2025-05-15,4,54474.24
B00219,F0156,Economy,2025-11-17,5,126605.06
B00220,F0115,Economy,2026-07-05,3,127009.48
B00221,F0248,Premium Economy,2026-05-17,2,99460.57
B00222,F0080,Economy,2026-07-15,3,36535.65
B00223,F0076,Business,2025-03-14,2,109436.08
B00224,F0079,Economy,2026-05-12,5,111587.15
B00225,F0243,Premium Economy,2026-09-28,3,37208.97
B00226,F0139,Economy,2025-12-12,4,62729.76
B00227,F0018,Economy,2025-03-30,5,116016.53
B00228,F0203,Premium Economy,2025-06-15,2,12229.66
B00229,F0135,Business,2025-10-30,5,65159.87
B00230,F0133,Business,2025-01-28,5,134896.3
B00231,F0046,Business,2025-01-13,1,52691.62
B00232,F0024,Premium Economy,2025-11-25,5,18460.01
B00233,F0250,Business,2026-09-07,5,129595.76
B00234,F0011,Economy,2025-05-08,2,106816.99
B00235,F0152,Premium Economy,2025-07-23,2,118690.14
B00236,F0242,Business,2026-02-23,2,16558.96
B00237,F0229,Business,2026-07-08,4,28684.18
B00238,F0096,Business,2026-08-06,4,57410.8
B00239,F0230,Economy,2025-05-24,4,7861.93
B00240,F0064,Business,2025-07-19,2,57285.75
B00241,F0069,Premium Economy,2026-08-06,2,46487.1
B00242,F0215,Economy,2025-01-03,5,33550.97
B00243,F0220,Economy,2026-02-26,2,135450.05
B00244,F0177,Premium Economy,2026-03-20,3,115702.49
B00245,F0205,Business,2025-02-25,2,66448.16
B00246,F0031,Business,2025-12-14,5,57077.3
B00247,F0098,Business,2025-06-14,4,7719.86
B00248,F0031,Economy,2025-05-22,4,146027.74
B00249,F0001,Premium Economy,2025-08-10,5,43120.46
B00250,F0210,Business,2025-09-16,4,140261.0
B00251,F0156,Business,2026-02-27,4,122933.12
B00252,F0185,Business,2025-05-18,5,16572.03
B00253,F0019,Premium Economy,2025-10-17,5,26131.1
B00254,F0106,Economy,2026-05-04,3,99149.68
B00255,F0167,Premium Economy,2025-06-30,3,80262.93
B00256,F0030,Economy,2025-02-19,1,124755.84
B00257,F0211,Economy,2025-06-14,5,8337.33
B00258,F0140,Business,2026-05-09,5,48059.24
B00259,F0198,Economy,2026-09-26,4,53131.0
B00260,F0171,Economy,2026-08-16,2,106572.89
B00261,F0248,Business,2026-05-18,1,74283.9
B00262,F0019,Premium Economy,2026-09-05,4,36654.6
B00263,F0023,Premium Economy,2026-03-10,4,48812.59
B00264,F0168,Business,2026-09-09,1,93147.2
B00265,F0059,Economy,2025-01-26,2,53182.43
B00266,F0168,Economy,2025-10-04,4,2897.26
B00267,F0121,Economy,2026-08-30,1,41257.9
B00268,F0080,Premium Economy,2026-01-01,1,74784.52
B00269,F0105,Premium Economy,2025-01-21,2,138826.68
B00270,F0013,Economy,2026-03-23,3,105209.92
B00271,F0038,Economy,2025-03-11,4,101464.23
B00272,F0237,Economy,2026-07-26,4,99940.38
B00273,F0210,Business,2025-12-06,4,112489.53
B00274,F0154,Business,2025-09-17,1,42272.17
B00275,F0150,Premium Economy,2025-06-17,2,69487.14
B00276,F0003,Business,2026-08-20,3,28107.58
B00277,F0137,Economy,2026-04-01,3,138900.22
B00278,F0006,Business,2025-10-20,1,63335.52
B00279,F0005,Economy,2025-02-04,4,86788.68
B00280,F0012,Premium Economy,2026-08-17,5,13814.07
B00281,F0209,Economy,2026-02-14,5,16473.62
B00282,F0069,Business,2026-09-07,5,18438.3
B00283,F0125,Economy,2026-03-24,3,110568.25
B00284,F0029,Business,2026-07-19,5,143478.65
B00285,F0171,Premium Economy,2026-07-17,1,70300.4
B00286,F0181,Business,2025-11-03,4,50237.37
B00287,F0002,Economy,2025-11-29,5,17737.39
B00288,F0191,Business,2026-01-09,5,109854.58
B00289,F0211,Business,2025-03-01,3,76718.77
B00290,F0235,Economy,2025-06-29,3,14351.58
B00291,F0207,Premium Economy,2026-05-01,4,128960.7
B00292,F0145,Business,2025-02-22,3,129604.79
B00293,F0006,Business,2025-11-05,3,94045.65
B00294,F0138,Business,2026-04-21,3,40978.8
B00295,F0161,Business,2026-05-03,2,46164.41
B00296,F0149,Premium Economy,2025-12-31,4,19880.06
B00297,F0181,Business,2026-04-16,5,12004.26
B00298,F0227,Business,2026-02-12,4,28278.17
B00299,F0094,Premium Economy,2025-08-01,3,137137.42
B00300,F0210,Economy,2026-02-03,3,122855.41
B00301,F0211,Premium Economy,2026-02-07,2,123175.05
B00302,F0219,Economy,2025-05-16,3,55756.58
B00303,F0238,Economy,2025-12-10,4,9558.14
B00304,F0121,Business,2025-11-15,5,98052.58
B00305,F0145,Premium Economy,2025-10-06,2,65887.43
B00306,F0171,Business,2025-09-26,5,111097.03
B00307,F0213,Business,2025-05-10,5,113533.91
B00308,F0154,Business,2026-01-25,4,34777.52
B00309,F0188,Premium Economy,2026-04-30,4,78054.18
B00310,F0201,Economy,2025-08-14,3,50966.88
B00311,F0069,Premium Economy,2025-07-28,1,83132.02
B00312,F0048,Economy,2026-02-24,3,50459.55
B00313,F0138,Premium Economy,2026-07-07,5,79878.38
B00314,F0085,Premium Economy,2026-07-27,3,44854.93
B00315,F0045,Premium Economy,2026-07-03,2,63756.92
B00316,F0247,Business,2025-12-08,2,86347.35
B00317,F0227,Premium Economy,2026-04-19,2,55228.62
B00318,F0216,Business,2025-03-01,2,131518.67
B00319,F0185,Premium Economy,2025-10-28,5,97864.83
B00320,F0081,Premium Economy,2026-09-09,4,101495.7
B00321,F0122,Premium Economy,2025-03-20,3,133203.72
B00322,F0226,Business,2025-09-26,5,68340.28
B00323,F0076,Business,2025-01-23,4,26119.6
B00324,F0028,Business,2025-02-12,2,116351.3
B00325,F0102,Premium Economy,2025-03-04,4,29782.63
B00326,F0054,Economy,2026-01-27,4,83204.35
B00327,F0130,Economy,2025-03-10,5,122416.97
B00328,F0195,Business,2025-09-26,1,3052.06
B00329,F0105,Business,2025-03-01,5,147402.29
B00330,F0165,Economy,2025-02-26,3,99260.14
B00331,F0226,Economy,2025-02-21,3,105079.63
B00332,F0206,Premium Economy,2026-09-14,5,120331.07
B00333,F0036,Business,2025-08-20,5,74804.19
B00334,F0023,Premium Economy,2025-04-18,5,123132.76
B00335,F0108,Business,2026-09-07,1,84365.0
B00336,F0109,Premium Economy,2025-10-30,3,57651.71
B00337,F0119,Economy,2025-06-02,3,97120.67
B00338,F0012,Premium Economy,2026-05-16,4,122854.06
B00339,F0060,Economy,2026-05-02,3,22153.09
B00340,F0218,Premium Economy,2025-01-14,5,76198.48
B00341,F0141,Premium Economy,2026-03-27,2,9513.01
B00342,F0195,Business,2025-08-02,1,9275.04
B00343,F0194,Premium Economy,2026-02-08,2,125818.14
B00344,F0109,Premium Economy,2026-01-03,5,35981.47
B00345,F0156,Premium Economy,2025-12-19,1,91865.08
B00346,F0164,Premium Economy,2026-08-15,3,23845.13
B00347,F0204,Economy,2025-12-17,2,149612.85
B00348,F0108,Premium Economy,2025-04-09,5,61631.16
B00349,F0068,Economy,2025-04-02,1,113092.49
B00350,F0116,Economy,2026-04-01,2,54000.57
B00351,F0127,Economy,2025-08-22,4,10923.6
B00352,F0057,Business,2026-07-27,4,73916.95
B00353,F0112,Premium Economy,2025-09-27,1,54845.86
B00354,F0209,Premium Economy,2025-12-25,4,2995.95
B00355,F0008,Economy,2025-02-12,3,134534.93
B00356,F0006,Premium Economy,2026-01-17,4,37199.84
B00357,F0008,Economy,2025-03-05,1,90793.8
B00358,F0176,Economy,2025-11-08,1,115187.47
B00359,F0134,Economy,2026-01-06,3,44747.8
B00360,F0044,Premium Economy,2025-12-06,1,68678.44
B00361,F0062,Economy,2025-01-16,4,61049.08
B00362,F0157,Premium Economy,2025-06-01,5,99331.03
B00363,F0171,Economy,2026-07-31,3,72836.62
B00364,F0049,Premium Economy,2025-06-15,2,123250.41
B00365,F0002,Business,2025-12-13,3,73358.45
B00366,F0012,Business,2026-03-09,4,141505.63
B00367,F0161,Business,2025-11-03,3,101763.98
B00368,F0097,Economy,2025-10-31,5,8777.68
B00369,F0166,Premium Economy,2026-08-18,4,36689.26
B00370,F0189,Economy,2025-05-08,5,117152.95
B00371,F0172,Economy,2026-05-01,3,95096.77
B00372,F0033,Premium Economy,2026-02-25,5,21580.23
B00373,F0187,Economy,2026-04-24,1,126373.62
B00374,F0089,Business,2026-07-01,2,26286.63
B00375,F0234,Business,2026-01-19,5,14364.52
B00376,F0225,Business,2025-02-18,2,23278.4
B00377,F0035,Business,2025-06-04,3,145228.71
B00378,F0237,Business,2026-06-08,1,80726.25
B00379,F0146,Business,2026-09-01,2,147303.94
B00380,F0202,Premium Economy,2026-01-11,5,45163.92
B00381,F0236,Premium Economy,2026-08-20,2,81450.42
B00382,F0089,Economy,2025-06-19,5,3605.01
B00383,F0107,Economy,2025-03-15,4,126393.6
B00384,F0101,Economy,2025-08-28,5,114321.19
B00385,F0224,Business,2026-01-24,4,88405.14
B00386,F0078,Premium Economy,2025-03-07,1,52728.3
B00387,F0005,Economy,2025-12-11,4,10364.32
B00388,F0062,Economy,2026-02-01,1,132516.61
B00389,F0118,Economy,2025-04-10,3,19523.4
B00390,F0008,Economy,2025-12-18,4,63484.39
B00391,F0170,Premium Economy,2025-11-17,1,84018.32
B00392,F0043,Business,2025-10-06,5,128437.54
B00393,F0240,Business,2026-01-01,1,139706.87
B00394,F0221,Premium Economy,2025-02-07,2,70934.11
B00395,F0164,Economy,2026-07-19,4,83314.29
B00396,F0071,Economy,2025-10-11,4,8357.7
B00397,F0176,Economy,2026-08-27,3,51370.77
B00398,F0224,Economy,2025-09-18,3,143774.34
B00399,F0196,Premium Economy,2025-04-06,5,6924.24
B00400,F0123,Business,2025-08-14,4,139280.38
B00401,F0024,Premium Economy,2025-10-21,2,115415.04
B00402,F0032,Business,2025-01-01,4,87461.62
B00403,F0138,Economy,2026-06-16,2,112710.66
B00404,F0201,Business,2025-06-11,2,10145.55
B00405,F0030,Economy,2026-03-12,1,114669.94
B00406,F0247,Premium Economy,2025-02-27,2,64729.75
B00407,F0071,Premium Economy,2025-06-21,2,148772.31
B00408,F0020,Business,2026-08-26,4,24550.71
B00409,F0160,Premium Economy,2025-12-09,2,149894.99
B00410,F0059,Economy,2025-08-31,3,79913.29
B00411,F0041,Economy,2025-03-15,1,121678.68
B00412,F0123,Premium Economy,2025-05-03,4,39199.73
B00413,F0059,Economy,2025-05-02,4,114893.64
B00414,F0104,Business,2025-10-19,5,125210.55
B00415,F0071,Premium Economy,2025-04-08,1,141063.11
B00416,F0020,Business,2025-08-03,4,91106.35
B00417,F0146,Economy,2026-05-24,5,115269.04
B00418,F0237,Economy,2025-02-25,3,97322.12
B00419,F0080,Economy,2026-03-04,4,65656.36
B00420,F0163,Economy,2026-04-24,2,39613.51
B00421,F0110,Economy,2026-01-03,3,47090.99
B00422,F0220,Business,2026-06-18,1,36865.93
B00423,F0108,Business,2026-01-13,4,87482.66
B00424,F0150,Economy,2025-12-14,2,64819.05
B00425,F0188,Business,2025-09-04,1,134313.22
B00426,F0091,Premium Economy,2025-08-25,4,25699.69
B00427,F0137,Business,2026-09-12,1,12492.33
B00428,F0004,Business,2026-04-16,1,37118.64
B00429,F0069,Premium Economy,2025-07-28,1,142004.48
B00430,F0095,Business,2025-07-17,5,37026.13
B00431,F0173,Business,2025-06-20,2,10229.26
B00432,F0040,Premium Economy,2025-01-06,4,15496.16
B00433,F0112,Premium Economy,2026-02-10,4,55960.24
B00434,F0172,Business,2025-01-26,2,27598.39
B00435,F0001,Premium Economy,2026-07-10,3,65173.96
B00436,F0053,Business,2025-07-29,1,46184.24
B00437,F0187,Economy,2026-07-16,4,13619.16
B00438,F0200,Premium Economy,2025-05-14,3,88288.51
B00439,F0221,Premium Economy,2025-10-15,2,87923.1
B00440,F0163,Premium Economy,2025-11-04,5,116585.25
B00441,F0149,Economy,2025-02-18,4,116745.79
B00442,F0048,Economy,2026-06-14,3,53268.22
B00443,F0015,Business,2025-03-31,5,50302.58
B00444,F0140,Business,2025-05-18,3,9537.14
B00445,F0080,Economy,2025-05-26,2,93378.1
B00446,F0088,Premium Economy,2026-06-15,1,87466.72
B00447,F0035,Premium Economy,2025-03-07,3,72227.05
B00448,F0043,Business,2025-12-06,4,65714.94
B00449,F0114,Premium Economy,2026-01-06,2,107399.11
B00450,F0236,Economy,2026-08-27,3,113408.74
B00451,F0220,Economy,2025-02-03,3,134588.4
B00452,F0094,Business,2026-06-27,4,149504.07
B00453,F0031,Business,2026-05-13,1,7719.17
B00454,F0231,Economy,2025-12-05,4,100188.06
B00455,F0125,Economy,2025-06-01,4,66193.63
B00456,F0172,Economy,2026-06-25,5,36771.3
B00457,F0123,Economy,2025-10-02,4,18775.56
B00458,F0025,Economy,2025-09-26,1,37930.0
B00459,F0029,Economy,2025-08-06,2,83119.86
B00460,F0078,Premium Economy,2026-07-05,3,103594.19
B00461,F0244,Premium Economy,2026-03-08,1,82304.71
B00462,F0174,Business,2025-07-19,5,7843.54
B00463,F0220,Premium Economy,2025-08-05,2,70626.16
B00464,F0104,Business,2025-03-29,4,127816.78
B00465,F0124,Business,2025-11-12,2,64456.22
B00466,F0083,Premium Economy,2026-06-12,4,105700.92
B00467,F0240,Economy,2025-06-08,1,114215.23
B00468,F0084,Premium Economy,2026-09-05,1,88748.08
B00469,F0129,Economy,2026-03-05,1,24515.1
B00470,F0172,Economy,2025-09-14,1,109923.74
B00471,F0230,Business,2025-11-16,5,62996.58
B00472,F0139,Business,2025-10-13,3,115085.91
B00473,F0044,Business,2025-12-27,1,124492.59
B00474,F0061,Premium Economy,2025-06-16,1,37191.73
B00475,F0226,Economy,2025-06-25,5,55749.62
B00476,F0050,Economy,2025-03-20,4,91386.11
B00477,F0179,Premium Economy,2026-06-30,3,122426.78
B00478,F0172,Business,2026-08-23,4,135613.8
B00479,F0082,Business,2026-09-15,1,89606.06
B00480,F0173,Premium Economy,2026-08-03,2,40883.85
B00481,F0216,Economy,2026-08-03,2,52569.0
B00482,F0153,Business,2025-09-22,2,24391.83
B00483,F0119,Premium Economy,2025-06-05,1,72473.64
B00484,F0004,Economy,2026-07-23,5,135871.37
B00485,F0058,Economy,2025-10-14,5,32441.78
B00486,F0244,Business,2026-04-03,4,55192.54
B00487,F0106,Economy,2026-01-06,3,138774.19
B00488,F0063,Business,2025-04-17,2,56300.28
B00489,F0176,Premium Economy,2025-06-21,5,50993.99
B00490,F0046,Business,2025-05-21,1,66970.18
B00491,F0051,Economy,2026-04-25,2,69935.23
B00492,F0051,Economy,2025-08-21,5,65414.55
B00493,F0094,Business,2025-09-03,4,107686.59
B00494,F0110,Premium Economy,2025-11-13,3,65059.67
B00495,F0034,Economy,2025-08-05,4,127746.23
B00496,F0206,Premium Economy,2026-01-04,3,74408.33
B00497,F0063,Premium Economy,2025-04-14,4,104617.78
B00498,F0165,Premium Economy,2025-02-25,3,46063.63
B00499,F0246,Business,2025-03-04,1,88681.71
B00500,F0181,Premium Economy,2026-03-31,3,72622.91
