service_id,vehicle_id,service_type,service_center,service_date,service_cost
SV00001,VH0062,Repair,Center C,2026-03-02,24688.55
SV00002,VH0181,Accident,Center B,2025-01-19,77812.44
SV00003,VH0007,Accident,Center C,2026-06-14,21804.91
SV00004,VH0171,Regular,Center B,2026-04-06,44578.03
SV00005,VH0265,Battery,Center C,2025-10-06,18589.73
SV00006,VH0048,Regular,Center B,2026-02-14,28947.81
SV00007,VH0286,Repair,Center B,2026-01-27,79116.95
SV00008,VH0275,Regular,Center A,2026-03-18,64908.36
SV00009,VH0133,Accident,Center B,2025-01-25,41608.27
SV00010,VH0206,Accident,Center B,2025-08-10,56381.32
SV00011,VH0164,Battery,Center B,2025-11-03,21197.63
SV00012,VH0178,Accident,Center A,2026-05-12,78666.51
SV00013,VH0106,Battery,Center B,2025-06-09,48166.9
SV00014,VH0235,Battery,Center B,2026-09-25,11819.53
SV00015,VH0102,Repair,Center B,2025-06-16,11357.16
SV00016,VH0164,Battery,Center A,2025-07-25,18181.03
SV00017,VH0237,Repair,Center A,2025-09-25,19213.1
SV00018,VH0119,Repair,Center B,2025-08-02,66334.01
SV00019,VH0174,Battery,Center B,2026-04-07,50955.61
SV00020,VH0088,Repair,Center B,2025-09-10,30013.86
SV00021,VH0080,Battery,Center B,2026-08-06,17549.87
SV00022,VH0276,Accident,Center B,2026-02-15,82011.08
SV00023,VH0215,Battery,Center B,2026-09-14,93070.54
SV00024,VH0150,Battery,Center B,2026-04-21,75056.76
SV00025,VH0158,Battery,Center B,2025-02-16,79131.41
SV00026,VH0101,Battery,Center B,2025-12-30,64884.32
SV00027,VH0060,Battery,Center B,2025-09-13,91006.75
SV00028,VH0172,Battery,Center A,2025-08-09,87611.98
SV00029,VH0240,Accident,Center A,2026-07-12,12733.3
SV00030,VH0167,Battery,Center C,2025-04-22,33599.92
SV00031,VH0117,Accident,Center B,2025-12-08,26148.02
SV00032,VH0025,Battery,Center A,2025-05-21,81985.25
SV00033,VH0210,Accident,Center C,2025-02-16,99855.48
SV00034,VH0178,Regular,Center B,2025-05-14,45882.28
SV00035,VH0109,Battery,Center A,2026-05-03,8434.43
SV00036,VH0045,Repair,Center A,2025-04-07,38871.19
SV00037,VH0234,Repair,Center A,2025-02-15,96539.62
SV00038,VH0245,Accident,Center C,2026-05-02,70725.3
SV00039,VH0275,Repair,Center B,2025-08-20,91625.95
SV00040,VH0185,Accident,Center A,2025-05-17,61106.45
SV00041,VH0164,Regular,Center C,2025-09-15,66477.69
SV00042,VH0003,Regular,Center B,2026-03-28,68575.6
SV00043,VH0290,Regular,Center C,2025-10-29,71684.0
SV00044,VH0195,Regular,Center B,2025-06-06,57529.32
SV00045,VH0166,Repair,Center B,2025-02-26,86906.63
SV00046,VH0171,Regular,Center C,2026-04-29,13906.07
SV00047,VH0002,Regular,Center C,2026-06-13,81272.02
SV00048,VH0192,Battery,Center A,2025-08-25,80041.9
SV00049,VH0108,Repair,Center A,2025-07-04,97481.23
SV00050,VH0024,Accident,Center B,2026-05-15,74885.69
SV00051,VH0084,Battery,Center C,2025-11-23,83569.82
SV00052,VH0169,Accident,Center B,2026-03-01,73064.4
SV00053,VH0069,Regular,Center C,2026-01-07,83902.85
SV00054,VH0173,Accident,Center A,2025-07-24,68552.76
SV00055,VH0242,Repair,Center C,2026-09-19,80685.62
SV00056,VH0295,Battery,Center C,2025-05-05,61211.33
SV00057,VH0017,Battery,Center B,2025-06-12,58078.49
SV00058,VH0094,Accident,Center A,2026-02-17,96873.4
SV00059,VH0160,Regular,Center B,2025-12-27,79464.22
SV00060,VH0151,Accident,Center A,2026-09-29,58465.32
SV00061,VH0157,Accident,Center A,2025-06-28,36045.94
SV00062,VH0100,Accident,Center B,2026-03-07,95383.99
SV00063,VH0018,Accident,Center C,2025-01-14,22646.22
SV00064,VH0279,Regular,Center B,2025-09-16,10871.12
SV00065,VH0061,Battery,Center B,2026-07-25,48255.59
SV00066,VH0300,Regular,Center B,2025-12-09,52472.06
SV00067,VH0089,Battery,Center A,2025-03-10,31316.98
SV00068,VH0235,Accident,Center B,2025-02-17,43887.22
SV00069,VH0191,Accident,Center C,2025-06-06,98585.14
SV00070,VH0194,Battery,Center B,2026-02-12,81791.69
SV00071,VH0152,Repair,Center C,2026-04-30,52415.93
SV00072,VH0150,Battery,Center A,2025-07-28,7166.88
SV00073,VH0125,Regular,Center C,2025-07-25,28595.18
SV00074,VH0280,Regular,Center B,2025-07-16,55901.8
SV00075,VH0278,Repair,Center B,2026-03-26,64845.1
SV00076,VH0120,Accident,Center A,2025-03-30,28143.84
SV00077,VH0078,Battery,Center C,2026-01-14,24694.07
SV00078,VH0102,Regular,Center B,2025-05-01,77787.63
SV00079,VH0111,Battery,Center B,2025-08-31,93513.31
SV00080,VH0230,Regular,Center A,2026-07-28,97227.95
SV00081,VH0054,Repair,Center B,2025-10-08,14588.97
SV00082,VH0032,Battery,Center C,2026-09-17,81339.35
SV00083,VH0080,Battery,Center C,2025-10-15,45558.74
SV00084,VH0207,Repair,Center C,2025-11-13,60222.23
SV00085,VH0241,Regular,Center C,2026-06-06,27014.32
SV00086,VH0042,Accident,Center C,2025-04-08,91582.36
SV00087,VH0003,Regular,Center B,2026-07-22,8430.3
SV00088,VH0219,Battery,Center C,2025-06-14,35093.2
SV00089,VH0095,Battery,Center A,2026-05-31,87978.13
SV00090,VH0090,Repair,Center B,2026-04-20,75737.47
SV00091,VH0183,Battery,Center B,2025-05-01,74973.53
SV00092,VH0029,Repair,Center A,2025-09-26,49814.33
SV00093,VH0193,Battery,Center B,2025-02-09,21082.71
SV00094,VH0003,Regular,Center C,2026-01-26,52138.95
SV00095,VH0221,Accident,Center B,2025-03-01,67049.83
SV00096,VH0278,Regular,Center C,2025-10-13,70117.69
SV00097,VH0013,Accident,Center A,2025-08-13,77097.24
SV00098,VH0031,Battery,Center A,2026-08-02,7201.14
SV00099,VH0036,Accident,Center B,2026-05-08,69525.46
SV00100,VH0031,Battery,Center B,2026-09-05,51396.58
SV00101,VH0031,Regular,Center C,2026-03-22,99092.23
SV00102,VH0267,Regular,Center B,2026-03-18,13133.61
SV00103,VH0296,Accident,Center C,2025-03-19,85690.49
SV00104,VH0050,Accident,Center A,2026-08-24,83785.58
SV00105,VH0272,Regular,Center B,2026-02-03,70576.73
SV00106,VH0205,Accident,Center B,2026-04-06,36722.67
SV00107,VH0162,Regular,Center C,2026-09-12,28770.28
SV00108,VH0142,Accident,Center A,2025-01-18,76480.17
SV00109,VH0252,Repair,Center B,2026-07-18,49853.19
SV00110,VH0147,Battery,Center A,2025-02-14,32626.77
SV00111,VH0255,Accident,Center B,2026-01-17,1636.92
SV00112,VH0163,Battery,Center C,2026-07-23,48612.52
SV00113,VH0161,Repair,Center A,2026-08-07,82402.05
SV00114,VH0120,Battery,Center A,2025-09-04,94221.33
SV00115,VH0099,Regular,Center C,2025-08-10,21809.49
SV00116,VH0229,Regular,Center C,2026-09-06,55611.49
SV00117,VH0235,Regular,Center B,2026-03-07,89477.44
SV00118,VH0033,Regular,Center C,2026-06-06,85103.31
SV00119,VH0221,Regular,Center C,2025-01-21,4481.1
SV00120,VH0119,Regular,Center A,2026-02-27,97201.16
SV00121,VH0073,Repair,Center C,2026-06-23,6147.48
SV00122,VH0171,Battery,Center C,2025-03-06,18809.58
SV00123,VH0061,Regular,Center B,2026-07-25,52408.2
SV00124,VH0041,Repair,Center C,2025-08-23,74753.41
SV00125,VH0257,Battery,Center C,2026-07-24,1850.96
SV00126,VH0244,Battery,Center A,2026-06-17,72561.31
SV00127,VH0142,Battery,Center B,2025-08-12,60954.82
SV00128,VH0274,Regular,Center A,2026-05-06,36406.27
SV00129,VH0169,Repair,Center A,2025-05-01,22053.61
SV00130,VH0162,Regular,Center C,2025-08-04,4721.35
SV00131,VH0096,Regular,Center B,2025-05-20,97084.96
SV00132,VH0111,Repair,Center C,2026-03-13,44043.89
SV00133,VH0041,Accident,Center C,2026-02-05,78062.13
SV00134,VH0299,Regular,Center C,2026-06-05,83862.93
SV00135,VH0193,Accident,Center C,2026-03-11,76157.3
SV00136,VH0125,Battery,Center A,2025-11-16,48531.79
SV00137,VH0166,Battery,Center A,2026-01-31,2933.99
SV00138,VH0036,Repair,Center B,2026-09-23,56461.45
SV00139,VH0228,Repair,Center B,2025-09-24,32208.81
SV00140,VH0138,Accident,Center C,2026-09-28,87008.17
SV00141,VH0181,Battery,Center A,2026-05-08,29407.07
SV00142,VH0027,Repair,Center A,2025-05-07,70163.96
SV00143,VH0214,Repair,Center C,2025-06-16,9567.35
SV00144,VH0284,Repair,Center A,2026-04-04,3247.06
SV00145,VH0032,Battery,Center A,2026-04-23,48453.19
SV00146,VH0253,Repair,Center C,2025-11-06,48878.34
SV00147,VH0226,Regular,Center B,2025-02-27,54537.69
SV00148,VH0197,Battery,Center A,2025-02-20,64110.04
SV00149,VH0296,Accident,Center C,2025-02-07,2996.83
SV00150,VH0198,Repair,Center C,2026-03-25,35525.13
SV00151,VH0063,Regular,Center C,2026-05-07,36319.25
SV00152,VH0098,Regular,Center A,2025-09-26,74205.6
SV00153,VH0138,Battery,Center B,2026-07-09,2720.14
SV00154,VH0020,Repair,Center C,2025-06-16,42966.74
SV00155,VH0288,Regular,Center C,2025-09-17,48442.75
SV00156,VH0214,Regular,Center B,2025-07-20,64360.88
SV00157,VH0154,Accident,Center A,2025-07-02,58151.86
SV00158,VH0228,Regular,Center A,2026-07-26,4569.89
SV00159,VH0033,Accident,Center A,2026-01-04,94764.94
SV00160,VH0294,Accident,Center A,2026-07-19,88155.18
SV00161,VH0240,Battery,Center B,2026-08-21,99030.9
SV00162,VH0228,Battery,Center C,2025-08-28,12283.66
SV00163,VH0060,Repair,Center C,2025-01-08,61104.19
SV00164,VH0188,Battery,Center B,2026-03-21,19313.97
SV00165,VH0126,Repair,Center A,2026-01-15,58710.08
SV00166,VH0046,Accident,Center A,2026-01-24,36275.45
SV00167,VH0036,Regular,Center A,2025-07-20,92752.14
SV00168,VH0041,Accident,Center C,2025-05-22,19674.39
SV00169,VH0146,Repair,Center C,2026-03-30,69231.61
SV00170,VH0267,Accident,Center C,2026-04-09,62740.23
SV00171,VH0184,Accident,Center B,2025-06-29,52642.86
SV00172,VH0116,Battery,Center B,2026-01-03,83228.85
SV00173,VH0074,Battery,Center C,2025-09-21,97573.91
SV00174,VH0257,Regular,Center A,2025-07-24,21868.89
SV00175,VH0188,Repair,Center C,2026-02-07,79855.51
SV00176,VH0195,Repair,Center C,2025-01-21,71200.6
SV00177,VH0131,Battery,Center A,2026-01-10,97336.47
SV00178,VH0085,Battery,Center C,2026-09-15,3713.07
SV00179,VH0023,Repair,Center B,2025-09-02,4017.46
SV00180,VH0292,Repair,Center C,2025-04-09,85871.38
SV00181,VH0271,Repair,Center B,2026-06-11,72175.77
SV00182,VH0025,Regular,Center B,2026-02-07,15854.25
SV00183,VH0088,Battery,Center C,2025-03-16,58299.84
SV00184,VH0156,Battery,Center C,2025-10-20,39295.26
SV00185,VH0050,Battery,Center C,2026-07-18,52650.83
SV00186,VH0287,Regular,Center B,2025-08-18,93059.68
SV00187,VH0158,Regular,Center A,2025-06-13,30652.57
SV00188,VH0061,Repair,Center C,2026-06-11,9203.95
SV00189,VH0117,Battery,Center C,2025-03-24,57720.53
SV00190,VH0031,Repair,Center C,2026-07-27,90583.64
SV00191,VH0067,Regular,Center C,2026-03-27,64769.69
SV00192,VH0211,Regular,Center A,2025-06-18,85761.4
SV00193,VH0171,Battery,Center A,2026-04-12,55392.41
SV00194,VH0264,Regular,Center C,2025-04-18,10010.0
SV00195,VH0291,Battery,Center B,2026-07-05,54651.57
SV00196,VH0086,Repair,Center B,2026-07-15,68873.48
SV00197,VH0018,Regular,Center A,2026-07-09,83962.23
SV00198,VH0193,Regular,Center A,2025-11-28,15008.38
SV00199,VH0021,Accident,Center C,2026-01-24,80080.44
SV00200,VH0131,Regular,Center B,2025-07-24,81726.0
SV00201,VH0025,Battery,Center C,2025-06-18,46956.21
SV00202,VH0106,Regular,Center B,2026-05-17,75458.82
SV00203,VH0076,Regular,Center B,2025-06-08,34684.64
SV00204,VH0186,Battery,Center B,2025-06-29,87959.51
SV00205,VH0271,Regular,Center B,2025-12-24,50121.73
SV00206,VH0277,Battery,Center C,2025-02-03,15686.19
SV00207,VH0277,Accident,Center C,2025-02-16,6153.61
SV00208,VH0006,Accident,Center B,2025-01-01,1770.22
SV00209,VH0161,Repair,Center A,2025-08-12,70778.37
SV00210,VH0290,Battery,Center C,2025-11-21,54238.42
SV00211,VH0239,Regular,Center C,2025-07-07,77364.32
SV00212,VH0156,Repair,Center C,2026-02-17,31266.44
SV00213,VH0165,Regular,Center A,2026-09-06,52617.01
SV00214,VH0200,Repair,Center A,2025-03-03,17444.84
SV00215,VH0049,Regular,Center A,2025-09-02,10042.9
SV00216,VH0191,Repair,Center B,2025-10-23,38929.41
SV00217,VH0232,Repair,Center C,2026-03-28,99866.7
SV00218,VH0245,Repair,Center A,2026-09-03,89255.41
SV00219,VH0231,Repair,Center A,2025-02-01,9045.81
SV00220,VH0191,Accident,Center B,2025-11-18,58808.97
SV00221,VH0056,Accident,Center A,2026-07-09,66685.52
SV00222,VH0170,Accident,Center A,2025-11-25,30204.45
SV00223,VH0106,Repair,Center C,2025-06-13,48782.31
SV00224,VH0083,Repair,Center C,2025-10-29,3997.62
SV00225,VH0242,Regular,Center C,2025-01-16,32026.74
SV00226,VH0124,Regular,Center A,2026-07-06,22956.03
SV00227,VH0083,Regular,Center C,2026-05-13,72615.11
SV00228,VH0173,Accident,Center A,2026-09-29,38577.87
SV00229,VH0263,Regular,Center C,2026-07-29,99942.23
SV00230,VH0227,Regular,Center C,2026-08-04,34412.83
SV00231,VH0273,Repair,Center C,2025-11-15,31066.02
SV00232,VH0296,Repair,Center A,2026-02-03,77711.35
SV00233,VH0093,Battery,Center C,2026-07-29,92752.66
SV00234,VH0077,Repair,Center A,2025-11-09,78517.99
SV00235,VH0263,Accident,Center B,2025-12-02,1363.05
SV00236,VH0101,Accident,Center B,2025-10-29,60178.64
SV00237,VH0137,Battery,Center B,2025-08-11,43162.72
SV00238,VH0152,Repair,Center B,2026-08-01,51232.2
SV00239,VH0039,Repair,Center C,2025-09-19,27355.63
SV00240,VH0073,Regular,Center A,2026-07-07,22479.31
SV00241,VH0176,Regular,Center C,2025-06-10,93439.19
SV00242,VH0217,Regular,Center C,2026-06-09,7708.86
SV00243,VH0091,Regular,Center C,2026-08-17,78093.63
SV00244,VH0272,Accident,Center C,2025-08-06,71155.66
SV00245,VH0260,Regular,Center B,2025-07-06,1149.22
SV00246,VH0033,Repair,Center C,2025-05-29,25873.79
SV00247,VH0143,Repair,Center C,2026-04-19,13698.07
SV00248,VH0200,Accident,Center B,2026-06-21,84200.01
SV00249,VH0181,Regular,Center C,2025-08-25,11093.54
SV00250,VH0110,Battery,Center C,2025-02-08,2493.13
SV00251,VH0291,Regular,Center A,2025-10-13,89005.86
SV00252,VH0118,Repair,Center A,2025-08-16,70555.84
SV00253,VH0251,Regular,Center B,2025-07-28,12669.87
SV00254,VH0039,Repair,Center B,2025-01-24,26375.84
SV00255,VH0262,Accident,Center C,2026-04-17,11226.81
SV00256,VH0168,Accident,Center A,2026-06-04,53466.82
SV00257,VH0293,Battery,Center C,2026-05-06,38036.49
SV00258,VH0045,Battery,Center B,2026-02-20,39381.76
SV00259,VH0024,Accident,Center C,2025-01-26,45458.31
SV00260,VH0120,Repair,Center C,2026-06-12,33206.32
SV00261,VH0201,Repair,Center A,2025-08-10,89482.48
SV00262,VH0076,Battery,Center C,2026-04-25,26305.6
SV00263,VH0226,Regular,Center C,2025-12-03,4041.62
SV00264,VH0296,Regular,Center B,2025-07-05,6371.18
SV00265,VH0264,Regular,Center B,2026-03-09,87402.25
SV00266,VH0250,Battery,Center A,2025-10-14,43340.89
SV00267,VH0245,Repair,Center A,2026-01-20,32216.41
SV00268,VH0143,Battery,Center C,2026-01-07,99255.67
SV00269,VH0293,Accident,Center C,2025-06-24,35505.98
SV00270,VH0163,Accident,Center B,2025-05-28,42472.88
SV00271,VH0273,Accident,Center B,2025-05-01,64725.6
SV00272,VH0178,Accident,Center B,2026-04-20,41782.25
SV00273,VH0229,Repair,Center C,2025-11-24,87703.23
SV00274,VH0091,Battery,Center B,2026-04-17,71507.37
SV00275,VH0003,Accident,Center C,2025-02-27,35900.93
SV00276,VH0150,Battery,Center B,2025-08-27,11446.32
SV00277,VH0226,Repair,Center A,2026-02-20,77717.97
SV00278,VH0123,Repair,Center A,2025-03-02,53641.62
SV00279,VH0252,Repair,Center C,2025-05-12,95300.44
SV00280,VH0111,Accident,Center A,2025-08-16,22337.73
SV00281,VH0214,Repair,Center C,2026-08-18,34775.73
SV00282,VH0136,Accident,Center A,2025-07-18,34928.19
SV00283,VH0109,Battery,Center B,2026-08-29,55460.17
SV00284,VH0203,Accident,Center C,2026-05-17,30804.86
SV00285,VH0009,Repair,Center B,2026-03-28,52202.3
SV00286,VH0130,Battery,Center C,2025-12-02,78651.2
SV00287,VH0274,Accident,Center A,2025-10-27,48475.05
SV00288,VH0156,Repair,Center B,2026-05-12,94756.19
SV00289,VH0271,Battery,Center C,2026-05-09,81337.18
SV00290,VH0223,Regular,Center A,2026-06-07,29027.29
SV00291,VH0040,Accident,Center B,2026-05-31,90377.76
SV00292,VH0233,Repair,Center A,2026-06-04,86558.71
SV00293,VH0259,Battery,Center C,2025-03-30,16167.33
SV00294,VH0197,Regular,Center B,2025-04-07,31729.22
SV00295,VH0180,Accident,Center A,2026-02-21,6096.77
SV00296,VH0213,Battery,Center C,2026-03-13,45517.45
SV00297,VH0171,Repair,Center B,2026-07-24,22997.17
SV00298,VH0119,Regular,Center A,2025-02-21,43312.25
SV00299,VH0092,Accident,Center A,2025-11-21,61388.9
SV00300,VH0160,Repair,Center A,2026-09-27,78179.49
SV00301,VH0192,Regular,Center B,2025-12-23,56788.9
SV00302,VH0277,Accident,Center A,2025-06-22,99812.21
SV00303,VH0144,Repair,Center A,2025-03-14,55912.26
SV00304,VH0262,Accident,Center B,2026-05-04,81427.08
SV00305,VH0031,Repair,Center C,2025-02-11,93800.62
SV00306,VH0096,Regular,Center A,2026-09-08,27725.95
SV00307,VH0074,Repair,Center A,2025-01-18,64549.43
SV00308,VH0177,Accident,Center C,2025-11-03,60782.07
SV00309,VH0075,Accident,Center C,2026-07-28,79890.75
SV00310,VH0221,Repair,Center B,2025-09-27,45283.21
SV00311,VH0292,Regular,Center C,2026-09-22,58669.71
SV00312,VH0121,Accident,Center C,2025-04-27,966.95
SV00313,VH0127,Regular,Center C,2025-07-19,31735.18
SV00314,VH0278,Battery,Center A,2025-03-31,41635.33
SV00315,VH0150,Regular,Center A,2025-08-27,27863.98
SV00316,VH0022,Battery,Center A,2025-07-08,20484.25
SV00317,VH0090,Battery,Center B,2025-03-21,91096.37
SV00318,VH0203,Battery,Center B,2025-06-01,83772.04
SV00319,VH0218,Accident,Center B,2026-07-26,96511.51
SV00320,VH0285,Regular,Center B,2026-01-10,68609.94
SV00321,VH0199,Accident,Center B,2026-08-22,84832.79
SV00322,VH0106,Accident,Center C,2026-03-09,90941.18
SV00323,VH0259,Accident,Center C,2025-12-06,78788.63
SV00324,VH0137,Regular,Center C,2025-08-17,71597.13
SV00325,VH0157,Battery,Center A,2025-08-15,94575.03
SV00326,VH0041,Repair,Center C,2025-07-15,1082.01
SV00327,VH0113,Battery,Center A,2025-05-28,21659.02
SV00328,VH0160,Battery,Center C,2026-08-31,31340.34
SV00329,VH0190,Battery,Center B,2025-10-23,15149.6
SV00330,VH0267,Repair,Center B,2026-05-15,19834.95
SV00331,VH0113,Battery,Center B,2026-04-19,31114.46
SV00332,VH0292,Accident,Center B,2025-09-08,51705.42
SV00333,VH0113,Repair,Center C,2025-12-11,87516.65
SV00334,VH0249,Repair,Center B,2026-03-30,93237.71
SV00335,VH0076,Repair,Center A,2025-05-04,43459.84
SV00336,VH0255,Accident,Center A,2025-05-09,77873.01
SV00337,VH0274,Repair,Center C,2026-08-23,23356.78
SV00338,VH0187,Regular,Center C,2025-05-25,4249.03
SV00339,VH0036,Repair,Center A,2025-01-20,51724.15
SV00340,VH0019,Accident,Center C,2025-07-16,92572.6
SV00341,VH0199,Battery,Center C,2025-07-06,99073.72
SV00342,VH0203,Repair,Center A,2025-11-29,84018.71
SV00343,VH0136,Regular,Center A,2026-06-22,26926.48
SV00344,VH0221,Repair,Center C,2025-06-02,60967.01
SV00345,VH0050,Accident,Center B,2026-09-23,24511.2
SV00346,VH0052,Regular,Center A,2025-05-18,29523.03
SV00347,VH0092,Battery,Center C,2025-01-14,68371.06
SV00348,VH0167,Regular,Center B,2026-02-03,44874.38
SV00349,VH0042,Battery,Center A,2025-09-09,87371.96
SV00350,VH0263,Repair,Center A,2025-07-04,46269.68
SV00351,VH0291,Repair,Center C,2026-03-19,41522.05
SV00352,VH0163,Battery,Center A,2026-08-24,65238.87
SV00353,VH0235,Regular,Center B,2025-09-24,41760.31
SV00354,VH0120,Repair,Center B,2026-09-21,55913.3
SV00355,VH0062,Repair,Center A,2025-08-18,50612.27
SV00356,VH0154,Accident,Center C,2026-06-02,35402.1
SV00357,VH0070,Regular,Center B,2025-02-09,10942.52
SV00358,VH0196,Regular,Center B,2025-10-03,1832.85
SV00359,VH0174,Accident,Center C,2026-07-26,58695.74
SV00360,VH0165,Regular,Center A,2025-10-10,66954.11
SV00361,VH0164,Repair,Center A,2026-08-21,82309.25
SV00362,VH0072,Accident,Center C,2025-11-01,6875.67
SV00363,VH0249,Accident,Center B,2026-07-01,5377.3
SV00364,VH0071,Regular,Center B,2025-06-17,13476.32
SV00365,VH0174,Repair,Center C,2025-10-25,34558.08
SV00366,VH0113,Accident,Center A,2025-07-11,73576.11
SV00367,VH0046,Accident,Center A,2025-09-23,58102.97
SV00368,VH0065,Battery,Center A,2025-07-24,90467.99
SV00369,VH0177,Repair,Center B,2026-03-18,52737.86
SV00370,VH0249,Battery,Center A,2025-02-12,17322.24
SV00371,VH0298,Regular,Center A,2025-05-22,91248.38
SV00372,VH0152,Regular,Center B,2025-01-26,67985.98
SV00373,VH0209,Repair,Center C,2026-06-03,35174.87
SV00374,VH0151,Repair,Center C,2025-06-22,77094.95
SV00375,VH0228,Accident,Center B,2025-10-18,98921.04
SV00376,VH0198,Battery,Center B,2025-03-26,72886.41
SV00377,VH0092,Accident,Center C,2025-07-27,87770.7
SV00378,VH0222,Battery,Center B,2025-02-02,23369.03
SV00379,VH0105,Repair,Center C,2025-01-20,64249.25
SV00380,VH0114,Repair,Center A,2025-05-10,28671.04
SV00381,VH0089,Repair,Center B,2025-10-27,26824.64
SV00382,VH0064,Regular,Center C,2025-10-14,10031.73
SV00383,VH0211,Regular,Center B,2026-04-11,50502.51
SV00384,VH0225,Accident,Center B,2026-01-31,65696.52
SV00385,VH0079,Accident,Center A,2025-07-22,69976.06
SV00386,VH0054,Battery,Center B,2025-05-26,59408.59
SV00387,VH0277,Accident,Center C,2025-04-23,24420.06
SV00388,VH0292,Repair,Center A,2026-01-09,42035.58
SV00389,VH0218,Regular,Center A,2025-10-05,26157.48
SV00390,VH0039,Accident,Center C,2026-06-23,61642.38
SV00391,VH0273,Accident,Center A,2026-01-27,60633.97
SV00392,VH0245,Battery,Center B,2026-08-18,3289.6
SV00393,VH0216,Battery,Center A,2025-02-21,85470.62
SV00394,VH0104,Repair,Center B,2025-10-29,43750.62
SV00395,VH0018,Repair,Center C,2026-02-06,87691.12
SV00396,VH0072,Regular,Center B,2026-08-22,51247.97
SV00397,VH0039,Repair,Center C,2025-04-11,82862.3
SV00398,VH0121,Accident,Center B,2025-11-24,94956.6
SV00399,VH0196,Regular,Center A,2026-05-15,53714.21
SV00400,VH0250,Battery,Center C,2025-12-20,85139.17
SV00401,VH0122,Repair,Center C,2025-05-12,81179.8
SV00402,VH0206,Accident,Center C,2025-02-23,96035.58
SV00403,VH0263,Battery,Center A,2026-08-09,11350.11
SV00404,VH0177,Repair,Center C,2025-05-22,69890.64
SV00405,VH0213,Repair,Center C,2026-07-14,67535.55
SV00406,VH0135,Accident,Center B,2025-05-29,98097.48
SV00407,VH0154,Regular,Center B,2025-11-09,87018.88
SV00408,VH0207,Accident,Center A,2025-09-12,36843.45
SV00409,VH0040,Repair,Center C,2025-12-27,54652.05
SV00410,VH0189,Battery,Center C,2025-06-30,33238.38
SV00411,VH0073,Accident,Center A,2025-07-23,90951.28
SV00412,VH0006,Repair,Center A,2026-05-20,75610.67
SV00413,VH0013,Regular,Center B,2026-07-11,18301.76
SV00414,VH0067,Repair,Center B,2026-04-01,16294.21
SV00415,VH0299,Accident,Center B,2026-08-18,94958.8
SV00416,VH0071,Battery,Center B,2026-01-14,97466.34
SV00417,VH0281,Repair,Center A,2026-08-01,58088.62
SV00418,VH0150,Accident,Center C,2025-03-02,96109.21
SV00419,VH0124,Regular,Center C,2026-09-02,28405.63
SV00420,VH0285,Regular,Center C,2025-11-13,53262.15
SV00421,VH0016,Repair,Center B,2025-07-05,47807.37
SV00422,VH0277,Accident,Center C,2026-03-21,62557.61
SV00423,VH0262,Accident,Center B,2026-07-12,91887.59
SV00424,VH0063,Repair,Center B,2025-02-22,38508.62
SV00425,VH0006,Regular,Center C,2026-06-12,46950.37
SV00426,VH0004,Repair,Center A,2026-05-25,88058.42
SV00427,VH0006,Regular,Center A,2026-02-15,87518.75
SV00428,VH0151,Repair,Center A,2025-08-18,88198.51
SV00429,VH0081,Regular,Center A,2026-08-08,5511.45
SV00430,VH0229,Repair,Center A,2025-02-10,73779.36
SV00431,VH0026,Regular,Center B,2025-04-23,30892.88
SV00432,VH0118,Battery,Center B,2025-09-13,49593.33
SV00433,VH0056,Accident,Center B,2026-02-12,34168.63
SV00434,VH0215,Accident,Center B,2025-01-10,78638.9
SV00435,VH0238,Battery,Center C,2026-03-29,76361.07
SV00436,VH0215,Regular,Center B,2025-08-22,18536.27
SV00437,VH0005,Battery,Center A,2026-03-17,22684.66
SV00438,VH0010,Regular,Center C,2026-05-04,24180.36
SV00439,VH0211,Battery,Center B,2026-05-09,8192.6
SV00440,VH0134,Accident,Center A,2026-03-12,83026.51
SV00441,VH0288,Battery,Center B,2025-09-29,73471.56
SV00442,VH0091,Repair,Center C,2026-09-25,60117.76
SV00443,VH0092,Battery,Center B,2025-07-17,92070.25
SV00444,VH0011,Battery,Center C,2026-08-28,84829.92
SV00445,VH0224,Repair,Center A,2025-02-07,87750.38
SV00446,VH0116,Regular,Center B,2026-01-15,35375.11
SV00447,VH0192,Regular,Center C,2025-12-02,57382.05
SV00448,VH0120,Accident,Center B,2025-12-18,52339.52
SV00449,VH0287,Battery,Center A,2026-08-18,42844.34
SV00450,VH0107,Accident,Center A,2025-09-09,35757.42
SV00451,VH0116,Battery,Center C,2026-02-13,10938.68
SV00452,VH0066,Repair,Center C,2026-03-27,82478.07
SV00453,VH0107,Battery,Center A,2025-02-14,46939.33
SV00454,VH0004,Regular,Center A,2026-01-31,60621.56
SV00455,VH0122,Battery,Center B,2026-06-09,14853.81
SV00456,VH0285,Regular,Center B,2026-07-16,756.13
SV00457,VH0212,Regular,Center C,2025-10-05,5938.76
SV00458,VH0006,Battery,Center C,2026-07-16,53636.65
SV00459,VH0210,Repair,Center B,2025-11-07,86249.2
SV00460,VH0150,Battery,Center A,2025-03-05,82643.13
SV00461,VH0022,Battery,Center A,2026-09-06,53802.63
SV00462,VH0206,Regular,Center A,2026-09-27,46238.58
SV00463,VH0210,Battery,Center A,2026-04-08,831.23
SV00464,VH0240,Repair,Center C,2025-06-04,45926.82
SV00465,VH0078,Repair,Center C,2025-03-12,61944.5
SV00466,VH0194,Regular,Center C,2025-11-25,65809.65
SV00467,VH0036,Repair,Center A,2026-09-22,56474.72
SV00468,VH0073,Regular,Center A,2026-04-06,88610.54
SV00469,VH0016,Repair,Center B,2025-07-22,4695.31
SV00470,VH0087,Battery,Center B,2026-01-09,1762.9
SV00471,VH0153,Regular,Center A,2025-05-26,64137.08
SV00472,VH0161,Repair,Center C,2026-09-26,73961.79
SV00473,VH0224,Accident,Center A,2025-03-25,1514.79
SV00474,VH0086,Regular,Center C,2026-09-13,36668.81
SV00475,VH0109,Accident,Center B,2025-09-02,66986.36
SV00476,VH0217,Repair,Center B,2026-01-06,60596.6
SV00477,VH0059,Repair,Center A,2026-05-05,84821.72
SV00478,VH0170,Accident,Center B,2026-05-19,31328.32
SV00479,VH0232,Repair,Center B,2026-07-08,96836.19
SV00480,VH0006,Regular,Center B,2026-06-12,44776.28
SV00481,VH0190,Battery,Center B,2026-01-15,80912.98
SV00482,VH0082,Regular,Center C,2025-07-15,86481.46
SV00483,VH0082,Repair,Center B,2025-02-07,9089.4
SV00484,VH0223,Regular,Center C,2026-09-04,58786.08
SV00485,VH0189,Battery,Center A,2025-11-17,61873.2
SV00486,VH0085,Repair,Center C,2026-04-05,14651.54
SV00487,VH0088,Accident,Center C,2025-01-28,58591.14
SV00488,VH0157,Battery,Center A,2025-02-14,86078.16
SV00489,VH0110,Regular,Center B,2025-05-31,2048.2
SV00490,VH0126,Battery,Center C,2025-11-19,64962.4
SV00491,VH0188,Battery,Center B,2026-01-22,30738.62
SV00492,VH0223,Regular,Center C,2026-09-07,5240.88
SV00493,VH0167,Regular,Center B,2025-07-26,99590.29
SV00494,VH0221,Regular,Center B,2025-08-02,69374.77
SV00495,VH0105,Battery,Center A,2026-08-18,64290.54
SV00496,VH0237,Repair,Center B,2025-01-21,10062.88
SV00497,VH0051,Regular,Center B,2026-03-13,31215.97
SV00498,VH0217,Repair,Center C,2025-03-27,99107.31
SV00499,VH0063,Regular,Center C,2025-01-30,66418.76
SV00500,VH0116,Battery,Center C,2025-09-11,59040.4
