vehicle_id,model,city,vehicle_type
VH0001,Sedan X,Mumbai,Commercial
VH0002,Sedan X,Delhi,Electric
VH0003,Truck Max,Patna,Electric
VH0004,Truck Max,Patna,Commercial
VH0005,Sedan X,Pune,Commercial
VH0006,SUV Pro,Mumbai,Passenger
VH0007,Truck Max,Mumbai,Electric
VH0008,Sedan X,Mumbai,Commercial
VH0009,Truck Max,Patna,Electric
VH0010,EV One,Delhi,Passenger
VH0011,Sedan X,Bangalore,Passenger
VH0012,SUV Pro,Mumbai,Electric
VH0013,EV One,Pune,Electric
VH0014,Truck Max,Bangalore,Passenger
VH0015,Sedan X,Delhi,Electric
VH0016,EV One,Delhi,Passenger
VH0017,SUV Pro,Patna,Passenger
VH0018,Hatch Z,Pune,Passenger
VH0019,Sedan X,Delhi,Electric
VH0020,Hatch Z,Bangalore,Electric
VH0021,Sedan X,Patna,Passenger
VH0022,Truck Max,Delhi,Commercial
VH0023,SUV Pro,Bangalore,Passenger
VH0024,EV One,Patna,Commercial
VH0025,Sedan X,Pune,Electric
VH0026,Hatch Z,Bangalore,Passenger
VH0027,SUV Pro,Mumbai,Electric
VH0028,Hatch Z,Mumbai,Commercial
VH0029,Hatch Z,Delhi,Commercial
VH0030,Sedan X,Bangalore,Commercial
VH0031,EV One,Pune,Electric
VH0032,Hatch Z,Patna,Commercial
VH0033,SUV Pro,Pune,Passenger
VH0034,SUV Pro,Bangalore,Commercial
VH0035,EV One,Patna,Commercial
VH0036,Sedan X,Pune,Electric
VH0037,Sedan X,Patna,Passenger
VH0038,Truck Max,Mumbai,Electric
VH0039,Sedan X,Patna,Electric
VH0040,Sedan X,Patna,Commercial
VH0041,Hatch Z,Mumbai,Passenger
VH0042,Sedan X,Pune,Electric
VH0043,Truck Max,Delhi,Passenger
VH0044,Truck Max,Pune,Commercial
VH0045,EV One,Pune,Passenger
VH0046,Truck Max,Delhi,Passenger
VH0047,Hatch Z,Mumbai,Passenger
VH0048,Hatch Z,Mumbai,Commercial
VH0049,Hatch Z,Mumbai,Electric
VH0050,Truck Max,Delhi,Passenger
VH0051,Sedan X,Mumbai,Passenger
VH0052,Sedan X,Delhi,Electric
VH0053,Hatch Z,Delhi,Electric
VH0054,Hatch Z,Pune,Electric
VH0055,Sedan X,Delhi,Electric
VH0056,Truck Max,Mumbai,Commercial
VH0057,Hatch Z,Patna,Passenger
VH0058,Sedan X,Mumbai,Commercial
VH0059,EV One,Delhi,Passenger
VH0060,Hatch Z,Mumbai,Passenger
VH0061,EV One,Pune,Passenger
VH0062,EV One,Bangalore,Electric
VH0063,Hatch Z,Delhi,Electric
VH0064,EV One,Delhi,Electric
VH0065,Hatch Z,Delhi,Passenger
VH0066,SUV Pro,Mumbai,Electric
VH0067,Truck Max,Pune,Passenger
VH0068,Hatch Z,Bangalore,Electric
VH0069,EV One,Delhi,Electric
VH0070,SUV Pro,Delhi,Electric
VH0071,SUV Pro,Pune,Passenger
VH0072,Sedan X,Bangalore,Passenger
VH0073,EV One,Bangalore,Electric
VH0074,Truck Max,Bangalore,Passenger
VH0075,Sedan X,Bangalore,Passenger
VH0076,SUV Pro,Mumbai,Commercial
VH0077,EV One,Mumbai,Electric
VH0078,Sedan X,Pune,Passenger
VH0079,Truck Max,Mumbai,Commercial
VH0080,Sedan X,Bangalore,Electric
VH0081,Hatch Z,Mumbai,Commercial
VH0082,Hatch Z,Pune,Electric
VH0083,Sedan X,Pune,Electric
VH0084,SUV Pro,Pune,Passenger
VH0085,Hatch Z,Patna,Electric
VH0086,SUV Pro,Patna,Commercial
VH0087,EV One,Bangalore,Passenger
VH0088,Hatch Z,Mumbai,Electric
VH0089,Truck Max,Pune,Commercial
VH0090,EV One,Patna,Passenger
VH0091,SUV Pro,Pune,Electric
VH0092,SUV Pro,Bangalore,Electric
VH0093,Sedan X,Mumbai,Commercial
VH0094,EV One,Mumbai,Commercial
VH0095,EV One,Pune,Commercial
VH0096,Truck Max,Mumbai,Commercial
VH0097,Sedan X,Delhi,Commercial
VH0098,Hatch Z,Bangalore,Electric
VH0099,Hatch Z,Mumbai,Commercial
VH0100,Hatch Z,Patna,Passenger
VH0101,Truck Max,Bangalore,Electric
VH0102,Truck Max,Patna,Electric
VH0103,EV One,Bangalore,Electric
VH0104,SUV Pro,Bangalore,Commercial
VH0105,Hatch Z,Pune,Electric
VH0106,SUV Pro,Delhi,Commercial
VH0107,Sedan X,Mumbai,Passenger
VH0108,Hatch Z,Bangalore,Commercial
VH0109,Hatch Z,Delhi,Passenger
VH0110,Truck Max,Mumbai,Passenger
VH0111,Truck Max,Bangalore,Electric
VH0112,SUV Pro,Patna,Passenger
VH0113,Sedan X,Bangalore,Commercial
VH0114,Truck Max,Bangalore,Commercial
VH0115,EV One,Delhi,Commercial
VH0116,Sedan X,Mumbai,Commercial
VH0117,Hatch Z,Patna,Passenger
VH0118,Truck Max,Bangalore,Passenger
VH0119,EV One,Mumbai,Electric
VH0120,Truck Max,Mumbai,Passenger
VH0121,Hatch Z,Pune,Passenger
VH0122,EV One,Bangalore,Commercial
VH0123,EV One,Patna,Commercial
VH0124,Truck Max,Delhi,Passenger
VH0125,SUV Pro,Mumbai,Passenger
VH0126,SUV Pro,Bangalore,Passenger
VH0127,SUV Pro,Bangalore,Passenger
VH0128,Sedan X,Patna,Passenger
VH0129,Hatch Z,Bangalore,Passenger
VH0130,SUV Pro,Mumbai,Commercial
VH0131,SUV Pro,Delhi,Passenger
VH0132,SUV Pro,Mumbai,Commercial
VH0133,EV One,Delhi,Commercial
VH0134,Truck Max,Mumbai,Passenger
VH0135,Hatch Z,Patna,Commercial
VH0136,Hatch Z,Pune,Passenger
VH0137,Sedan X,Pune,Commercial
VH0138,SUV Pro,Patna,Commercial
VH0139,SUV Pro,Mumbai,Passenger
VH0140,Hatch Z,Bangalore,Commercial
VH0141,Hatch Z,Delhi,Passenger
VH0142,Truck Max,Pune,Electric
VH0143,Truck Max,Bangalore,Electric
VH0144,Hatch Z,Mumbai,Passenger
VH0145,Truck Max,Mumbai,Passenger
VH0146,Sedan X,Bangalore,Electric
VH0147,Truck Max,Patna,Electric
VH0148,Sedan X,Patna,Electric
VH0149,EV One,Pune,Electric
VH0150,Truck Max,Patna,Electric
VH0151,Hatch Z,Mumbai,Commercial
VH0152,Hatch Z,Patna,Passenger
VH0153,EV One,Patna,Electric
VH0154,Truck Max,Delhi,Passenger
VH0155,EV One,Patna,Electric
VH0156,EV One,Delhi,Electric
VH0157,Truck Max,Bangalore,Electric
VH0158,SUV Pro,Mumbai,Commercial
VH0159,Truck Max,Bangalore,Passenger
VH0160,Hatch Z,Delhi,Electric
VH0161,Hatch Z,Pune,Passenger
VH0162,EV One,Patna,Passenger
VH0163,Hatch Z,Pune,Commercial
VH0164,Truck Max,Bangalore,Commercial
VH0165,Truck Max,Bangalore,Electric
VH0166,Truck Max,Mumbai,Electric
VH0167,Truck Max,Mumbai,Commercial
VH0168,Truck Max,Pune,Electric
VH0169,EV One,Mumbai,Commercial
VH0170,EV One,Bangalore,Electric
VH0171,SUV Pro,Patna,Passenger
VH0172,Truck Max,Patna,Passenger
VH0173,EV One,Bangalore,Electric
VH0174,SUV Pro,Patna,Commercial
VH0175,SUV Pro,Delhi,Passenger
VH0176,Truck Max,Patna,Passenger
VH0177,Truck Max,Delhi,Electric
VH0178,SUV Pro,Bangalore,Passenger
VH0179,EV One,Delhi,Electric
VH0180,EV One,Delhi,Commercial
VH0181,SUV Pro,Mumbai,Electric
VH0182,EV One,Pune,Electric
VH0183,Hatch Z,Pune,Passenger
VH0184,Sedan X,Pune,Commercial
VH0185,EV One,Delhi,Commercial
VH0186,Sedan X,Patna,Commercial
VH0187,Hatch Z,Bangalore,Commercial
VH0188,SUV Pro,Bangalore,Electric
VH0189,Truck Max,Patna,Passenger
VH0190,Truck Max,Delhi,Electric
VH0191,SUV Pro,Bangalore,Passenger
VH0192,Truck Max,Delhi,Passenger
VH0193,SUV Pro,Bangalore,Commercial
VH0194,Hatch Z,Patna,Electric
VH0195,Truck Max,Bangalore,Electric
VH0196,Hatch Z,Patna,Commercial
VH0197,SUV Pro,Patna,Electric
VH0198,EV One,Patna,Electric
VH0199,Truck Max,Patna,Electric
VH0200,Truck Max,Patna,Passenger
VH0201,Sedan X,Delhi,Electric
VH0202,SUV Pro,Mumbai,Passenger
VH0203,SUV Pro,Delhi,Electric
VH0204,EV One,Delhi,Commercial
VH0205,Sedan X,Mumbai,Passenger
VH0206,SUV Pro,Pune,Passenger
VH0207,Hatch Z,Mumbai,Passenger
VH0208,Sedan X,Mumbai,Commercial
VH0209,Truck Max,Mumbai,Passenger
VH0210,SUV Pro,Mumbai,Electric
VH0211,Truck Max,Delhi,Electric
VH0212,Truck Max,Pune,Electric
VH0213,SUV Pro,Delhi,Commercial
VH0214,Truck Max,Mumbai,Passenger
VH0215,Truck Max,Delhi,Passenger
VH0216,Sedan X,Pune,Electric
VH0217,EV One,Delhi,Electric
VH0218,Sedan X,Pune,Electric
VH0219,Hatch Z,Bangalore,Electric
VH0220,Hatch Z,Pune,Passenger
VH0221,Hatch Z,Bangalore,Passenger
VH0222,Sedan X,Pune,Commercial
VH0223,Sedan X,Patna,Passenger
VH0224,EV One,Delhi,Electric
VH0225,EV One,Mumbai,Electric
VH0226,Sedan X,Delhi,Electric
VH0227,SUV Pro,Delhi,Electric
VH0228,Sedan X,Mumbai,Commercial
VH0229,EV One,Mumbai,Electric
VH0230,SUV Pro,Mumbai,Passenger
VH0231,Truck Max,Bangalore,Electric
VH0232,SUV Pro,Pune,Electric
VH0233,Hatch Z,Pune,Electric
VH0234,SUV Pro,Delhi,Electric
VH0235,Truck Max,Patna,Electric
VH0236,Sedan X,Delhi,Commercial
VH0237,Truck Max,Pune,Electric
VH0238,EV One,Delhi,Electric
VH0239,SUV Pro,Mumbai,Electric
VH0240,SUV Pro,Bangalore,Commercial
VH0241,SUV Pro,Pune,Electric
VH0242,Truck Max,Patna,Commercial
VH0243,SUV Pro,Bangalore,Commercial
VH0244,EV One,Pune,Commercial
VH0245,Truck Max,Bangalore,Commercial
VH0246,EV One,Patna,Electric
VH0247,SUV Pro,Pune,Commercial
VH0248,SUV Pro,Mumbai,Passenger
VH0249,Sedan X,Pune,Commercial
VH0250,EV One,Pune,Commercial
VH0251,SUV Pro,Delhi,Passenger
VH0252,Hatch Z,Bangalore,Electric
VH0253,Hatch Z,Mumbai,Electric
VH0254,SUV Pro,Mumbai,Electric
VH0255,SUV Pro,Patna,Passenger
VH0256,Hatch Z,Mumbai,Electric
VH0257,Sedan X,Bangalore,Passenger
VH0258,SUV Pro,Pune,Passenger
VH0259,Truck Max,Pune,Electric
VH0260,Hatch Z,Patna,Passenger
VH0261,EV One,Patna,Commercial
VH0262,Sedan X,Pune,Electric
VH0263,Truck Max,Bangalore,Commercial
VH0264,SUV Pro,Mumbai,Commercial
VH0265,Hatch Z,Mumbai,Passenger
VH0266,Truck Max,Mumbai,Passenger
VH0267,Hatch Z,Pune,Commercial
VH0268,Truck Max,Mumbai,Electric
VH0269,Hatch Z,Bangalore,Electric
VH0270,Truck Max,Patna,Electric
VH0271,SUV Pro,Patna,Electric
VH0272,Hatch Z,Pune,Commercial
VH0273,EV One,Patna,Electric
VH0274,EV One,Mumbai,Passenger
VH0275,Truck Max,Delhi,Passenger
VH0276,Sedan X,Pune,Commercial
VH0277,EV One,Delhi,Electric
VH0278,Hatch Z,Pune,Electric
VH0279,Hatch Z,Bangalore,Electric
VH0280,SUV Pro,Mumbai,Commercial
VH0281,Hatch Z,Pune,Passenger
VH0282,Hatch Z,Delhi,Commercial
VH0283,Truck Max,Pune,Electric
VH0284,EV One,Delhi,Passenger
VH0285,EV One,Mumbai,Passenger
VH0286,Sedan X,Delhi,Electric
VH0287,Truck Max,Patna,Commercial
VH0288,Sedan X,Pune,Commercial
VH0289,Hatch Z,Mumbai,Electric
VH0290,SUV Pro,Mumbai,Passenger
VH0291,Hatch Z,Bangalore,Passenger
VH0292,Truck Max,Mumbai,Electric
VH0293,EV One,Bangalore,Commercial
VH0294,SUV Pro,Bangalore,Commercial
VH0295,SUV Pro,Mumbai,Passenger
VH0296,Sedan X,Bangalore,Electric
VH0297,EV One,Pune,Passenger
VH0298,EV One,Bangalore,Electric
VH0299,EV One,Mumbai,Passenger
VH0300,Sedan X,Delhi,Passenger
