patient_id,patient_name,city,patient_type
P0001,Neha Singh,Kolkata,General
P0002,Riya Sharma,Delhi,Insurance
P0003,Karan Verma,Delhi,Insurance
P0004,Amit Kumar,Pune,Insurance
P0005,Neha Singh,Mumbai,Corporate
P0006,Riya Sharma,Patna,Corporate
P0007,Karan Verma,Mumbai,Corporate
P0008,Neha Singh,Pune,Insurance
P0009,Pooja Gupta,Delhi,Corporate
P0010,Pooja Gupta,Mumbai,Insurance
P0011,Pooja Gupta,Delhi,Corporate
P0012,Karan Verma,Patna,Corporate
P0013,Karan Verma,Mumbai,Corporate
P0014,Karan Verma,Pune,Corporate
P0015,Riya Sharma,Kolkata,Insurance
P0016,Riya Sharma,Mumbai,General
P0017,Amit Kumar,Mumbai,Corporate
P0018,Neha Singh,Kolkata,Corporate
P0019,Pooja Gupta,Kolkata,Corporate
P0020,Riya Sharma,Delhi,General
P0021,Neha Singh,Pune,General
P0022,Pooja Gupta,Pune,Corporate
P0023,Pooja Gupta,Pune,Corporate
P0024,Riya Sharma,Delhi,General
P0025,Neha Singh,Mumbai,General
P0026,Neha Singh,Pune,General
P0027,Karan Verma,Kolkata,Corporate
P0028,Pooja Gupta,Delhi,Corporate
P0029,Neha Singh,Patna,Insurance
P0030,Pooja Gupta,Delhi,General
P0031,Riya Sharma,Mumbai,General
P0032,Amit Kumar,Mumbai,General
P0033,Riya Sharma,Pune,Insurance
P0034,Pooja Gupta,Mumbai,Insurance
P0035,Karan Verma,Pune,General
P0036,Amit Kumar,Mumbai,General
P0037,Pooja Gupta,Kolkata,Insurance
P0038,Amit Kumar,Pune,General
P0039,Neha Singh,Patna,Corporate
P0040,Amit Kumar,Pune,Insurance
P0041,Riya Sharma,Kolkata,Corporate
P0042,Amit Kumar,Pune,General
P0043,Neha Singh,Delhi,General
P0044,Pooja Gupta,Pune,General
P0045,Pooja Gupta,Kolkata,General
P0046,Neha Singh,Mumbai,Corporate
P0047,Riya Sharma,Pune,Insurance
P0048,Karan Verma,Delhi,General
P0049,Amit Kumar,Mumbai,Insurance
P0050,Neha Singh,Pune,Corporate
P0051,Riya Sharma,Kolkata,General
P0052,Amit Kumar,Mumbai,Insurance
P0053,Amit Kumar,Patna,Insurance
P0054,Neha Singh,Delhi,Corporate
P0055,Amit Kumar,Pune,Insurance
P0056,Riya Sharma,Mumbai,Corporate
P0057,Karan Verma,Delhi,General
P0058,Neha Singh,Delhi,General
P0059,Neha Singh,Delhi,General
P0060,Karan Verma,Delhi,Corporate
P0061,Amit Kumar,Kolkata,Corporate
P0062,Neha Singh,Delhi,General
P0063,Karan Verma,Mumbai,Insurance
P0064,Pooja Gupta,Kolkata,General
P0065,Pooja Gupta,Patna,General
P0066,Amit Kumar,Kolkata,General
P0067,Riya Sharma,Kolkata,Insurance
P0068,Neha Singh,Mumbai,Insurance
P0069,Amit Kumar,Patna,Corporate
P0070,Amit Kumar,Kolkata,Corporate
P0071,Riya Sharma,Mumbai,Corporate
P0072,Riya Sharma,Pune,General
P0073,Neha Singh,Pune,Corporate
P0074,Amit Kumar,Delhi,General
P0075,Neha Singh,Delhi,Insurance
P0076,Pooja Gupta,Delhi,Insurance
P0077,Pooja Gupta,Pune,Corporate
P0078,Amit Kumar,Delhi,Corporate
P0079,Amit Kumar,Kolkata,General
P0080,Amit Kumar,Patna,Corporate
P0081,Riya Sharma,Delhi,Insurance
P0082,Pooja Gupta,Mumbai,Insurance
P0083,Neha Singh,Kolkata,General
P0084,Karan Verma,Kolkata,General
P0085,Neha Singh,Delhi,Insurance
P0086,Karan Verma,Pune,Corporate
P0087,Pooja Gupta,Mumbai,Insurance
P0088,Neha Singh,Mumbai,Insurance
P0089,Neha Singh,Patna,General
P0090,Amit Kumar,Patna,General
P0091,Karan Verma,Pune,Insurance
P0092,Riya Sharma,Kolkata,Insurance
P0093,Amit Kumar,Pune,General
P0094,Riya Sharma,Pune,Corporate
P0095,Pooja Gupta,Kolkata,Insurance
P0096,Riya Sharma,Patna,Corporate
P0097,Neha Singh,Delhi,Insurance
P0098,Neha Singh,Delhi,General
P0099,Riya Sharma,Pune,Corporate
P0100,Riya Sharma,Kolkata,Insurance
P0101,Karan Verma,Kolkata,Insurance
P0102,Karan Verma,Kolkata,Insurance
P0103,Pooja Gupta,Kolkata,Corporate
P0104,Karan Verma,Patna,Insurance
P0105,Neha Singh,Patna,General
P0106,Neha Singh,Delhi,Corporate
P0107,Amit Kumar,Kolkata,General
P0108,Riya Sharma,Pune,General
P0109,Neha Singh,Pune,Insurance
P0110,Karan Verma,Pune,Insurance
P0111,Amit Kumar,Patna,Corporate
P0112,Pooja Gupta,Patna,Insurance
P0113,Karan Verma,Patna,Corporate
P0114,Riya Sharma,Kolkata,Insurance
P0115,Pooja Gupta,Delhi,Insurance
P0116,Neha Singh,Delhi,Corporate
P0117,Riya Sharma,Pune,Corporate
P0118,Pooja Gupta,Pune,General
P0119,Riya Sharma,Kolkata,General
P0120,Pooja Gupta,Mumbai,Corporate
P0121,Pooja Gupta,Mumbai,Corporate
P0122,Amit Kumar,Pune,Insurance
P0123,Neha Singh,Pune,Corporate
P0124,Amit Kumar,Patna,Insurance
P0125,Amit Kumar,Patna,Corporate
P0126,Pooja Gupta,Pune,Corporate
P0127,Karan Verma,Mumbai,Insurance
P0128,Pooja Gupta,Pune,Insurance
P0129,Neha Singh,Pune,Insurance
P0130,Pooja Gupta,Kolkata,Corporate
P0131,Pooja Gupta,Mumbai,Insurance
P0132,Amit Kumar,Kolkata,General
P0133,Pooja Gupta,Delhi,Corporate
P0134,Riya Sharma,Patna,General
P0135,Amit Kumar,Kolkata,General
P0136,Pooja Gupta,Kolkata,Insurance
P0137,Neha Singh,Pune,Corporate
P0138,Amit Kumar,Patna,Corporate
P0139,Karan Verma,Delhi,Corporate
P0140,Karan Verma,Delhi,Corporate
P0141,Neha Singh,Pune,Corporate
P0142,Pooja Gupta,Patna,Corporate
P0143,Pooja Gupta,Kolkata,Insurance
P0144,Amit Kumar,Pune,General
P0145,Riya Sharma,Pune,Corporate
P0146,Amit Kumar,Delhi,Insurance
P0147,Amit Kumar,Pune,Corporate
P0148,Karan Verma,Patna,Insurance
P0149,Karan Verma,Pune,Insurance
P0150,Riya Sharma,Patna,Insurance
P0151,Neha Singh,Mumbai,General
P0152,Neha Singh,Delhi,Corporate
P0153,Neha Singh,Kolkata,General
P0154,Pooja Gupta,Kolkata,General
P0155,Karan Verma,Mumbai,General
P0156,Karan Verma,Kolkata,Insurance
P0157,Pooja Gupta,Pune,Corporate
P0158,Neha Singh,Patna,Corporate
P0159,Neha Singh,Mumbai,Insurance
P0160,Riya Sharma,Delhi,Corporate
P0161,Pooja Gupta,Mumbai,General
P0162,Neha Singh,Kolkata,Corporate
P0163,Neha Singh,Patna,Insurance
P0164,Karan Verma,Delhi,Insurance
P0165,Riya Sharma,Pune,Insurance
P0166,Karan Verma,Patna,General
P0167,Neha Singh,Kolkata,Corporate
P0168,Neha Singh,Mumbai,Insurance
P0169,Amit Kumar,Patna,General
P0170,Neha Singh,Patna,Corporate
P0171,Riya Sharma,Delhi,General
P0172,Pooja Gupta,Pune,Corporate
P0173,Neha Singh,Mumbai,General
P0174,Amit Kumar,Kolkata,General
P0175,Amit Kumar,Mumbai,General
P0176,Pooja Gupta,Pune,Insurance
P0177,Neha Singh,Pune,Insurance
P0178,Neha Singh,Mumbai,Insurance
P0179,Pooja Gupta,Kolkata,Corporate
P0180,Riya Sharma,Pune,General
P0181,Pooja Gupta,Patna,Insurance
P0182,Pooja Gupta,Delhi,General
P0183,Karan Verma,Mumbai,Corporate
P0184,Riya Sharma,Kolkata,Insurance
P0185,Riya Sharma,Delhi,Corporate
P0186,Amit Kumar,Mumbai,Corporate
P0187,Riya Sharma,Patna,Corporate
P0188,Riya Sharma,Mumbai,Corporate
P0189,Amit Kumar,Pune,General
P0190,Pooja Gupta,Mumbai,Insurance
P0191,Neha Singh,Patna,General
P0192,Karan Verma,Kolkata,Insurance
P0193,Pooja Gupta,Patna,Insurance
P0194,Karan Verma,Kolkata,Corporate
P0195,Pooja Gupta,Patna,General
P0196,Karan Verma,Kolkata,General
P0197,Neha Singh,Patna,General
P0198,Pooja Gupta,Patna,General
P0199,Amit Kumar,Patna,Insurance
P0200,Karan Verma,Kolkata,Corporate
P0201,Karan Verma,Delhi,Insurance
P0202,Pooja Gupta,Delhi,Insurance
P0203,Pooja Gupta,Kolkata,Corporate
P0204,Karan Verma,Mumbai,Insurance
P0205,Karan Verma,Patna,General
P0206,Karan Verma,Kolkata,Insurance
P0207,Riya Sharma,Kolkata,General
P0208,Amit Kumar,Mumbai,Corporate
P0209,Karan Verma,Kolkata,General
P0210,Riya Sharma,Mumbai,General
P0211,Pooja Gupta,Patna,Insurance
P0212,Riya Sharma,Kolkata,Corporate
P0213,Riya Sharma,Patna,Corporate
P0214,Pooja Gupta,Delhi,Corporate
P0215,Pooja Gupta,Delhi,General
P0216,Amit Kumar,Delhi,Corporate
P0217,Karan Verma,Pune,Corporate
P0218,Amit Kumar,Kolkata,Corporate
P0219,Neha Singh,Delhi,Corporate
P0220,Neha Singh,Mumbai,General
P0221,Riya Sharma,Pune,Insurance
P0222,Karan Verma,Pune,General
P0223,Karan Verma,Patna,Insurance
P0224,Neha Singh,Kolkata,Corporate
P0225,Amit Kumar,Pune,General
P0226,Riya Sharma,Mumbai,General
P0227,Riya Sharma,Mumbai,Corporate
P0228,Pooja Gupta,Patna,Insurance
P0229,Karan Verma,Delhi,Corporate
P0230,Amit Kumar,Kolkata,General
P0231,Neha Singh,Mumbai,Corporate
P0232,Karan Verma,Pune,Corporate
P0233,Riya Sharma,Patna,Insurance
P0234,Karan Verma,Delhi,Corporate
P0235,Amit Kumar,Delhi,Insurance
P0236,Amit Kumar,Mumbai,General
P0237,Karan Verma,Patna,Corporate
P0238,Neha Singh,Pune,Insurance
P0239,Riya Sharma,Mumbai,General
P0240,Neha Singh,Delhi,Corporate
P0241,Amit Kumar,Delhi,Corporate
P0242,Amit Kumar,Mumbai,Insurance
P0243,Riya Sharma,Kolkata,Corporate
P0244,Karan Verma,Mumbai,Corporate
P0245,Pooja Gupta,Mumbai,General
P0246,Karan Verma,Delhi,Insurance
P0247,Amit Kumar,Patna,Insurance
P0248,Pooja Gupta,Delhi,Corporate
P0249,Pooja Gupta,Pune,Insurance
P0250,Pooja Gupta,Delhi,General
P0251,Neha Singh,Patna,Corporate
P0252,Karan Verma,Kolkata,Corporate
P0253,Karan Verma,Kolkata,Corporate
P0254,Riya Sharma,Pune,General
P0255,Karan Verma,Mumbai,General
P0256,Karan Verma,Kolkata,General
P0257,Neha Singh,Pune,General
P0258,Karan Verma,Pune,General
P0259,Riya Sharma,Patna,Insurance
P0260,Karan Verma,Kolkata,General
P0261,Karan Verma,Mumbai,Corporate
P0262,Neha Singh,Patna,General
P0263,Amit Kumar,Kolkata,Corporate
P0264,Karan Verma,Patna,General
P0265,Pooja Gupta,Pune,Insurance
P0266,Pooja Gupta,Patna,General
P0267,Neha Singh,Patna,Corporate
P0268,Pooja Gupta,Mumbai,Corporate
P0269,Amit Kumar,Delhi,Corporate
P0270,Riya Sharma,Patna,General
P0271,Pooja Gupta,Delhi,General
P0272,Neha Singh,Patna,Corporate
P0273,Karan Verma,Mumbai,Insurance
P0274,Karan Verma,Delhi,Insurance
P0275,Riya Sharma,Delhi,General
P0276,Karan Verma,Delhi,General
P0277,Amit Kumar,Patna,Corporate
P0278,Pooja Gupta,Patna,Insurance
P0279,Amit Kumar,Mumbai,Insurance
P0280,Karan Verma,Patna,General
P0281,Pooja Gupta,Delhi,Corporate
P0282,Amit Kumar,Patna,General
P0283,Karan Verma,Patna,Corporate
P0284,Riya Sharma,Pune,Corporate
P0285,Karan Verma,Kolkata,Corporate
P0286,Neha Singh,Kolkata,General
P0287,Karan Verma,Kolkata,General
P0288,Pooja Gupta,Pune,Insurance
P0289,Neha Singh,Pune,General
P0290,Amit Kumar,Mumbai,Corporate
P0291,Amit Kumar,Patna,General
P0292,Karan Verma,Kolkata,Insurance
P0293,Amit Kumar,Patna,Insurance
P0294,Neha Singh,Kolkata,Corporate
P0295,Pooja Gupta,Mumbai,Corporate
P0296,Amit Kumar,Delhi,Insurance
P0297,Karan Verma,Pune,Corporate
P0298,Karan Verma,Patna,General
P0299,Karan Verma,Mumbai,Insurance
P0300,Karan Verma,Patna,General
