visit_id,patient_id,department,doctor,visit_date,treatment_cost
V00001,P0234,Orthopedics,Dr Verma,2025-04-22,29298.69
V00002,P0164,Neurology,Dr Sharma,2026-02-24,49563.93
V00003,P0140,Neurology,Dr Sharma,2026-05-10,71115.16
V00004,P0281,General,Dr Verma,2026-09-18,25447.27
V00005,P0233,Dermatology,Dr Verma,2025-12-04,66472.61
V00006,P0029,Dermatology,Dr Singh,2026-07-22,56718.09
V00007,P0210,Dermatology,Dr Singh,2025-02-20,71976.02
V00008,P0132,Neurology,Dr Verma,2026-09-30,73733.86
V00009,P0085,Neurology,Dr Singh,2026-05-26,12894.21
V00010,P0256,General,Dr Verma,2025-08-26,75404.62
V00011,P0115,Dermatology,Dr Sharma,2026-05-16,57930.13
V00012,P0235,General,Dr Verma,2026-01-15,631.16
V00013,P0211,Orthopedics,Dr Kumar,2025-09-03,59621.57
V00014,P0039,Orthopedics,Dr Sharma,2026-07-07,39459.89
V00015,P0015,Dermatology,Dr Kumar,2025-07-24,8551.12
V00016,P0102,Neurology,Dr Singh,2025-01-03,54887.48
V00017,P0245,Cardiology,Dr Verma,2026-09-18,46028.9
V00018,P0153,Orthopedics,Dr Kumar,2025-03-07,78361.49
V00019,P0194,Cardiology,Dr Verma,2026-02-10,49934.09
V00020,P0192,Cardiology,Dr Sharma,2026-09-03,60524.07
V00021,P0175,General,Dr Verma,2026-01-18,71408.25
V00022,P0265,Dermatology,Dr Kumar,2025-03-29,4394.01
V00023,P0239,General,Dr Verma,2026-04-05,11390.02
V00024,P0267,Neurology,Dr Sharma,2026-05-30,48696.38
V00025,P0090,General,Dr Sharma,2025-01-08,31417.77
V00026,P0011,General,Dr Singh,2025-03-20,17310.55
V00027,P0289,Neurology,Dr Kumar,2026-04-14,62473.44
V00028,P0115,General,Dr Verma,2026-07-08,5440.34
V00029,P0138,Orthopedics,Dr Sharma,2025-11-01,12064.74
V00030,P0278,General,Dr Singh,2026-01-18,78068.38
V00031,P0237,Dermatology,Dr Sharma,2025-02-25,56584.43
V00032,P0203,General,Dr Singh,2025-06-15,11258.13
V00033,P0217,Orthopedics,Dr Verma,2026-03-01,34269.44
V00034,P0124,Orthopedics,Dr Singh,2025-04-17,42830.45
V00035,P0065,General,Dr Singh,2026-05-06,39107.61
V00036,P0051,Dermatology,Dr Singh,2026-04-10,7054.02
V00037,P0251,General,Dr Kumar,2025-04-23,32009.33
V00038,P0162,Neurology,Dr Sharma,2025-12-05,18724.43
V00039,P0169,Neurology,Dr Singh,2026-05-05,35150.55
V00040,P0030,Cardiology,Dr Sharma,2026-08-07,67037.51
V00041,P0005,Dermatology,Dr Singh,2025-03-31,37682.5
V00042,P0210,Orthopedics,Dr Sharma,2026-07-14,68427.67
V00043,P0117,Cardiology,Dr Verma,2026-01-20,48210.0
V00044,P0194,Orthopedics,Dr Singh,2025-06-27,41715.08
V00045,P0187,Dermatology,Dr Kumar,2025-01-21,49933.79
V00046,P0042,Orthopedics,Dr Kumar,2025-10-06,9647.96
V00047,P0163,Orthopedics,Dr Singh,2025-08-25,12586.67
V00048,P0053,General,Dr Singh,2026-07-05,62931.53
V00049,P0162,Cardiology,Dr Verma,2025-12-30,6876.84
V00050,P0205,General,Dr Singh,2025-10-15,76204.82
V00051,P0275,Dermatology,Dr Verma,2025-02-01,72020.8
V00052,P0150,Cardiology,Dr Verma,2025-11-30,33021.0
V00053,P0186,Cardiology,Dr Singh,2026-04-21,58613.93
V00054,P0228,Orthopedics,Dr Verma,2025-03-23,73354.35
V00055,P0077,Cardiology,Dr Kumar,2025-10-13,32372.85
V00056,P0283,Orthopedics,Dr Verma,2025-03-09,74996.66
V00057,P0210,Orthopedics,Dr Sharma,2025-01-27,31136.81
V00058,P0160,Dermatology,Dr Verma,2025-02-26,50247.19
V00059,P0190,Neurology,Dr Verma,2026-03-16,60538.91
V00060,P0179,Dermatology,Dr Kumar,2026-04-23,64400.56
V00061,P0222,Dermatology,Dr Verma,2025-06-14,9732.77
V00062,P0209,Orthopedics,Dr Sharma,2025-07-06,30833.46
V00063,P0028,Orthopedics,Dr Sharma,2026-06-27,56754.33
V00064,P0274,Cardiology,Dr Sharma,2025-02-03,1200.82
V00065,P0169,General,Dr Kumar,2025-05-06,33228.81
V00066,P0216,Neurology,Dr Kumar,2026-09-05,11014.94
V00067,P0140,Orthopedics,Dr Kumar,2026-07-05,19650.79
V00068,P0098,General,Dr Sharma,2025-08-07,14996.64
V00069,P0008,Cardiology,Dr Kumar,2026-04-25,46591.25
V00070,P0008,Cardiology,Dr Sharma,2025-08-25,61102.52
V00071,P0232,Cardiology,Dr Singh,2025-06-01,76692.3
V00072,P0057,Cardiology,Dr Sharma,2025-07-24,25019.04
V00073,P0043,Orthopedics,Dr Verma,2025-01-07,12522.78
V00074,P0162,General,Dr Kumar,2025-12-24,38349.11
V00075,P0115,Orthopedics,Dr Kumar,2026-09-17,41574.18
V00076,P0117,Cardiology,Dr Singh,2025-05-31,32978.05
V00077,P0236,General,Dr Singh,2025-05-25,5923.13
V00078,P0064,Neurology,Dr Kumar,2025-11-17,71135.32
V00079,P0228,Dermatology,Dr Verma,2026-03-27,4197.34
V00080,P0222,Cardiology,Dr Kumar,2025-02-05,53876.44
V00081,P0034,Cardiology,Dr Kumar,2025-08-13,67133.48
V00082,P0245,Cardiology,Dr Singh,2025-07-22,23506.52
V00083,P0056,General,Dr Singh,2025-08-14,22437.13
V00084,P0036,Dermatology,Dr Sharma,2026-01-09,45718.47
V00085,P0036,Neurology,Dr Verma,2025-02-11,31606.56
V00086,P0052,Neurology,Dr Verma,2025-10-17,5911.95
V00087,P0081,Orthopedics,Dr Kumar,2026-03-31,56902.13
V00088,P0037,Cardiology,Dr Verma,2025-09-04,47192.36
V00089,P0247,Dermatology,Dr Sharma,2025-03-21,2452.08
V00090,P0134,Cardiology,Dr Verma,2025-09-21,31506.62
V00091,P0091,Orthopedics,Dr Verma,2025-01-16,8915.61
V00092,P0217,Dermatology,Dr Singh,2025-02-23,13957.07
V00093,P0263,Dermatology,Dr Singh,2026-01-10,68974.47
V00094,P0289,Neurology,Dr Singh,2025-10-05,3435.77
V00095,P0139,General,Dr Verma,2025-07-30,66664.11
V00096,P0089,Cardiology,Dr Verma,2026-04-27,45945.78
V00097,P0239,Orthopedics,Dr Sharma,2026-06-22,76492.47
V00098,P0065,Cardiology,Dr Sharma,2025-09-14,36542.78
V00099,P0009,Dermatology,Dr Singh,2025-03-22,65239.57
V00100,P0274,Orthopedics,Dr Verma,2025-03-02,35845.06
V00101,P0055,Orthopedics,Dr Kumar,2026-07-19,70748.05
V00102,P0119,Cardiology,Dr Kumar,2025-04-01,72962.87
V00103,P0244,Orthopedics,Dr Verma,2025-07-09,43432.12
V00104,P0150,Dermatology,Dr Singh,2025-05-18,55544.44
V00105,P0092,Orthopedics,Dr Sharma,2025-04-16,22566.29
V00106,P0168,General,Dr Singh,2025-10-28,67855.16
V00107,P0073,Dermatology,Dr Verma,2026-04-25,55217.12
V00108,P0287,Dermatology,Dr Kumar,2026-03-31,35691.87
V00109,P0005,Cardiology,Dr Singh,2026-01-19,10798.53
V00110,P0106,General,Dr Kumar,2026-05-24,70016.67
V00111,P0007,General,Dr Kumar,2025-10-24,65090.48
V00112,P0081,Orthopedics,Dr Kumar,2025-05-09,61665.63
V00113,P0230,Orthopedics,Dr Singh,2026-03-13,63621.56
V00114,P0255,Orthopedics,Dr Verma,2025-06-02,24398.4
V00115,P0163,Dermatology,Dr Verma,2026-01-15,70030.42
V00116,P0052,Dermatology,Dr Sharma,2026-05-06,58760.41
V00117,P0234,Dermatology,Dr Sharma,2026-05-08,73968.41
V00118,P0299,Orthopedics,Dr Singh,2025-05-01,47160.35
V00119,P0080,Neurology,Dr Sharma,2025-03-14,79526.9
V00120,P0243,Orthopedics,Dr Verma,2025-01-08,48254.52
V00121,P0085,Cardiology,Dr Verma,2025-11-28,71345.75
V00122,P0250,Dermatology,Dr Kumar,2026-07-28,69516.68
V00123,P0160,Cardiology,Dr Kumar,2026-05-31,64800.18
V00124,P0102,Orthopedics,Dr Singh,2026-06-15,71765.8
V00125,P0215,General,Dr Verma,2025-11-28,40226.99
V00126,P0260,Dermatology,Dr Kumar,2026-06-26,76136.15
V00127,P0020,General,Dr Sharma,2025-07-14,51421.29
V00128,P0070,Dermatology,Dr Singh,2026-03-12,30629.52
V00129,P0124,Cardiology,Dr Sharma,2025-03-21,37776.02
V00130,P0176,Dermatology,Dr Verma,2025-06-19,53076.26
V00131,P0220,Dermatology,Dr Singh,2025-10-27,78969.41
V00132,P0082,Dermatology,Dr Singh,2026-02-02,51034.92
V00133,P0256,Cardiology,Dr Kumar,2026-02-28,5096.36
V00134,P0285,Orthopedics,Dr Sharma,2026-01-23,65113.37
V00135,P0129,Cardiology,Dr Sharma,2025-03-11,27477.45
V00136,P0197,General,Dr Sharma,2025-12-20,17813.46
V00137,P0259,General,Dr Verma,2025-06-11,57481.75
V00138,P0292,Neurology,Dr Kumar,2026-08-06,70964.5
V00139,P0224,Orthopedics,Dr Verma,2025-06-12,65799.98
V00140,P0044,Neurology,Dr Kumar,2025-01-23,73123.78
V00141,P0236,Dermatology,Dr Sharma,2026-06-24,35007.46
V00142,P0212,General,Dr Verma,2025-10-31,58887.71
V00143,P0011,Orthopedics,Dr Kumar,2026-01-24,64032.01
V00144,P0149,Cardiology,Dr Kumar,2025-12-08,66546.16
V00145,P0045,Orthopedics,Dr Sharma,2025-03-10,3906.42
V00146,P0175,Dermatology,Dr Verma,2025-09-20,34275.51
V00147,P0221,Dermatology,Dr Sharma,2026-04-15,36910.55
V00148,P0046,Orthopedics,Dr Kumar,2026-01-06,54883.36
V00149,P0065,Orthopedics,Dr Sharma,2025-01-25,33158.55
V00150,P0239,Dermatology,Dr Kumar,2025-05-07,67526.15
V00151,P0298,Cardiology,Dr Kumar,2025-04-05,13717.12
V00152,P0196,General,Dr Sharma,2026-01-20,48006.8
V00153,P0033,Orthopedics,Dr Kumar,2025-06-03,42644.35
V00154,P0121,General,Dr Verma,2026-03-19,74911.24
V00155,P0068,Cardiology,Dr Singh,2025-03-11,76993.98
V00156,P0132,Dermatology,Dr Singh,2026-04-03,72464.79
V00157,P0287,General,Dr Singh,2025-02-04,79433.08
V00158,P0161,Dermatology,Dr Verma,2026-01-22,63750.82
V00159,P0048,Cardiology,Dr Verma,2026-02-23,48714.06
V00160,P0256,Orthopedics,Dr Verma,2025-06-28,55677.01
V00161,P0237,Neurology,Dr Sharma,2026-05-01,2560.71
V00162,P0110,Orthopedics,Dr Sharma,2025-04-01,55717.74
V00163,P0164,Neurology,Dr Verma,2026-08-25,40005.96
V00164,P0071,Dermatology,Dr Sharma,2025-11-28,49155.75
V00165,P0150,Neurology,Dr Verma,2025-08-14,13700.75
V00166,P0081,Cardiology,Dr Verma,2026-02-08,8268.86
V00167,P0105,Cardiology,Dr Verma,2026-09-11,68957.28
V00168,P0083,Dermatology,Dr Sharma,2026-01-18,58046.95
V00169,P0230,Orthopedics,Dr Kumar,2025-07-26,30606.21
V00170,P0028,Dermatology,Dr Singh,2025-03-22,61698.7
V00171,P0298,Neurology,Dr Verma,2025-02-23,24086.52
V00172,P0181,General,Dr Verma,2026-04-26,63184.73
V00173,P0110,General,Dr Verma,2026-03-22,51676.64
V00174,P0137,Cardiology,Dr Verma,2025-03-16,30556.33
V00175,P0299,Cardiology,Dr Verma,2025-09-14,16154.78
V00176,P0113,General,Dr Verma,2026-09-28,72042.3
V00177,P0127,General,Dr Singh,2025-10-19,26770.87
V00178,P0286,Dermatology,Dr Sharma,2025-04-23,43448.89
V00179,P0285,Neurology,Dr Verma,2025-09-19,23212.58
V00180,P0116,Orthopedics,Dr Sharma,2026-06-29,54260.34
V00181,P0250,Orthopedics,Dr Verma,2025-06-30,49783.43
V00182,P0160,General,Dr Sharma,2026-08-05,71726.83
V00183,P0123,Dermatology,Dr Singh,2026-05-18,79822.91
V00184,P0094,General,Dr Kumar,2026-08-08,24724.32
V00185,P0020,Dermatology,Dr Kumar,2025-05-20,47801.74
V00186,P0103,General,Dr Kumar,2025-08-22,51374.79
V00187,P0234,Neurology,Dr Kumar,2026-09-10,5662.35
V00188,P0051,Neurology,Dr Verma,2025-10-30,77028.89
V00189,P0035,General,Dr Verma,2026-05-21,5295.64
V00190,P0110,Cardiology,Dr Verma,2025-12-27,46232.93
V00191,P0117,Dermatology,Dr Verma,2026-04-01,41680.25
V00192,P0233,Neurology,Dr Verma,2025-05-13,44908.45
V00193,P0170,General,Dr Verma,2025-09-16,57122.29
V00194,P0156,Orthopedics,Dr Singh,2025-06-09,52079.3
V00195,P0252,Cardiology,Dr Kumar,2026-06-28,71126.97
V00196,P0230,Orthopedics,Dr Singh,2025-09-22,27844.19
V00197,P0258,Cardiology,Dr Sharma,2025-06-24,34359.23
V00198,P0047,General,Dr Singh,2025-12-15,39141.3
V00199,P0161,General,Dr Verma,2025-11-23,10315.27
V00200,P0186,Dermatology,Dr Sharma,2025-08-11,9196.58
V00201,P0203,Neurology,Dr Verma,2026-09-06,53381.71
V00202,P0218,Dermatology,Dr Kumar,2025-05-12,58363.1
V00203,P0266,Cardiology,Dr Kumar,2025-11-30,47729.8
V00204,P0050,General,Dr Sharma,2025-05-07,56387.88
V00205,P0027,Cardiology,Dr Kumar,2025-09-18,10790.59
V00206,P0113,Orthopedics,Dr Singh,2026-04-04,15962.6
V00207,P0030,Cardiology,Dr Kumar,2025-02-11,20917.78
V00208,P0182,Neurology,Dr Singh,2026-06-13,3699.78
V00209,P0032,Neurology,Dr Kumar,2025-08-23,26545.89
V00210,P0232,Dermatology,Dr Sharma,2025-12-19,4315.97
V00211,P0141,Orthopedics,Dr Singh,2025-09-26,24700.96
V00212,P0034,Dermatology,Dr Sharma,2025-09-20,37748.59
V00213,P0209,Cardiology,Dr Sharma,2026-01-06,67664.12
V00214,P0290,General,Dr Singh,2026-02-02,53722.6
V00215,P0044,Orthopedics,Dr Singh,2026-08-15,25475.18
V00216,P0240,Cardiology,Dr Sharma,2026-02-14,56849.18
V00217,P0151,General,Dr Singh,2026-07-31,59079.03
V00218,P0277,Orthopedics,Dr Verma,2026-06-21,11437.06
V00219,P0113,Neurology,Dr Singh,2025-08-29,35042.76
V00220,P0156,Dermatology,Dr Kumar,2025-02-17,27312.79
V00221,P0224,General,Dr Singh,2025-05-11,62366.63
V00222,P0019,Orthopedics,Dr Singh,2026-02-04,10896.88
V00223,P0063,Dermatology,Dr Singh,2025-12-14,2840.84
V00224,P0266,Neurology,Dr Kumar,2025-06-11,10853.01
V00225,P0189,General,Dr Verma,2025-04-11,15802.71
V00226,P0015,Cardiology,Dr Verma,2026-08-08,47456.56
V00227,P0206,Orthopedics,Dr Verma,2025-08-18,59482.81
V00228,P0094,Cardiology,Dr Singh,2025-07-24,22031.92
V00229,P0143,Dermatology,Dr Kumar,2026-01-05,71400.32
V00230,P0294,Orthopedics,Dr Verma,2025-09-27,27884.64
V00231,P0141,Neurology,Dr Singh,2026-09-16,51253.66
V00232,P0098,General,Dr Verma,2026-07-17,25399.4
V00233,P0002,General,Dr Kumar,2025-09-01,46870.26
V00234,P0153,Dermatology,Dr Verma,2026-06-16,20831.95
V00235,P0005,Neurology,Dr Sharma,2025-03-19,33783.2
V00236,P0093,Orthopedics,Dr Verma,2025-02-25,17286.81
V00237,P0043,Orthopedics,Dr Singh,2025-11-25,64419.51
V00238,P0084,Cardiology,Dr Kumar,2025-03-02,45483.67
V00239,P0299,Dermatology,Dr Verma,2026-09-04,74937.8
V00240,P0160,Dermatology,Dr Sharma,2026-06-06,22605.03
V00241,P0136,Dermatology,Dr Verma,2025-01-26,32222.34
V00242,P0284,Dermatology,Dr Singh,2025-07-22,68984.91
V00243,P0014,Neurology,Dr Kumar,2026-04-04,68613.27
V00244,P0062,Cardiology,Dr Sharma,2025-11-25,24674.39
V00245,P0166,General,Dr Sharma,2026-01-09,17201.71
V00246,P0174,General,Dr Sharma,2025-12-22,45657.56
V00247,P0184,Neurology,Dr Sharma,2026-07-19,68445.36
V00248,P0222,General,Dr Verma,2026-05-22,2971.77
V00249,P0220,Orthopedics,Dr Verma,2025-06-16,36930.95
V00250,P0193,General,Dr Verma,2025-05-29,49110.42
V00251,P0084,Orthopedics,Dr Kumar,2025-03-19,33382.35
V00252,P0104,Orthopedics,Dr Sharma,2026-03-12,17917.69
V00253,P0134,Orthopedics,Dr Singh,2026-06-15,70112.51
V00254,P0136,Orthopedics,Dr Sharma,2026-03-09,6206.38
V00255,P0257,Cardiology,Dr Kumar,2025-07-16,10513.51
V00256,P0039,Neurology,Dr Kumar,2025-08-14,62330.15
V00257,P0055,General,Dr Singh,2026-08-27,27121.67
V00258,P0093,Neurology,Dr Verma,2025-04-14,45923.58
V00259,P0081,Dermatology,Dr Verma,2025-07-22,14477.68
V00260,P0069,Neurology,Dr Kumar,2025-11-09,26374.85
V00261,P0201,Orthopedics,Dr Sharma,2025-11-17,67807.63
V00262,P0277,General,Dr Sharma,2025-08-14,22118.98
V00263,P0139,Neurology,Dr Singh,2025-10-26,30425.88
V00264,P0012,Orthopedics,Dr Verma,2026-02-24,21072.31
V00265,P0226,Orthopedics,Dr Verma,2025-06-13,27515.96
V00266,P0015,Neurology,Dr Singh,2026-01-09,66750.23
V00267,P0153,General,Dr Kumar,2025-03-29,62500.06
V00268,P0092,General,Dr Sharma,2026-07-06,51637.26
V00269,P0057,General,Dr Sharma,2026-01-28,10572.18
V00270,P0197,General,Dr Sharma,2025-01-23,66732.45
V00271,P0167,Orthopedics,Dr Singh,2026-03-14,77761.59
V00272,P0033,General,Dr Sharma,2025-06-11,895.5
V00273,P0181,Cardiology,Dr Sharma,2025-06-17,18892.31
V00274,P0202,Orthopedics,Dr Verma,2025-04-19,32078.07
V00275,P0240,Neurology,Dr Singh,2025-06-16,76906.89
V00276,P0167,Orthopedics,Dr Sharma,2026-05-23,26552.58
V00277,P0063,Cardiology,Dr Sharma,2025-10-23,9239.81
V00278,P0086,Dermatology,Dr Sharma,2025-03-18,45056.35
V00279,P0222,Dermatology,Dr Verma,2025-11-05,34502.94
V00280,P0181,Dermatology,Dr Singh,2026-05-19,5793.37
V00281,P0171,General,Dr Verma,2026-08-12,70504.45
V00282,P0208,Orthopedics,Dr Verma,2026-09-20,54086.16
V00283,P0101,Neurology,Dr Verma,2026-09-11,1220.84
V00284,P0251,Dermatology,Dr Sharma,2025-04-21,21348.31
V00285,P0110,General,Dr Singh,2025-11-23,63157.03
V00286,P0232,Dermatology,Dr Singh,2026-05-26,10914.0
V00287,P0238,General,Dr Singh,2026-09-17,30529.64
V00288,P0238,Neurology,Dr Singh,2025-07-13,47281.84
V00289,P0217,General,Dr Singh,2025-02-05,10023.16
V00290,P0126,General,Dr Verma,2025-04-24,69880.96
V00291,P0293,Cardiology,Dr Verma,2025-12-04,9246.23
V00292,P0283,Dermatology,Dr Verma,2025-11-18,62721.66
V00293,P0102,Dermatology,Dr Sharma,2026-04-07,48177.37
V00294,P0298,Cardiology,Dr Sharma,2026-01-27,46699.06
V00295,P0062,Dermatology,Dr Sharma,2025-01-15,26481.13
V00296,P0157,General,Dr Singh,2025-08-22,14293.31
V00297,P0297,Cardiology,Dr Sharma,2025-09-21,54917.07
V00298,P0055,Dermatology,Dr Sharma,2026-01-17,62731.38
V00299,P0248,Orthopedics,Dr Verma,2026-04-10,30226.01
V00300,P0176,Cardiology,Dr Kumar,2026-02-27,8046.74
V00301,P0068,Dermatology,Dr Kumar,2026-04-25,41155.82
V00302,P0041,General,Dr Sharma,2026-05-09,71774.99
V00303,P0198,Neurology,Dr Verma,2025-10-25,71598.21
V00304,P0196,General,Dr Kumar,2025-02-09,13476.59
V00305,P0177,Cardiology,Dr Singh,2025-08-21,47194.56
V00306,P0037,General,Dr Singh,2025-12-18,60865.68
V00307,P0191,Orthopedics,Dr Singh,2026-01-21,31906.89
V00308,P0224,General,Dr Verma,2025-06-18,24339.6
V00309,P0042,Dermatology,Dr Kumar,2025-03-26,28969.86
V00310,P0290,General,Dr Sharma,2026-05-23,11891.67
V00311,P0109,Cardiology,Dr Singh,2025-09-06,67702.98
V00312,P0036,Dermatology,Dr Singh,2025-11-29,29639.1
V00313,P0192,Orthopedics,Dr Singh,2026-09-06,41932.92
V00314,P0156,Cardiology,Dr Singh,2025-10-09,55533.86
V00315,P0177,Dermatology,Dr Verma,2025-08-16,21144.93
V00316,P0173,Neurology,Dr Singh,2025-02-09,54146.57
V00317,P0036,Dermatology,Dr Sharma,2026-04-02,53899.79
V00318,P0049,General,Dr Verma,2026-04-14,43605.19
V00319,P0050,Dermatology,Dr Sharma,2026-03-27,77224.2
V00320,P0175,Neurology,Dr Kumar,2025-08-07,69736.86
V00321,P0240,General,Dr Sharma,2025-11-07,31202.87
V00322,P0167,Orthopedics,Dr Singh,2026-09-13,74283.28
V00323,P0173,Orthopedics,Dr Sharma,2025-09-09,68573.43
V00324,P0158,General,Dr Singh,2026-01-09,23238.54
V00325,P0121,General,Dr Singh,2026-09-30,73256.05
V00326,P0199,Cardiology,Dr Kumar,2025-03-22,50802.43
V00327,P0182,Dermatology,Dr Sharma,2026-03-01,79808.46
V00328,P0252,Orthopedics,Dr Singh,2025-09-06,39055.24
V00329,P0061,Orthopedics,Dr Singh,2025-09-30,58499.75
V00330,P0112,General,Dr Singh,2025-01-26,5670.35
V00331,P0257,Neurology,Dr Singh,2026-06-25,24505.22
V00332,P0134,General,Dr Sharma,2026-05-17,51964.79
V00333,P0035,Dermatology,Dr Sharma,2026-09-26,28158.78
V00334,P0166,General,Dr Sharma,2026-07-02,15238.19
V00335,P0152,General,Dr Sharma,2026-08-22,10983.78
V00336,P0284,Neurology,Dr Sharma,2025-09-02,17250.2
V00337,P0144,Cardiology,Dr Sharma,2026-08-06,29533.3
V00338,P0257,Cardiology,Dr Sharma,2025-05-24,6936.65
V00339,P0077,Neurology,Dr Sharma,2025-11-17,73445.81
V00340,P0291,Cardiology,Dr Sharma,2025-04-24,69904.84
V00341,P0006,Dermatology,Dr Verma,2025-08-12,72754.11
V00342,P0069,Neurology,Dr Singh,2025-10-12,74491.1
V00343,P0047,Neurology,Dr Singh,2025-08-10,72595.33
V00344,P0077,Dermatology,Dr Singh,2025-04-16,5559.19
V00345,P0246,Neurology,Dr Verma,2026-01-13,28747.37
V00346,P0122,Neurology,Dr Kumar,2026-07-24,74284.86
V00347,P0143,Neurology,Dr Kumar,2025-12-16,26986.76
V00348,P0017,Orthopedics,Dr Singh,2026-04-12,56872.92
V00349,P0288,Neurology,Dr Singh,2026-02-13,29212.68
V00350,P0127,Cardiology,Dr Sharma,2026-06-28,30662.64
V00351,P0225,Dermatology,Dr Singh,2025-08-15,33207.74
V00352,P0259,Neurology,Dr Verma,2025-01-20,920.65
V00353,P0160,Cardiology,Dr Singh,2026-02-09,6654.97
V00354,P0049,Cardiology,Dr Verma,2025-12-24,55470.31
V00355,P0241,Orthopedics,Dr Kumar,2026-02-10,47800.6
V00356,P0206,Cardiology,Dr Sharma,2025-02-09,57725.58
V00357,P0226,Dermatology,Dr Sharma,2026-07-27,43021.09
V00358,P0018,Cardiology,Dr Kumar,2025-03-04,23273.81
V00359,P0170,Dermatology,Dr Sharma,2026-07-31,59038.86
V00360,P0275,Orthopedics,Dr Verma,2025-02-08,68291.98
V00361,P0006,Orthopedics,Dr Verma,2026-07-07,67920.18
V00362,P0166,Orthopedics,Dr Singh,2025-08-03,33098.73
V00363,P0018,Orthopedics,Dr Kumar,2026-06-24,48940.03
V00364,P0273,Neurology,Dr Kumar,2025-01-31,3662.32
V00365,P0132,Orthopedics,Dr Verma,2026-08-14,21604.03
V00366,P0114,General,Dr Kumar,2026-05-08,77029.14
V00367,P0101,Orthopedics,Dr Kumar,2025-05-25,55099.03
V00368,P0277,Neurology,Dr Sharma,2025-10-31,33753.0
V00369,P0216,Orthopedics,Dr Kumar,2026-04-27,45444.21
V00370,P0296,Dermatology,Dr Sharma,2026-06-07,30558.66
V00371,P0263,Neurology,Dr Verma,2025-10-26,18517.88
V00372,P0214,General,Dr Singh,2025-03-11,51819.01
V00373,P0120,General,Dr Singh,2026-08-13,7055.63
V00374,P0272,Orthopedics,Dr Kumar,2025-11-16,25931.5
V00375,P0170,General,Dr Verma,2026-01-29,31078.27
V00376,P0073,Dermatology,Dr Singh,2026-02-05,49760.94
V00377,P0149,Neurology,Dr Sharma,2026-09-26,13100.94
V00378,P0227,Neurology,Dr Singh,2025-09-16,51948.37
V00379,P0160,Orthopedics,Dr Singh,2025-05-09,28908.09
V00380,P0183,Dermatology,Dr Verma,2026-04-16,766.63
V00381,P0037,Orthopedics,Dr Sharma,2026-04-07,30208.26
V00382,P0263,General,Dr Singh,2025-03-17,45275.91
V00383,P0282,General,Dr Verma,2025-06-24,1466.31
V00384,P0281,Orthopedics,Dr Singh,2025-06-30,2510.58
V00385,P0270,Neurology,Dr Sharma,2026-05-06,78368.07
V00386,P0106,Neurology,Dr Singh,2025-03-27,36071.97
V00387,P0042,Dermatology,Dr Sharma,2025-09-04,75016.68
V00388,P0196,Orthopedics,Dr Kumar,2025-12-24,40555.79
V00389,P0241,Neurology,Dr Kumar,2026-01-23,68780.46
V00390,P0245,Orthopedics,Dr Verma,2025-03-24,34746.69
V00391,P0231,Dermatology,Dr Kumar,2026-06-03,3275.1
V00392,P0277,Neurology,Dr Kumar,2025-07-06,60448.52
V00393,P0061,Cardiology,Dr Sharma,2025-06-22,65640.19
V00394,P0065,General,Dr Sharma,2025-06-14,4071.96
V00395,P0006,Dermatology,Dr Sharma,2026-08-27,43199.05
V00396,P0074,Orthopedics,Dr Verma,2025-12-25,68737.86
V00397,P0292,Neurology,Dr Singh,2026-06-28,42372.53
V00398,P0283,Cardiology,Dr Verma,2025-04-10,72269.22
V00399,P0190,Orthopedics,Dr Kumar,2026-04-04,41011.79
V00400,P0222,General,Dr Singh,2025-07-12,78826.94
V00401,P0221,Neurology,Dr Verma,2025-10-19,31812.85
V00402,P0116,Neurology,Dr Sharma,2025-01-30,67199.57
V00403,P0162,Cardiology,Dr Kumar,2025-04-18,79917.17
V00404,P0054,Orthopedics,Dr Kumar,2025-04-11,58491.47
V00405,P0042,General,Dr Kumar,2025-07-07,48128.64
V00406,P0134,Neurology,Dr Sharma,2026-09-02,734.19
V00407,P0118,Orthopedics,Dr Verma,2026-06-16,28834.75
V00408,P0038,Orthopedics,Dr Singh,2025-08-31,43792.17
V00409,P0038,Cardiology,Dr Sharma,2025-09-01,48814.87
V00410,P0225,General,Dr Kumar,2026-06-19,35533.62
V00411,P0132,Dermatology,Dr Sharma,2026-03-14,18028.28
V00412,P0142,Neurology,Dr Kumar,2026-02-04,19159.55
V00413,P0206,Dermatology,Dr Singh,2025-06-29,21707.84
V00414,P0262,Orthopedics,Dr Verma,2026-02-14,9227.91
V00415,P0245,General,Dr Kumar,2025-01-12,57404.72
V00416,P0281,Dermatology,Dr Verma,2026-04-20,10963.76
V00417,P0218,General,Dr Verma,2026-06-05,1789.62
V00418,P0198,Orthopedics,Dr Sharma,2025-01-01,57418.61
V00419,P0015,Neurology,Dr Kumar,2025-02-24,15940.37
V00420,P0251,Cardiology,Dr Verma,2026-09-16,61845.42
V00421,P0129,Neurology,Dr Verma,2026-06-21,23433.76
V00422,P0136,Dermatology,Dr Singh,2025-09-06,49904.31
V00423,P0127,Orthopedics,Dr Verma,2025-04-08,37640.64
V00424,P0163,Orthopedics,Dr Kumar,2026-03-10,37737.12
V00425,P0150,Cardiology,Dr Sharma,2025-06-29,17500.47
V00426,P0141,Dermatology,Dr Sharma,2025-02-11,39605.52
V00427,P0262,Orthopedics,Dr Kumar,2025-06-17,4172.02
V00428,P0051,Dermatology,Dr Singh,2025-03-17,12606.36
V00429,P0205,Dermatology,Dr Kumar,2025-07-26,20314.9
V00430,P0084,Dermatology,Dr Kumar,2025-05-30,17714.95
V00431,P0281,Neurology,Dr Sharma,2025-06-20,20454.61
V00432,P0292,Cardiology,Dr Sharma,2026-01-31,51510.86
V00433,P0229,Neurology,Dr Kumar,2026-08-31,67814.42
V00434,P0184,General,Dr Kumar,2025-10-23,15988.61
V00435,P0122,Cardiology,Dr Kumar,2025-04-25,36101.78
V00436,P0292,Cardiology,Dr Sharma,2025-05-04,51587.92
V00437,P0214,Orthopedics,Dr Singh,2025-03-14,10302.18
V00438,P0264,Neurology,Dr Kumar,2025-02-04,11656.99
V00439,P0051,Orthopedics,Dr Kumar,2026-02-08,9953.77
V00440,P0022,Dermatology,Dr Kumar,2025-08-16,79706.51
V00441,P0073,Cardiology,Dr Kumar,2025-09-09,45071.34
V00442,P0248,General,Dr Sharma,2026-06-16,13575.6
V00443,P0267,Orthopedics,Dr Singh,2025-06-30,46215.55
V00444,P0072,Cardiology,Dr Kumar,2026-02-16,11304.12
V00445,P0037,Cardiology,Dr Kumar,2025-10-26,52754.02
V00446,P0058,Neurology,Dr Singh,2025-11-06,32821.27
V00447,P0185,General,Dr Verma,2026-02-23,58663.82
V00448,P0051,General,Dr Verma,2026-03-01,56480.08
V00449,P0099,Dermatology,Dr Sharma,2025-02-17,29087.65
V00450,P0178,General,Dr Sharma,2025-06-08,4151.36
V00451,P0185,Dermatology,Dr Verma,2025-06-17,66659.4
V00452,P0222,Cardiology,Dr Singh,2025-04-25,31263.97
V00453,P0154,Dermatology,Dr Singh,2026-02-27,62608.97
V00454,P0045,Dermatology,Dr Verma,2026-01-25,66974.52
V00455,P0102,Orthopedics,Dr Sharma,2026-03-08,51869.35
V00456,P0052,Cardiology,Dr Verma,2026-09-14,34901.94
V00457,P0287,Neurology,Dr Sharma,2026-03-22,49205.15
V00458,P0024,Dermatology,Dr Singh,2026-01-22,46742.56
V00459,P0164,Cardiology,Dr Verma,2025-06-02,35819.23
V00460,P0039,Dermatology,Dr Singh,2026-06-04,65187.46
V00461,P0289,General,Dr Singh,2025-01-18,66829.48
V00462,P0214,Orthopedics,Dr Kumar,2025-09-26,14563.27
V00463,P0184,Orthopedics,Dr Sharma,2025-10-11,51365.21
V00464,P0129,General,Dr Kumar,2026-06-28,69488.66
V00465,P0256,Orthopedics,Dr Sharma,2025-01-20,63753.48
V00466,P0042,Dermatology,Dr Sharma,2025-11-07,71535.72
V00467,P0115,Neurology,Dr Kumar,2026-01-24,78597.99
V00468,P0176,Dermatology,Dr Sharma,2025-02-27,61194.42
V00469,P0251,General,Dr Singh,2025-04-08,38359.2
V00470,P0136,Orthopedics,Dr Verma,2025-12-22,44963.96
V00471,P0240,Cardiology,Dr Sharma,2026-08-16,10728.82
V00472,P0101,Orthopedics,Dr Singh,2026-03-17,74659.39
V00473,P0109,Cardiology,Dr Sharma,2026-06-12,79300.12
V00474,P0037,Neurology,Dr Singh,2025-11-10,37244.43
V00475,P0065,Neurology,Dr Sharma,2026-08-24,28071.05
V00476,P0291,Cardiology,Dr Kumar,2025-02-02,19774.77
V00477,P0265,Cardiology,Dr Kumar,2025-09-18,30413.5
V00478,P0208,Orthopedics,Dr Kumar,2025-02-11,41655.94
V00479,P0045,Orthopedics,Dr Sharma,2026-09-20,14300.36
V00480,P0147,Cardiology,Dr Kumar,2025-05-25,35388.04
V00481,P0151,Neurology,Dr Kumar,2025-01-19,34073.23
V00482,P0011,Orthopedics,Dr Sharma,2025-08-17,1941.6
V00483,P0224,Neurology,Dr Verma,2026-04-14,24112.26
V00484,P0111,Orthopedics,Dr Verma,2025-10-17,4863.63
V00485,P0122,Neurology,Dr Sharma,2026-05-07,17711.65
V00486,P0203,Neurology,Dr Sharma,2025-11-28,79956.72
V00487,P0127,Cardiology,Dr Singh,2026-05-29,8432.34
V00488,P0101,General,Dr Verma,2025-03-14,74259.27
V00489,P0062,Cardiology,Dr Verma,2026-02-05,69073.62
V00490,P0067,Cardiology,Dr Kumar,2026-09-10,53800.15
V00491,P0064,Orthopedics,Dr Verma,2026-06-24,36401.91
V00492,P0147,Orthopedics,Dr Kumar,2025-12-23,11864.28
V00493,P0092,General,Dr Sharma,2026-05-07,34738.52
V00494,P0086,Cardiology,Dr Singh,2025-08-12,75244.41
V00495,P0236,Cardiology,Dr Kumar,2025-10-07,74294.67
V00496,P0145,General,Dr Singh,2025-10-26,9488.0
V00497,P0036,Orthopedics,Dr Sharma,2026-05-27,14900.48
V00498,P0181,General,Dr Verma,2025-03-11,64691.32
V00499,P0218,Dermatology,Dr Singh,2026-05-11,64903.27
V00500,P0124,Cardiology,Dr Verma,2026-03-28,58256.72
