farm_id,farmer_name,district,farm_type
FM0001,Ramesh Kumar,Gaya,Small
FM0002,Suresh Yadav,Gaya,Large
FM0003,Anita Devi,Nalanda,Medium
FM0004,Sunita Devi,Gaya,Small
FM0005,Sunita Devi,Patna,Medium
FM0006,Suresh Yadav,Nalanda,Medium
FM0007,Suresh Yadav,Arrah,Small
FM0008,Ramesh Kumar,Nalanda,Medium
FM0009,Ramesh Kumar,Buxar,Small
FM0010,Anita Devi,Nalanda,Small
FM0011,Suresh Yadav,Nalanda,Small
FM0012,Mahesh Singh,Patna,Large
FM0013,Anita Devi,Patna,Medium
FM0014,Mahesh Singh,Gaya,Large
FM0015,Mahesh Singh,Buxar,Medium
FM0016,Anita Devi,Nalanda,Medium
FM0017,Suresh Yadav,Patna,Medium
FM0018,Ramesh Kumar,Nalanda,Small
FM0019,Mahesh Singh,Gaya,Small
FM0020,Ramesh Kumar,Patna,Large
FM0021,Mahesh Singh,Gaya,Medium
FM0022,Sunita Devi,Buxar,Medium
FM0023,Anita Devi,Nalanda,Large
FM0024,Anita Devi,Nalanda,Small
FM0025,Ramesh Kumar,Patna,Small
FM0026,Mahesh Singh,Buxar,Large
FM0027,Sunita Devi,Buxar,Small
FM0028,Anita Devi,Patna,Medium
FM0029,Suresh Yadav,Nalanda,Small
FM0030,Mahesh Singh,Nalanda,Medium
FM0031,Mahesh Singh,Gaya,Medium
FM0032,Ramesh Kumar,Buxar,Medium
FM0033,Sunita Devi,Nalanda,Large
FM0034,Suresh Yadav,Buxar,Medium
FM0035,Suresh Yadav,Patna,Medium
FM0036,Suresh Yadav,Patna,Large
FM0037,Ramesh Kumar,Arrah,Small
FM0038,Anita Devi,Nalanda,Large
FM0039,Ramesh Kumar,Arrah,Large
FM0040,Anita Devi,Patna,Large
FM0041,Ramesh Kumar,Arrah,Medium
FM0042,Anita Devi,Arrah,Large
FM0043,Suresh Yadav,Nalanda,Medium
FM0044,Sunita Devi,Patna,Large
FM0045,Anita Devi,Gaya,Large
FM0046,Mahesh Singh,Patna,Large
FM0047,Ramesh Kumar,Patna,Medium
FM0048,Mahesh Singh,Nalanda,Small
FM0049,Suresh Yadav,Arrah,Large
FM0050,Mahesh Singh,Arrah,Medium
FM0051,Suresh Yadav,Arrah,Medium
FM0052,Mahesh Singh,Patna,Medium
FM0053,Suresh Yadav,Arrah,Small
FM0054,Suresh Yadav,Nalanda,Large
FM0055,Mahesh Singh,Gaya,Small
FM0056,Mahesh Singh,Nalanda,Small
FM0057,Anita Devi,Arrah,Small
FM0058,Sunita Devi,Gaya,Medium
FM0059,Sunita Devi,Buxar,Large
FM0060,Sunita Devi,Gaya,Medium
FM0061,Sunita Devi,Arrah,Small
FM0062,Suresh Yadav,Arrah,Small
FM0063,Sunita Devi,Nalanda,Small
FM0064,Ramesh Kumar,Patna,Medium
FM0065,Anita Devi,Gaya,Large
FM0066,Anita Devi,Patna,Large
FM0067,Ramesh Kumar,Nalanda,Large
FM0068,Suresh Yadav,Nalanda,Small
FM0069,Mahesh Singh,Patna,Medium
FM0070,Ramesh Kumar,Patna,Large
FM0071,Sunita Devi,Arrah,Small
FM0072,Sunita Devi,Gaya,Medium
FM0073,Anita Devi,Gaya,Small
FM0074,Suresh Yadav,Nalanda,Medium
FM0075,Sunita Devi,Gaya,Large
FM0076,Suresh Yadav,Arrah,Small
FM0077,Mahesh Singh,Patna,Medium
FM0078,Ramesh Kumar,Patna,Large
FM0079,Anita Devi,Buxar,Medium
FM0080,Ramesh Kumar,Gaya,Large
FM0081,Sunita Devi,Arrah,Medium
FM0082,Anita Devi,Arrah,Large
FM0083,Anita Devi,Arrah,Small
FM0084,Sunita Devi,Buxar,Large
FM0085,Suresh Yadav,Nalanda,Large
FM0086,Anita Devi,Arrah,Medium
FM0087,Ramesh Kumar,Gaya,Medium
FM0088,Anita Devi,Buxar,Small
FM0089,Suresh Yadav,Nalanda,Small
FM0090,Suresh Yadav,Buxar,Large
FM0091,Sunita Devi,Buxar,Large
FM0092,Sunita Devi,Patna,Large
FM0093,Ramesh Kumar,Nalanda,Medium
FM0094,Mahesh Singh,Gaya,Large
FM0095,Ramesh Kumar,Arrah,Medium
FM0096,Sunita Devi,Gaya,Medium
FM0097,Suresh Yadav,Nalanda,Small
FM0098,Sunita Devi,Arrah,Small
FM0099,Suresh Yadav,Nalanda,Large
FM0100,Mahesh Singh,Buxar,Large
FM0101,Sunita Devi,Gaya,Medium
FM0102,Ramesh Kumar,Gaya,Large
FM0103,Suresh Yadav,Gaya,Small
FM0104,Suresh Yadav,Nalanda,Large
FM0105,Mahesh Singh,Gaya,Small
FM0106,Ramesh Kumar,Gaya,Large
FM0107,Mahesh Singh,Patna,Medium
FM0108,Anita Devi,Gaya,Medium
FM0109,Suresh Yadav,Gaya,Small
FM0110,Ramesh Kumar,Arrah,Large
FM0111,Mahesh Singh,Gaya,Small
FM0112,Mahesh Singh,Arrah,Large
FM0113,Anita Devi,Arrah,Small
FM0114,Sunita Devi,Arrah,Small
FM0115,Mahesh Singh,Gaya,Small
FM0116,Anita Devi,Buxar,Small
FM0117,Mahesh Singh,Buxar,Large
FM0118,Sunita Devi,Nalanda,Large
FM0119,Anita Devi,Nalanda,Medium
FM0120,Ramesh Kumar,Arrah,Small
FM0121,Suresh Yadav,Gaya,Medium
FM0122,Mahesh Singh,Gaya,Medium
FM0123,Ramesh Kumar,Arrah,Small
FM0124,Anita Devi,Patna,Medium
FM0125,Mahesh Singh,Patna,Medium
FM0126,Ramesh Kumar,Nalanda,Medium
FM0127,Mahesh Singh,Patna,Medium
FM0128,Sunita Devi,Buxar,Small
FM0129,Suresh Yadav,Gaya,Large
FM0130,Ramesh Kumar,Gaya,Medium
FM0131,Mahesh Singh,Buxar,Medium
FM0132,Suresh Yadav,Nalanda,Small
FM0133,Ramesh Kumar,Gaya,Small
FM0134,Ramesh Kumar,Buxar,Small
FM0135,Ramesh Kumar,Arrah,Large
FM0136,Anita Devi,Nalanda,Small
FM0137,Suresh Yadav,Buxar,Medium
FM0138,Sunita Devi,Gaya,Medium
FM0139,Mahesh Singh,Buxar,Small
FM0140,Sunita Devi,Patna,Large
FM0141,Anita Devi,Gaya,Medium
FM0142,Suresh Yadav,Patna,Medium
FM0143,Ramesh Kumar,Arrah,Small
FM0144,Ramesh Kumar,Nalanda,Small
FM0145,Ramesh Kumar,Nalanda,Medium
FM0146,Anita Devi,Nalanda,Medium
FM0147,Anita Devi,Nalanda,Medium
FM0148,Mahesh Singh,Nalanda,Medium
FM0149,Mahesh Singh,Nalanda,Large
FM0150,Mahesh Singh,Gaya,Large
FM0151,Suresh Yadav,Patna,Large
FM0152,Anita Devi,Buxar,Medium
FM0153,Mahesh Singh,Arrah,Small
FM0154,Anita Devi,Arrah,Large
FM0155,Ramesh Kumar,Buxar,Medium
FM0156,Anita Devi,Buxar,Small
FM0157,Mahesh Singh,Buxar,Medium
FM0158,Anita Devi,Buxar,Large
FM0159,Sunita Devi,Nalanda,Small
FM0160,Suresh Yadav,Nalanda,Medium
FM0161,Ramesh Kumar,Nalanda,Small
FM0162,Ramesh Kumar,Arrah,Large
FM0163,Mahesh Singh,Gaya,Small
FM0164,Anita Devi,Arrah,Small
FM0165,Anita Devi,Nalanda,Medium
FM0166,Anita Devi,Patna,Small
FM0167,Sunita Devi,Gaya,Small
FM0168,Suresh Yadav,Nalanda,Large
FM0169,Suresh Yadav,Arrah,Large
FM0170,Anita Devi,Nalanda,Small
FM0171,Mahesh Singh,Patna,Large
FM0172,Mahesh Singh,Patna,Large
FM0173,Sunita Devi,Nalanda,Small
FM0174,Sunita Devi,Gaya,Small
FM0175,Anita Devi,Arrah,Medium
FM0176,Sunita Devi,Gaya,Large
FM0177,Anita Devi,Arrah,Large
FM0178,Sunita Devi,Nalanda,Large
FM0179,Anita Devi,Buxar,Medium
FM0180,Anita Devi,Gaya,Medium
FM0181,Ramesh Kumar,Arrah,Large
FM0182,Ramesh Kumar,Patna,Large
FM0183,Ramesh Kumar,Arrah,Medium
FM0184,Anita Devi,Arrah,Medium
FM0185,Mahesh Singh,Gaya,Small
FM0186,Sunita Devi,Buxar,Small
FM0187,Mahesh Singh,Patna,Small
FM0188,Mahesh Singh,Arrah,Large
FM0189,Sunita Devi,Nalanda,Small
FM0190,Mahesh Singh,Gaya,Medium
FM0191,Suresh Yadav,Nalanda,Medium
FM0192,Anita Devi,Patna,Medium
FM0193,Sunita Devi,Nalanda,Small
FM0194,Sunita Devi,Arrah,Large
FM0195,Anita Devi,Buxar,Large
FM0196,Suresh Yadav,Arrah,Large
FM0197,Suresh Yadav,Patna,Small
FM0198,Mahesh Singh,Patna,Medium
FM0199,Anita Devi,Nalanda,Small
FM0200,Mahesh Singh,Buxar,Small
FM0201,Anita Devi,Patna,Small
FM0202,Suresh Yadav,Buxar,Medium
FM0203,Ramesh Kumar,Gaya,Large
FM0204,Ramesh Kumar,Arrah,Medium
FM0205,Mahesh Singh,Gaya,Medium
FM0206,Sunita Devi,Patna,Medium
FM0207,Mahesh Singh,Gaya,Small
FM0208,Sunita Devi,Arrah,Large
FM0209,Anita Devi,Gaya,Medium
FM0210,Ramesh Kumar,Patna,Small
FM0211,Sunita Devi,Patna,Medium
FM0212,Sunita Devi,Nalanda,Large
FM0213,Suresh Yadav,Arrah,Large
FM0214,Anita Devi,Nalanda,Small
FM0215,Anita Devi,Patna,Small
FM0216,Anita Devi,Arrah,Medium
FM0217,Sunita Devi,Arrah,Large
FM0218,Ramesh Kumar,Buxar,Large
FM0219,Ramesh Kumar,Patna,Small
FM0220,Mahesh Singh,Nalanda,Small
FM0221,Suresh Yadav,Gaya,Medium
FM0222,Anita Devi,Arrah,Medium
FM0223,Mahesh Singh,Arrah,Large
FM0224,Anita Devi,Buxar,Small
FM0225,Ramesh Kumar,Gaya,Medium
FM0226,Suresh Yadav,Nalanda,Small
FM0227,Sunita Devi,Nalanda,Small
FM0228,Suresh Yadav,Nalanda,Small
FM0229,Mahesh Singh,Nalanda,Small
FM0230,Sunita Devi,Gaya,Large
FM0231,Mahesh Singh,Arrah,Small
FM0232,Anita Devi,Patna,Medium
FM0233,Ramesh Kumar,Patna,Small
FM0234,Anita Devi,Patna,Large
FM0235,Anita Devi,Gaya,Small
FM0236,Ramesh Kumar,Nalanda,Large
FM0237,Ramesh Kumar,Nalanda,Small
FM0238,Sunita Devi,Arrah,Large
FM0239,Ramesh Kumar,Arrah,Small
FM0240,Ramesh Kumar,Nalanda,Large
FM0241,Mahesh Singh,Arrah,Medium
FM0242,Ramesh Kumar,Nalanda,Medium
FM0243,Suresh Yadav,Patna,Small
FM0244,Anita Devi,Patna,Large
FM0245,Anita Devi,Patna,Large
FM0246,Ramesh Kumar,Gaya,Large
FM0247,Mahesh Singh,Arrah,Medium
FM0248,Mahesh Singh,Gaya,Medium
FM0249,Sunita Devi,Arrah,Large
FM0250,Anita Devi,Arrah,Small
FM0251,Suresh Yadav,Arrah,Large
FM0252,Anita Devi,Nalanda,Medium
FM0253,Sunita Devi,Patna,Medium
FM0254,Sunita Devi,Arrah,Medium
FM0255,Anita Devi,Buxar,Large
FM0256,Mahesh Singh,Arrah,Large
FM0257,Sunita Devi,Arrah,Small
FM0258,Ramesh Kumar,Gaya,Large
FM0259,Suresh Yadav,Nalanda,Small
FM0260,Mahesh Singh,Buxar,Large
FM0261,Anita Devi,Arrah,Small
FM0262,Ramesh Kumar,Patna,Small
FM0263,Mahesh Singh,Gaya,Medium
FM0264,Anita Devi,Nalanda,Large
FM0265,Anita Devi,Arrah,Medium
FM0266,Sunita Devi,Buxar,Small
FM0267,Suresh Yadav,Nalanda,Large
FM0268,Ramesh Kumar,Buxar,Small
FM0269,Sunita Devi,Arrah,Large
FM0270,Sunita Devi,Arrah,Medium
FM0271,Sunita Devi,Gaya,Small
FM0272,Sunita Devi,Buxar,Small
FM0273,Suresh Yadav,Nalanda,Large
FM0274,Ramesh Kumar,Patna,Medium
FM0275,Mahesh Singh,Patna,Medium
FM0276,Anita Devi,Patna,Small
FM0277,Sunita Devi,Buxar,Small
FM0278,Ramesh Kumar,Gaya,Small
FM0279,Anita Devi,Nalanda,Small
FM0280,Anita Devi,Patna,Large
FM0281,Anita Devi,Buxar,Medium
FM0282,Suresh Yadav,Gaya,Large
FM0283,Mahesh Singh,Patna,Medium
FM0284,Mahesh Singh,Nalanda,Small
FM0285,Mahesh Singh,Nalanda,Large
FM0286,Sunita Devi,Buxar,Large
FM0287,Ramesh Kumar,Gaya,Large
FM0288,Ramesh Kumar,Arrah,Small
FM0289,Ramesh Kumar,Patna,Small
FM0290,Suresh Yadav,Gaya,Small
FM0291,Mahesh Singh,Nalanda,Medium
FM0292,Mahesh Singh,Arrah,Medium
FM0293,Sunita Devi,Arrah,Large
FM0294,Mahesh Singh,Nalanda,Small
FM0295,Ramesh Kumar,Arrah,Large
FM0296,Sunita Devi,Gaya,Small
FM0297,Anita Devi,Nalanda,Small
FM0298,Anita Devi,Buxar,Large
FM0299,Anita Devi,Gaya,Small
FM0300,Ramesh Kumar,Gaya,Large
