harvest_id,farm_id,crop_type,harvest_date,yield_kg,revenue
HV00001,FM0156,Maize,2026-08-31,4271.01,122872.02
HV00002,FM0253,Vegetable,2026-09-18,25228.27,156562.38
HV00003,FM0221,Maize,2025-01-12,5005.76,328204.64
HV00004,FM0137,Vegetable,2025-09-16,21130.29,200701.88
HV00005,FM0230,Maize,2025-06-19,43971.27,392174.86
HV00006,FM0242,Vegetable,2026-04-07,14461.54,31991.96
HV00007,FM0281,Vegetable,2025-07-17,20720.55,453775.67
HV00008,FM0065,Potato,2026-01-07,8088.1,449249.77
HV00009,FM0214,Maize,2025-10-07,41018.57,164811.8
HV00010,FM0182,Wheat,2025-06-22,24042.43,90422.87
HV00011,FM0024,Vegetable,2025-09-19,27575.93,423545.84
HV00012,FM0002,Wheat,2025-05-27,39984.04,50290.09
HV00013,FM0138,Potato,2025-03-24,9092.82,432688.39
HV00014,FM0007,Maize,2025-02-16,40657.54,260988.18
HV00015,FM0206,Potato,2025-05-02,47220.32,225697.41
HV00016,FM0223,Wheat,2025-12-08,38162.79,232426.79
HV00017,FM0230,Potato,2025-03-24,19405.14,60064.68
HV00018,FM0286,Wheat,2025-11-10,19977.71,296739.47
HV00019,FM0133,Rice,2025-02-16,9063.6,300396.0
HV00020,FM0094,Maize,2025-04-03,3322.62,383546.01
HV00021,FM0154,Wheat,2025-04-03,34085.52,235405.03
HV00022,FM0186,Potato,2025-12-16,19251.14,180816.38
HV00023,FM0079,Wheat,2025-07-15,42351.58,270181.45
HV00024,FM0254,Rice,2026-09-30,4250.8,201526.89
HV00025,FM0197,Potato,2026-02-26,36388.85,30722.08
HV00026,FM0111,Maize,2025-06-14,49996.61,173272.97
HV00027,FM0219,Wheat,2026-02-17,5468.07,297475.91
HV00028,FM0033,Wheat,2026-03-07,11192.71,177815.45
HV00029,FM0008,Maize,2025-01-18,5628.26,399340.62
HV00030,FM0274,Vegetable,2026-04-09,1031.21,347953.26
HV00031,FM0238,Vegetable,2025-05-17,49223.39,450953.31
HV00032,FM0175,Potato,2026-03-29,6774.7,245449.29
HV00033,FM0011,Vegetable,2026-02-01,39338.18,433893.45
HV00034,FM0231,Vegetable,2026-03-29,45555.13,14653.33
HV00035,FM0124,Wheat,2026-06-11,49213.89,177874.44
HV00036,FM0200,Wheat,2025-01-28,42208.58,149867.03
HV00037,FM0023,Vegetable,2025-10-24,15574.6,480754.84
HV00038,FM0277,Rice,2026-05-28,17702.79,466556.44
HV00039,FM0004,Vegetable,2025-09-16,6521.86,166350.71
HV00040,FM0197,Potato,2025-03-22,28446.98,365455.4
HV00041,FM0165,Potato,2025-05-22,22182.64,280067.49
HV00042,FM0062,Vegetable,2025-12-12,15746.14,478814.58
HV00043,FM0152,Rice,2026-02-18,31722.42,185727.64
HV00044,FM0197,Vegetable,2026-05-13,32342.16,132912.19
HV00045,FM0289,Wheat,2026-07-06,31528.63,266058.34
HV00046,FM0173,Potato,2026-02-26,12362.61,104922.95
HV00047,FM0089,Wheat,2025-10-18,26987.68,444574.23
HV00048,FM0216,Maize,2025-04-09,9249.55,339987.79
HV00049,FM0290,Rice,2026-06-16,19354.7,372308.9
HV00050,FM0254,Rice,2026-03-02,19745.04,74509.33
HV00051,FM0022,Potato,2026-09-14,4747.63,339292.69
HV00052,FM0267,Vegetable,2026-01-12,4828.54,235610.87
HV00053,FM0157,Potato,2025-01-06,34521.09,98189.23
HV00054,FM0203,Rice,2026-03-22,29852.98,380256.54
HV00055,FM0180,Wheat,2025-06-19,41963.63,16411.94
HV00056,FM0012,Wheat,2025-03-15,19127.06,375673.41
HV00057,FM0010,Wheat,2025-03-28,12090.79,228182.13
HV00058,FM0003,Rice,2025-04-17,48288.4,280955.72
HV00059,FM0247,Rice,2026-05-24,49178.12,84763.78
HV00060,FM0070,Potato,2025-08-25,6217.62,132723.1
HV00061,FM0152,Vegetable,2025-05-01,29600.5,143961.97
HV00062,FM0137,Potato,2026-04-19,35134.01,383379.96
HV00063,FM0231,Maize,2025-03-04,6520.73,254354.43
HV00064,FM0056,Maize,2025-02-02,27619.19,342035.55
HV00065,FM0295,Wheat,2026-02-12,35797.94,151193.81
HV00066,FM0230,Maize,2025-05-14,26245.16,189809.61
HV00067,FM0071,Potato,2025-07-10,46607.99,265633.83
HV00068,FM0101,Wheat,2025-11-25,48153.6,15073.34
HV00069,FM0147,Wheat,2025-01-22,26102.14,457233.35
HV00070,FM0186,Maize,2026-01-10,41876.48,379499.99
HV00071,FM0277,Maize,2026-04-21,47831.6,424931.23
HV00072,FM0109,Rice,2026-03-02,25386.87,231763.8
HV00073,FM0250,Potato,2026-06-14,43976.83,92742.45
HV00074,FM0003,Rice,2026-08-01,44170.15,353579.99
HV00075,FM0041,Maize,2026-05-28,40403.16,488392.1
HV00076,FM0271,Rice,2026-04-07,7172.59,44669.82
HV00077,FM0265,Maize,2025-06-28,12330.72,300653.28
HV00078,FM0166,Rice,2026-09-05,37306.1,389577.94
HV00079,FM0139,Vegetable,2025-11-04,39435.12,40781.33
HV00080,FM0185,Wheat,2025-03-09,2139.24,180558.47
HV00081,FM0256,Maize,2026-09-25,42978.28,378664.41
HV00082,FM0061,Maize,2026-03-29,32030.0,182865.35
HV00083,FM0071,Potato,2026-06-19,12117.96,252957.32
HV00084,FM0170,Potato,2025-03-02,17897.05,251374.23
HV00085,FM0039,Rice,2025-04-10,22072.35,87425.28
HV00086,FM0200,Potato,2026-03-19,1629.12,286596.6
HV00087,FM0068,Rice,2025-11-04,22716.6,191427.51
HV00088,FM0239,Maize,2025-10-08,22115.03,155409.87
HV00089,FM0123,Potato,2026-01-15,35582.66,85157.6
HV00090,FM0144,Vegetable,2025-01-28,17895.26,214096.19
HV00091,FM0218,Rice,2026-01-20,28215.78,17757.13
HV00092,FM0099,Vegetable,2025-03-04,35535.79,283718.27
HV00093,FM0276,Potato,2025-11-25,10753.33,340980.46
HV00094,FM0193,Maize,2026-01-10,22780.6,434244.26
HV00095,FM0186,Vegetable,2025-01-31,39865.3,168897.58
HV00096,FM0157,Wheat,2026-09-05,41533.21,13525.36
HV00097,FM0186,Wheat,2025-01-12,847.92,79254.34
HV00098,FM0169,Wheat,2026-09-30,10678.46,348778.78
HV00099,FM0094,Vegetable,2025-09-24,21296.89,408342.61
HV00100,FM0042,Maize,2025-09-26,43927.99,159576.88
HV00101,FM0174,Maize,2025-07-30,47905.2,158295.34
HV00102,FM0127,Potato,2025-03-25,44364.65,52999.82
HV00103,FM0041,Rice,2025-07-22,46800.89,238132.78
HV00104,FM0196,Vegetable,2025-07-18,20059.37,283388.28
HV00105,FM0189,Vegetable,2026-05-01,8087.32,196220.13
HV00106,FM0139,Rice,2026-05-06,43572.14,409824.28
HV00107,FM0092,Potato,2025-09-16,3361.3,297711.05
HV00108,FM0152,Wheat,2025-02-19,48607.92,360454.51
HV00109,FM0011,Potato,2026-09-05,9288.8,219764.97
HV00110,FM0026,Maize,2025-12-08,44987.86,473080.34
HV00111,FM0169,Maize,2026-04-03,20352.72,100538.89
HV00112,FM0216,Potato,2025-07-05,35771.58,177677.15
HV00113,FM0084,Wheat,2025-04-18,45263.69,317033.05
HV00114,FM0016,Potato,2026-04-05,46498.57,54043.6
HV00115,FM0180,Potato,2026-02-22,33855.43,441828.44
HV00116,FM0201,Maize,2026-04-06,32213.87,218368.34
HV00117,FM0093,Rice,2026-08-01,444.1,374818.91
HV00118,FM0245,Potato,2026-02-11,21251.59,430906.97
HV00119,FM0264,Rice,2025-03-17,19333.19,381418.24
HV00120,FM0121,Rice,2025-09-18,23202.87,266924.44
HV00121,FM0078,Maize,2025-03-14,44433.14,380985.28
HV00122,FM0100,Vegetable,2025-09-06,23252.0,355094.14
HV00123,FM0026,Maize,2025-02-14,15062.76,442752.39
HV00124,FM0140,Maize,2025-10-10,43239.34,159504.67
HV00125,FM0283,Potato,2025-11-19,15262.57,115520.56
HV00126,FM0188,Vegetable,2025-03-20,25577.19,175339.98
HV00127,FM0011,Rice,2025-08-15,12416.42,224748.19
HV00128,FM0082,Rice,2025-04-01,43441.5,403094.48
HV00129,FM0097,Vegetable,2026-04-27,37437.75,149943.96
HV00130,FM0274,Maize,2025-12-21,33359.11,31433.19
HV00131,FM0146,Wheat,2025-06-01,11858.35,349378.19
HV00132,FM0291,Wheat,2025-05-12,24978.55,55768.32
HV00133,FM0129,Vegetable,2025-08-21,33307.58,56392.94
HV00134,FM0050,Wheat,2026-06-21,3817.87,219816.07
HV00135,FM0027,Potato,2026-05-27,37514.5,157969.18
HV00136,FM0287,Maize,2025-08-19,27219.67,85222.38
HV00137,FM0145,Wheat,2025-02-16,16843.63,58803.93
HV00138,FM0080,Maize,2026-03-16,27489.44,191186.7
HV00139,FM0104,Potato,2025-07-11,47065.6,272318.69
HV00140,FM0055,Vegetable,2026-08-01,28140.4,440597.09
HV00141,FM0292,Vegetable,2026-05-05,40707.44,66869.8
HV00142,FM0263,Potato,2026-07-17,36977.08,202731.7
HV00143,FM0250,Maize,2026-09-02,45786.53,260429.42
HV00144,FM0071,Maize,2026-04-16,23421.93,293009.08
HV00145,FM0296,Maize,2025-03-12,1106.92,488167.13
HV00146,FM0122,Maize,2026-02-02,388.93,442841.62
HV00147,FM0148,Maize,2026-03-28,23280.75,277398.97
HV00148,FM0245,Wheat,2025-07-10,3482.85,378155.46
HV00149,FM0157,Wheat,2026-02-17,40793.95,349126.43
HV00150,FM0093,Wheat,2025-09-01,3472.37,252162.69
HV00151,FM0058,Wheat,2026-07-14,41022.99,311226.81
HV00152,FM0094,Maize,2025-07-13,28885.12,180254.33
HV00153,FM0093,Vegetable,2026-05-13,38378.81,287856.68
HV00154,FM0168,Rice,2025-08-25,47922.13,78947.43
HV00155,FM0162,Rice,2025-12-03,45965.73,44839.31
HV00156,FM0019,Potato,2026-02-16,38431.21,417246.78
HV00157,FM0185,Vegetable,2026-02-07,19082.79,461682.85
HV00158,FM0186,Maize,2026-04-28,23230.19,339780.08
HV00159,FM0241,Vegetable,2025-12-08,42313.71,119546.23
HV00160,FM0169,Potato,2026-03-02,34533.86,310636.28
HV00161,FM0261,Maize,2025-01-11,46275.01,167719.07
HV00162,FM0152,Wheat,2026-04-17,10799.16,91838.52
HV00163,FM0174,Wheat,2025-03-03,35439.82,293142.41
HV00164,FM0062,Potato,2026-07-03,35216.75,213634.68
HV00165,FM0244,Vegetable,2025-06-04,13953.22,283432.59
HV00166,FM0207,Wheat,2026-03-09,48635.12,41610.76
HV00167,FM0235,Vegetable,2025-04-14,1093.35,294803.05
HV00168,FM0250,Maize,2026-04-03,48059.96,378663.2
HV00169,FM0007,Potato,2026-06-26,43358.87,476662.02
HV00170,FM0101,Vegetable,2026-08-07,14691.29,47719.73
HV00171,FM0206,Rice,2026-05-05,13411.94,391741.99
HV00172,FM0114,Wheat,2025-03-25,8927.06,8807.31
HV00173,FM0295,Vegetable,2026-08-18,16550.67,471094.1
HV00174,FM0112,Wheat,2026-08-31,34341.34,279442.66
HV00175,FM0061,Wheat,2025-06-14,45750.93,281639.89
HV00176,FM0178,Maize,2026-09-25,10081.14,400063.17
HV00177,FM0004,Vegetable,2025-08-27,14448.11,154335.74
HV00178,FM0066,Rice,2025-07-05,22680.02,231715.4
HV00179,FM0101,Vegetable,2025-06-14,31750.47,379343.89
HV00180,FM0196,Wheat,2025-04-06,16564.4,354429.95
HV00181,FM0089,Vegetable,2025-11-03,5599.54,421206.57
HV00182,FM0182,Rice,2026-04-02,12869.13,193661.11
HV00183,FM0107,Maize,2026-09-28,32609.51,447699.95
HV00184,FM0269,Wheat,2026-08-14,10242.12,181345.43
HV00185,FM0258,Wheat,2025-01-20,842.76,43820.84
HV00186,FM0070,Wheat,2025-07-06,40112.97,205336.94
HV00187,FM0257,Vegetable,2025-01-29,35015.34,367597.42
HV00188,FM0059,Maize,2026-04-06,40755.03,273130.16
HV00189,FM0094,Rice,2026-01-04,8956.57,117766.33
HV00190,FM0076,Maize,2026-05-15,33768.65,422258.56
HV00191,FM0004,Potato,2025-10-19,42697.39,166331.46
HV00192,FM0126,Vegetable,2025-02-10,37973.11,24235.61
HV00193,FM0204,Vegetable,2025-01-07,24967.6,300140.46
HV00194,FM0240,Maize,2025-08-28,19264.28,165553.14
HV00195,FM0044,Wheat,2025-12-15,41570.86,146760.76
HV00196,FM0185,Rice,2026-08-08,47225.19,21276.91
HV00197,FM0021,Potato,2025-10-10,22136.98,396656.71
HV00198,FM0206,Maize,2026-09-16,5464.95,259687.4
HV00199,FM0255,Vegetable,2025-08-08,11291.34,462955.88
HV00200,FM0024,Maize,2025-09-03,5951.37,393715.55
HV00201,FM0275,Potato,2026-04-08,13809.54,317454.93
HV00202,FM0239,Potato,2026-02-01,42309.02,122307.2
HV00203,FM0086,Maize,2025-02-10,43478.79,168077.12
HV00204,FM0024,Wheat,2025-04-21,6911.53,216719.91
HV00205,FM0121,Potato,2025-10-28,7748.68,144535.08
HV00206,FM0275,Potato,2025-02-03,30328.7,54466.25
HV00207,FM0057,Wheat,2025-10-03,31030.0,164210.19
HV00208,FM0004,Vegetable,2025-08-22,21671.96,204709.74
HV00209,FM0088,Wheat,2025-06-05,49182.66,213976.0
HV00210,FM0172,Rice,2026-02-16,23413.7,213210.28
HV00211,FM0242,Vegetable,2026-09-01,22404.82,389321.62
HV00212,FM0209,Potato,2025-12-09,8651.91,122605.54
HV00213,FM0030,Maize,2025-01-20,15468.16,393190.72
HV00214,FM0271,Maize,2025-06-25,12084.78,119969.44
HV00215,FM0281,Rice,2026-07-26,7132.51,373767.09
HV00216,FM0211,Potato,2026-01-13,2572.07,457289.56
HV00217,FM0141,Potato,2025-10-22,28539.61,64667.94
HV00218,FM0147,Rice,2025-04-24,25058.35,450362.76
HV00219,FM0204,Vegetable,2026-05-29,41815.21,252265.88
HV00220,FM0091,Vegetable,2026-05-14,16962.66,408869.14
HV00221,FM0165,Wheat,2025-10-03,19278.62,231844.15
HV00222,FM0003,Wheat,2025-08-21,44328.4,309615.88
HV00223,FM0228,Potato,2025-09-27,9663.16,260861.28
HV00224,FM0006,Vegetable,2026-01-24,5998.99,77824.28
HV00225,FM0192,Wheat,2026-08-18,34553.07,271060.29
HV00226,FM0087,Rice,2025-08-11,28037.39,159839.65
HV00227,FM0299,Rice,2026-04-11,36216.19,230858.97
HV00228,FM0184,Maize,2025-11-11,23717.93,149863.16
HV00229,FM0245,Potato,2026-01-28,16201.24,88952.77
HV00230,FM0040,Potato,2025-08-28,17202.26,241351.89
HV00231,FM0200,Vegetable,2026-03-07,31329.27,237426.13
HV00232,FM0133,Rice,2025-05-17,47741.26,84602.65
HV00233,FM0288,Vegetable,2025-12-14,28859.89,243154.49
HV00234,FM0122,Maize,2026-08-31,17957.84,490155.86
HV00235,FM0099,Rice,2025-04-17,669.5,417529.02
HV00236,FM0257,Rice,2026-07-31,33519.17,11766.55
HV00237,FM0147,Potato,2025-12-22,45883.16,223574.79
HV00238,FM0007,Maize,2026-04-13,28552.2,290376.76
HV00239,FM0168,Potato,2025-12-23,16471.13,359810.01
HV00240,FM0281,Rice,2025-12-30,12647.11,249723.83
HV00241,FM0158,Maize,2025-09-04,49621.24,205520.78
HV00242,FM0257,Maize,2026-05-31,24506.38,247275.5
HV00243,FM0144,Rice,2026-08-01,40419.78,141885.8
HV00244,FM0205,Maize,2025-10-06,40824.32,180525.65
HV00245,FM0091,Wheat,2025-05-15,16746.85,164944.09
HV00246,FM0279,Vegetable,2025-04-03,38907.04,433107.36
HV00247,FM0231,Maize,2025-08-29,2667.73,495634.36
HV00248,FM0136,Rice,2025-12-30,32418.86,213966.2
HV00249,FM0028,Maize,2025-10-18,28534.53,227089.0
HV00250,FM0007,Rice,2025-12-29,32824.46,152636.51
HV00251,FM0129,Wheat,2026-02-18,38445.09,460556.98
HV00252,FM0061,Maize,2025-01-01,5537.29,23744.07
HV00253,FM0169,Potato,2025-07-13,12159.65,113582.08
HV00254,FM0113,Rice,2026-01-02,23869.1,498872.99
HV00255,FM0105,Maize,2025-10-21,49334.2,382392.36
HV00256,FM0129,Rice,2026-02-02,1201.53,371733.42
HV00257,FM0089,Rice,2026-03-30,34694.29,11655.33
HV00258,FM0294,Maize,2026-04-01,49793.82,392245.17
HV00259,FM0023,Potato,2025-06-03,23049.57,117761.96
HV00260,FM0217,Potato,2025-12-13,46717.82,405596.4
HV00261,FM0037,Rice,2025-01-13,527.84,276777.74
HV00262,FM0030,Vegetable,2025-10-07,26666.1,253516.18
HV00263,FM0125,Wheat,2025-05-05,28156.06,218024.94
HV00264,FM0274,Wheat,2026-05-03,37101.94,348084.11
HV00265,FM0248,Maize,2025-11-04,40073.76,373874.13
HV00266,FM0172,Maize,2026-05-17,34029.33,243031.91
HV00267,FM0163,Vegetable,2026-08-31,34970.67,50445.45
HV00268,FM0114,Vegetable,2026-01-02,9107.4,233579.16
HV00269,FM0283,Rice,2025-04-02,2831.64,384039.04
HV00270,FM0157,Rice,2026-01-25,27234.54,353711.28
HV00271,FM0254,Wheat,2026-03-19,37255.16,343562.47
HV00272,FM0108,Vegetable,2026-05-13,35429.6,188358.17
HV00273,FM0219,Wheat,2025-09-04,32829.75,369420.76
HV00274,FM0143,Maize,2026-03-20,38602.7,388800.1
HV00275,FM0178,Rice,2026-09-29,45886.6,113521.21
HV00276,FM0033,Potato,2026-04-02,32787.1,294373.56
HV00277,FM0137,Wheat,2026-01-15,14348.75,340179.84
HV00278,FM0242,Wheat,2025-11-11,23394.71,79283.42
HV00279,FM0108,Maize,2025-02-03,39091.34,179169.96
HV00280,FM0259,Rice,2025-11-19,8600.15,249052.2
HV00281,FM0245,Wheat,2026-05-12,14190.72,108793.79
HV00282,FM0222,Rice,2026-09-21,12287.22,89099.08
HV00283,FM0166,Maize,2026-05-17,28818.15,343710.09
HV00284,FM0022,Maize,2026-02-23,9543.7,197553.27
HV00285,FM0238,Rice,2025-01-25,41895.81,86729.78
HV00286,FM0137,Wheat,2025-02-22,7062.68,138929.4
HV00287,FM0045,Vegetable,2025-03-20,35209.8,139811.74
HV00288,FM0276,Potato,2026-07-28,48349.8,121805.14
HV00289,FM0014,Potato,2025-08-23,29019.27,462396.54
HV00290,FM0050,Vegetable,2026-03-19,43961.62,446230.83
HV00291,FM0150,Vegetable,2026-09-17,43439.47,116385.63
HV00292,FM0158,Wheat,2025-06-15,48872.35,452505.43
HV00293,FM0036,Potato,2025-03-14,27366.03,343827.61
HV00294,FM0053,Vegetable,2026-01-28,30778.18,95034.78
HV00295,FM0096,Maize,2026-02-10,42130.27,158674.42
HV00296,FM0090,Vegetable,2025-03-26,45129.56,6414.17
HV00297,FM0134,Potato,2026-06-23,29431.7,26822.89
HV00298,FM0269,Wheat,2025-04-16,34049.23,356709.15
HV00299,FM0133,Maize,2025-05-29,13194.65,491067.09
HV00300,FM0074,Wheat,2026-07-23,18203.5,340537.77
HV00301,FM0089,Rice,2025-12-27,32297.28,316941.92
HV00302,FM0146,Vegetable,2026-01-05,40462.81,375604.11
HV00303,FM0206,Wheat,2025-06-26,23808.34,14951.57
HV00304,FM0286,Rice,2025-06-16,39981.56,302106.14
HV00305,FM0204,Vegetable,2025-06-26,49927.74,317313.63
HV00306,FM0226,Vegetable,2026-06-28,2747.63,478724.63
HV00307,FM0271,Rice,2025-03-21,38175.37,298026.69
HV00308,FM0163,Vegetable,2025-03-31,35868.42,40210.05
HV00309,FM0242,Maize,2025-03-27,27353.07,324070.76
HV00310,FM0216,Maize,2025-09-15,40904.23,375011.03
HV00311,FM0057,Vegetable,2025-09-20,7324.66,38340.87
HV00312,FM0284,Potato,2026-08-21,19425.3,198422.69
HV00313,FM0125,Rice,2025-12-31,10315.97,468582.06
HV00314,FM0131,Maize,2025-01-06,5764.73,111437.76
HV00315,FM0195,Vegetable,2026-05-08,30311.64,247704.29
HV00316,FM0086,Wheat,2025-11-27,25782.15,444306.07
HV00317,FM0028,Potato,2026-03-28,30863.67,373038.75
HV00318,FM0273,Vegetable,2025-08-25,11334.0,398742.42
HV00319,FM0286,Potato,2026-04-22,25967.88,389279.8
HV00320,FM0137,Maize,2025-03-27,24013.4,133633.63
HV00321,FM0194,Vegetable,2026-06-10,1791.65,28677.71
HV00322,FM0006,Maize,2025-10-10,18534.75,385669.36
HV00323,FM0175,Wheat,2025-12-08,43535.19,480983.15
HV00324,FM0044,Potato,2026-09-27,13649.03,83929.82
HV00325,FM0184,Maize,2026-02-16,41844.4,19504.52
HV00326,FM0149,Vegetable,2026-04-07,41259.25,141543.24
HV00327,FM0158,Wheat,2025-10-28,32320.75,51149.32
HV00328,FM0099,Vegetable,2025-07-25,31616.76,77384.28
HV00329,FM0179,Vegetable,2025-12-12,22014.57,424258.75
HV00330,FM0113,Vegetable,2026-01-21,19879.86,448591.91
HV00331,FM0170,Maize,2025-05-26,35415.41,439469.3
HV00332,FM0167,Maize,2025-01-08,37044.4,308663.57
HV00333,FM0068,Wheat,2025-08-17,10573.73,384786.24
HV00334,FM0103,Vegetable,2026-03-27,6252.12,191305.33
HV00335,FM0219,Maize,2025-04-23,14546.96,333611.45
HV00336,FM0030,Rice,2026-09-12,37199.36,120931.83
HV00337,FM0046,Rice,2026-08-25,47514.87,235130.57
HV00338,FM0055,Rice,2026-08-05,2031.74,63290.85
HV00339,FM0194,Potato,2026-03-19,28489.42,27084.5
HV00340,FM0030,Rice,2025-06-05,37908.82,410746.74
HV00341,FM0175,Vegetable,2026-02-15,43719.2,22110.55
HV00342,FM0015,Vegetable,2025-07-19,26839.97,18374.99
HV00343,FM0212,Potato,2025-04-04,12526.0,200611.41
HV00344,FM0106,Potato,2025-02-09,44465.69,52253.55
HV00345,FM0095,Vegetable,2025-05-14,17741.25,8438.09
HV00346,FM0024,Wheat,2026-09-19,35278.79,265726.59
HV00347,FM0107,Vegetable,2026-04-20,45154.51,24591.34
HV00348,FM0008,Maize,2026-07-01,26656.97,322602.39
HV00349,FM0181,Maize,2026-08-09,48700.4,49268.69
HV00350,FM0075,Vegetable,2025-01-04,31966.87,234997.65
HV00351,FM0038,Wheat,2026-02-24,26991.08,36741.07
HV00352,FM0032,Wheat,2026-01-24,33802.77,320793.12
HV00353,FM0197,Rice,2025-10-17,33730.05,32767.71
HV00354,FM0250,Maize,2026-03-05,47624.25,388044.58
HV00355,FM0058,Potato,2025-10-12,11047.04,318524.44
HV00356,FM0218,Vegetable,2025-12-18,18989.29,63862.0
HV00357,FM0013,Potato,2025-04-08,4289.67,493737.68
HV00358,FM0272,Wheat,2025-06-03,6567.4,162712.88
HV00359,FM0230,Maize,2025-01-11,39820.17,491261.3
HV00360,FM0171,Potato,2026-03-09,12557.61,89413.02
HV00361,FM0146,Maize,2026-09-16,42292.43,40546.57
HV00362,FM0077,Maize,2025-11-03,31023.24,325261.73
HV00363,FM0263,Vegetable,2025-02-02,30593.08,93882.87
HV00364,FM0126,Potato,2026-05-04,49582.68,16994.62
HV00365,FM0190,Rice,2025-11-26,46735.64,478892.77
HV00366,FM0116,Vegetable,2026-01-29,47770.64,459785.97
HV00367,FM0259,Wheat,2026-05-03,29436.0,21112.3
HV00368,FM0212,Rice,2025-09-07,44402.46,437598.09
HV00369,FM0092,Potato,2026-09-14,29363.74,364537.94
HV00370,FM0251,Vegetable,2025-06-03,11063.85,268964.22
HV00371,FM0039,Potato,2026-05-17,10643.63,397506.37
HV00372,FM0285,Rice,2025-06-17,46594.05,149619.79
HV00373,FM0278,Vegetable,2026-01-05,1228.84,299373.12
HV00374,FM0001,Wheat,2025-07-16,43315.21,405566.19
HV00375,FM0046,Wheat,2025-09-30,11200.84,181762.38
HV00376,FM0289,Wheat,2025-09-20,47286.46,83198.89
HV00377,FM0109,Maize,2025-07-25,19059.43,14175.3
HV00378,FM0272,Potato,2025-02-03,3989.32,27498.06
HV00379,FM0022,Potato,2026-09-04,12480.75,411457.97
HV00380,FM0202,Vegetable,2025-12-04,28834.18,410969.92
HV00381,FM0198,Rice,2025-06-30,28801.75,179633.62
HV00382,FM0191,Rice,2026-04-26,29697.87,232300.57
HV00383,FM0060,Vegetable,2025-03-30,24870.37,121698.99
HV00384,FM0280,Wheat,2025-06-27,233.76,466995.28
HV00385,FM0214,Wheat,2025-04-14,31376.96,322305.89
HV00386,FM0219,Rice,2026-08-15,16100.62,460284.46
HV00387,FM0226,Maize,2025-06-23,9165.1,95421.26
HV00388,FM0269,Maize,2026-05-20,28261.42,205712.74
HV00389,FM0051,Vegetable,2026-02-17,33742.42,367730.73
HV00390,FM0060,Potato,2025-02-20,32562.67,212939.12
HV00391,FM0030,Maize,2026-09-22,5703.9,386253.62
HV00392,FM0006,Wheat,2025-04-10,4318.3,336106.98
HV00393,FM0268,Rice,2026-03-18,39239.84,227682.96
HV00394,FM0114,Rice,2025-11-09,2519.04,263987.89
HV00395,FM0062,Maize,2026-02-16,48406.76,78257.96
HV00396,FM0267,Maize,2026-04-22,4027.94,448228.12
HV00397,FM0007,Potato,2025-02-01,10155.16,331826.57
HV00398,FM0030,Wheat,2025-05-21,28122.57,496075.62
HV00399,FM0202,Wheat,2025-08-23,29873.8,193359.5
HV00400,FM0171,Rice,2025-12-09,23215.76,417105.41
HV00401,FM0101,Maize,2025-11-20,8330.5,444651.42
HV00402,FM0215,Rice,2026-09-10,1541.04,228342.77
HV00403,FM0237,Potato,2026-04-22,10242.41,413188.42
HV00404,FM0231,Potato,2026-08-07,13896.01,377488.64
HV00405,FM0269,Potato,2026-06-30,22216.44,255635.47
HV00406,FM0052,Vegetable,2025-12-21,47332.5,24164.61
HV00407,FM0186,Wheat,2025-02-04,2291.97,165077.11
HV00408,FM0160,Vegetable,2026-08-30,21002.24,479078.0
HV00409,FM0265,Vegetable,2025-03-13,46714.96,364361.51
HV00410,FM0265,Wheat,2026-06-12,25017.2,437820.24
HV00411,FM0284,Potato,2026-02-27,45525.88,142929.37
HV00412,FM0295,Rice,2025-04-11,28344.08,35013.89
HV00413,FM0020,Maize,2025-11-16,39076.28,201378.45
HV00414,FM0146,Wheat,2026-03-16,8557.11,401976.78
HV00415,FM0140,Potato,2026-01-14,14940.85,129574.52
HV00416,FM0241,Maize,2026-01-26,44902.58,229090.5
HV00417,FM0042,Vegetable,2025-06-28,13509.38,293623.75
HV00418,FM0046,Rice,2026-08-16,41749.09,316131.5
HV00419,FM0132,Maize,2026-09-28,18301.93,373861.44
HV00420,FM0240,Vegetable,2025-11-28,44264.5,449366.15
HV00421,FM0109,Vegetable,2026-03-14,36592.07,277428.71
HV00422,FM0259,Wheat,2025-12-11,2802.58,495808.5
HV00423,FM0138,Vegetable,2025-01-17,38702.07,487752.67
HV00424,FM0217,Wheat,2026-03-04,36209.29,234200.46
HV00425,FM0248,Maize,2026-01-15,49904.06,461410.05
HV00426,FM0279,Potato,2025-02-17,37422.31,238016.16
HV00427,FM0204,Vegetable,2026-04-20,23822.64,56554.84
HV00428,FM0007,Maize,2025-09-03,32437.22,147247.32
HV00429,FM0088,Rice,2025-04-03,47654.75,125639.8
HV00430,FM0081,Potato,2025-03-25,7027.96,69216.92
HV00431,FM0135,Potato,2025-03-11,31084.53,88492.86
HV00432,FM0093,Wheat,2025-10-24,25522.87,480062.94
HV00433,FM0292,Rice,2025-04-22,14913.89,433204.85
HV00434,FM0172,Vegetable,2025-12-28,34755.23,215169.54
HV00435,FM0264,Vegetable,2025-10-09,45847.76,341936.27
HV00436,FM0039,Potato,2025-10-12,15667.33,302595.53
HV00437,FM0123,Vegetable,2026-03-31,31467.23,420387.51
HV00438,FM0075,Maize,2025-08-22,37175.49,496802.5
HV00439,FM0044,Wheat,2026-05-16,21304.69,318354.55
HV00440,FM0050,Maize,2025-02-26,35307.42,150367.47
HV00441,FM0072,Vegetable,2025-08-01,28491.59,132586.55
HV00442,FM0080,Potato,2025-05-13,14991.95,316080.81
HV00443,FM0229,Potato,2025-03-01,24548.99,356265.89
HV00444,FM0154,Vegetable,2026-01-07,17679.9,299514.45
HV00445,FM0216,Potato,2026-02-18,28017.53,496642.13
HV00446,FM0154,Maize,2025-03-30,49352.64,30896.63
HV00447,FM0157,Maize,2026-02-17,43352.21,258186.53
HV00448,FM0066,Rice,2026-06-05,32288.09,307000.55
HV00449,FM0006,Potato,2026-08-06,12481.36,433347.55
HV00450,FM0228,Potato,2026-01-14,12027.2,248998.08
HV00451,FM0203,Maize,2025-06-04,46601.88,151544.81
HV00452,FM0004,Wheat,2026-07-25,23607.81,477003.38
HV00453,FM0159,Wheat,2026-05-23,33516.93,199396.6
HV00454,FM0125,Wheat,2025-10-16,16875.99,79419.28
HV00455,FM0107,Vegetable,2026-01-15,10978.79,85236.23
HV00456,FM0176,Rice,2026-02-13,42700.78,136820.06
HV00457,FM0155,Vegetable,2026-06-30,24553.92,414288.18
HV00458,FM0174,Vegetable,2025-01-29,12924.5,169224.42
HV00459,FM0125,Maize,2025-04-15,26793.92,82555.9
HV00460,FM0037,Wheat,2025-06-04,27149.17,415671.78
HV00461,FM0148,Maize,2025-03-26,31827.49,251296.01
HV00462,FM0148,Rice,2025-10-12,1745.74,94941.29
HV00463,FM0036,Potato,2026-02-07,27449.65,456854.48
HV00464,FM0087,Vegetable,2026-07-11,6970.55,41550.85
HV00465,FM0215,Vegetable,2025-01-08,20975.12,437419.6
HV00466,FM0152,Potato,2025-12-14,32132.03,283936.92
HV00467,FM0095,Maize,2025-05-20,42448.03,378071.51
HV00468,FM0270,Rice,2025-10-06,33005.94,274585.86
HV00469,FM0022,Maize,2026-06-01,3810.11,121876.66
HV00470,FM0063,Maize,2025-03-31,29664.39,111246.76
HV00471,FM0168,Potato,2025-04-13,44482.11,266265.51
HV00472,FM0097,Rice,2025-02-03,38370.08,147486.6
HV00473,FM0241,Vegetable,2026-08-27,47380.42,61737.47
HV00474,FM0180,Wheat,2025-11-09,29032.93,335140.57
HV00475,FM0214,Maize,2025-09-28,42769.34,363991.02
HV00476,FM0258,Potato,2026-08-28,23842.8,51854.69
HV00477,FM0181,Potato,2025-05-26,36909.39,130566.59
HV00478,FM0118,Maize,2025-12-15,33060.34,7128.74
HV00479,FM0273,Rice,2026-07-10,40384.61,184697.52
HV00480,FM0147,Vegetable,2026-01-05,14970.52,210302.88
HV00481,FM0140,Potato,2026-05-10,1977.7,403242.37
HV00482,FM0099,Maize,2026-01-03,17484.98,373768.4
HV00483,FM0072,Potato,2025-10-22,25617.7,402557.66
HV00484,FM0121,Potato,2026-08-04,14577.04,76734.67
HV00485,FM0073,Wheat,2026-03-04,33052.89,409580.43
HV00486,FM0208,Rice,2026-01-30,433.56,401597.53
HV00487,FM0211,Wheat,2026-06-27,14470.54,327671.73
HV00488,FM0086,Potato,2025-09-25,45908.82,54229.71
HV00489,FM0008,Rice,2025-03-04,49309.55,348418.82
HV00490,FM0155,Rice,2025-09-27,6549.38,372185.27
HV00491,FM0151,Maize,2026-04-04,15814.01,297664.93
HV00492,FM0046,Maize,2025-12-21,22853.22,219185.76
HV00493,FM0125,Potato,2025-02-06,45542.08,438988.42
HV00494,FM0198,Potato,2025-01-09,33741.94,421679.42
HV00495,FM0062,Maize,2025-03-02,29640.06,131919.39
HV00496,FM0266,Rice,2026-02-22,20798.28,361705.44
HV00497,FM0278,Potato,2025-01-19,3922.0,408538.44
HV00498,FM0290,Rice,2026-07-25,4284.63,329294.35
HV00499,FM0099,Maize,2026-06-05,27485.84,460197.95
HV00500,FM0052,Vegetable,2025-11-02,48117.99,410283.12
