booking_id,hotel_id,room_type,booking_date,nights,room_charge
HB00001,H0152,Suite,2026-04-15,4,2193.98
HB00002,H0131,Deluxe,2025-12-13,1,14991.56
HB00003,H0084,Standard,2025-09-21,7,5544.68
HB00004,H0124,Suite,2025-11-11,8,1835.79
HB00005,H0231,Standard,2025-07-24,3,21883.62
HB00006,H0093,Standard,2026-01-29,1,21661.53
HB00007,H0099,Deluxe,2026-04-12,1,27904.29
HB00008,H0030,Suite,2025-11-04,5,6964.29
HB00009,H0052,Deluxe,2025-05-09,4,4003.86
HB00010,H0110,Standard,2025-12-20,3,19142.76
HB00011,H0226,Standard,2025-07-04,1,9347.7
HB00012,H0240,Standard,2025-01-31,4,12082.81
HB00013,H0045,Suite,2025-05-12,8,16487.49
HB00014,H0088,Standard,2025-12-07,5,16808.86
HB00015,H0137,Suite,2025-06-08,8,2023.24
HB00016,H0029,Deluxe,2025-06-06,2,6221.04
HB00017,H0141,Deluxe,2025-04-22,6,7796.24
HB00018,H0248,Deluxe,2026-05-04,8,6049.21
HB00019,H0053,Deluxe,2026-03-07,4,22714.49
HB00020,H0196,Standard,2025-04-29,2,25532.66
HB00021,H0017,Suite,2025-07-06,2,7620.55
HB00022,H0123,Suite,2026-05-23,6,27431.32
HB00023,H0151,Standard,2025-11-17,8,28247.13
HB00024,H0050,Deluxe,2025-01-20,6,18062.22
HB00025,H0129,Standard,2026-05-01,7,20941.96
HB00026,H0045,Deluxe,2025-12-26,4,1779.56
HB00027,H0216,Suite,2026-07-05,7,22472.39
HB00028,H0133,Deluxe,2025-07-26,6,15664.43
HB00029,H0222,Deluxe,2026-08-09,7,4971.25
HB00030,H0051,Standard,2025-08-23,3,26464.42
HB00031,H0078,Standard,2026-05-30,4,16043.75
HB00032,H0006,Deluxe,2026-07-18,5,20998.19
HB00033,H0111,Deluxe,2026-02-28,4,12626.98
HB00034,H0066,Deluxe,2025-11-10,1,15677.2
HB00035,H0024,Deluxe,2025-12-17,4,17464.22
HB00036,H0089,Deluxe,2025-02-27,4,8431.5
HB00037,H0115,Standard,2026-05-28,2,21600.4
HB00038,H0070,Deluxe,2025-04-24,6,5857.74
HB00039,H0028,Standard,2026-02-28,3,4206.64
HB00040,H0054,Deluxe,2025-11-05,9,24948.09
HB00041,H0167,Suite,2026-06-24,3,17822.21
HB00042,H0179,Standard,2025-08-17,1,17569.19
HB00043,H0102,Standard,2026-09-11,6,12976.11
HB00044,H0196,Standard,2025-02-04,7,26767.78
HB00045,H0245,Standard,2026-05-08,7,22097.85
HB00046,H0046,Deluxe,2026-01-28,4,20187.85
HB00047,H0010,Deluxe,2025-05-16,3,4686.23
HB00048,H0152,Standard,2025-10-16,2,3056.56
HB00049,H0110,Suite,2025-05-16,3,26058.59
HB00050,H0002,Standard,2025-10-27,8,12294.05
HB00051,H0196,Deluxe,2025-05-31,8,4217.64
HB00052,H0234,Standard,2025-10-10,2,26422.23
HB00053,H0138,Suite,2026-07-12,5,1944.3
HB00054,H0137,Standard,2025-05-12,5,29829.38
HB00055,H0104,Suite,2026-05-23,8,15304.42
HB00056,H0077,Suite,2026-08-29,6,4483.8
HB00057,H0146,Deluxe,2026-03-15,9,26531.15
HB00058,H0037,Suite,2026-09-14,7,9131.43
HB00059,H0194,Deluxe,2025-01-03,4,13217.84
HB00060,H0071,Deluxe,2026-05-09,9,22361.45
HB00061,H0173,Suite,2025-05-26,8,21251.0
HB00062,H0092,Deluxe,2025-02-08,1,23911.45
HB00063,H0043,Standard,2025-02-25,1,26550.08
HB00064,H0064,Deluxe,2025-01-30,6,6973.85
HB00065,H0229,Standard,2026-01-25,4,27608.79
HB00066,H0165,Deluxe,2025-08-09,1,14011.64
HB00067,H0210,Standard,2025-08-10,1,4689.64
HB00068,H0164,Standard,2025-03-30,9,10827.97
HB00069,H0045,Suite,2026-04-13,6,28481.24
HB00070,H0227,Suite,2025-05-12,1,13696.06
HB00071,H0126,Suite,2025-06-27,3,12855.45
HB00072,H0014,Standard,2025-04-16,5,26827.14
HB00073,H0154,Standard,2025-06-17,9,13241.15
HB00074,H0075,Standard,2025-07-13,6,14370.73
HB00075,H0195,Suite,2025-06-08,9,7088.38
HB00076,H0002,Suite,2025-10-16,6,23902.25
HB00077,H0017,Standard,2026-07-29,2,2025.17
HB00078,H0005,Suite,2025-07-20,3,19607.66
HB00079,H0208,Suite,2026-08-19,3,22262.42
HB00080,H0082,Standard,2025-05-25,5,13702.53
HB00081,H0087,Standard,2026-08-07,2,18525.63
HB00082,H0219,Standard,2025-05-31,2,28838.73
HB00083,H0223,Standard,2026-05-05,7,21877.91
HB00084,H0069,Deluxe,2025-08-10,3,11947.59
HB00085,H0104,Deluxe,2025-03-01,2,8247.65
HB00086,H0111,Suite,2025-09-29,8,23909.01
HB00087,H0203,Suite,2025-09-01,8,12287.57
HB00088,H0133,Standard,2025-07-25,5,11746.13
HB00089,H0185,Standard,2025-05-01,6,17920.54
HB00090,H0039,Suite,2025-09-04,3,26661.38
HB00091,H0115,Standard,2025-01-08,3,14846.86
HB00092,H0157,Suite,2026-05-11,8,11249.55
HB00093,H0055,Standard,2025-05-17,2,20110.5
HB00094,H0168,Standard,2025-01-04,1,12753.08
HB00095,H0013,Standard,2025-04-24,4,23240.59
HB00096,H0171,Suite,2026-07-26,9,13720.28
HB00097,H0067,Standard,2025-12-24,7,12808.84
HB00098,H0136,Suite,2025-12-11,1,7941.02
HB00099,H0230,Standard,2025-01-10,5,22506.09
HB00100,H0085,Deluxe,2026-09-15,3,19164.62
HB00101,H0020,Standard,2026-01-07,3,3304.86
HB00102,H0035,Suite,2025-07-27,3,22421.5
HB00103,H0003,Suite,2026-09-27,4,5319.97
HB00104,H0126,Deluxe,2026-04-08,7,12862.39
HB00105,H0015,Standard,2026-06-19,7,4459.47
HB00106,H0241,Standard,2026-06-10,2,9932.71
HB00107,H0057,Suite,2025-12-03,5,20354.46
HB00108,H0131,Deluxe,2025-12-31,3,14120.58
HB00109,H0229,Standard,2026-03-14,9,13012.76
HB00110,H0161,Suite,2026-09-13,2,2687.76
HB00111,H0107,Standard,2026-08-20,8,19749.07
HB00112,H0155,Standard,2025-09-21,6,21585.95
HB00113,H0247,Deluxe,2026-05-18,1,22889.11
HB00114,H0092,Deluxe,2025-11-03,8,17008.11
HB00115,H0068,Standard,2026-05-10,7,13924.62
HB00116,H0184,Deluxe,2025-07-28,8,9001.26
HB00117,H0232,Deluxe,2025-12-22,1,11070.25
HB00118,H0142,Deluxe,2026-07-13,2,22833.96
HB00119,H0231,Standard,2026-05-17,6,9585.62
HB00120,H0167,Deluxe,2026-03-25,9,23303.72
HB00121,H0159,Deluxe,2026-01-06,5,6584.48
HB00122,H0063,Standard,2025-11-11,7,25546.12
HB00123,H0077,Suite,2025-11-26,6,16600.38
HB00124,H0061,Deluxe,2026-05-01,1,17669.13
HB00125,H0180,Deluxe,2025-04-06,5,5655.46
HB00126,H0249,Standard,2025-03-04,5,29708.65
HB00127,H0214,Standard,2026-09-21,5,15524.25
HB00128,H0025,Deluxe,2026-03-02,3,25380.82
HB00129,H0225,Standard,2026-08-26,9,8964.99
HB00130,H0123,Standard,2025-05-04,3,6271.37
HB00131,H0034,Suite,2025-03-04,2,5457.66
HB00132,H0134,Standard,2026-05-18,9,5825.4
HB00133,H0170,Suite,2026-03-30,6,24736.01
HB00134,H0015,Standard,2025-02-03,9,28553.91
HB00135,H0133,Suite,2026-04-14,8,14502.19
HB00136,H0171,Deluxe,2026-02-08,2,24366.5
HB00137,H0200,Standard,2025-04-11,4,19272.72
HB00138,H0060,Suite,2025-01-25,1,22478.87
HB00139,H0150,Suite,2026-09-06,8,17493.88
HB00140,H0104,Standard,2025-03-02,2,29614.37
HB00141,H0226,Deluxe,2025-01-08,8,23203.88
HB00142,H0007,Suite,2026-09-09,2,23584.17
HB00143,H0113,Suite,2025-03-07,3,23878.04
HB00144,H0105,Standard,2025-05-12,2,29072.83
HB00145,H0107,Standard,2025-02-03,3,6989.4
HB00146,H0079,Deluxe,2026-01-05,2,3436.64
HB00147,H0228,Suite,2025-08-06,3,19919.27
HB00148,H0092,Standard,2025-08-23,8,5331.95
HB00149,H0237,Deluxe,2026-08-05,6,6265.89
HB00150,H0190,Deluxe,2025-12-05,7,8432.61
HB00151,H0131,Standard,2025-06-20,4,11591.75
HB00152,H0201,Deluxe,2026-05-01,2,25470.57
HB00153,H0003,Suite,2026-07-11,6,26682.45
HB00154,H0036,Suite,2026-08-08,8,20691.73
HB00155,H0143,Standard,2025-09-05,7,10634.56
HB00156,H0051,Suite,2026-06-26,3,24399.58
HB00157,H0142,Deluxe,2026-01-25,4,21779.86
HB00158,H0027,Standard,2025-04-11,2,8654.2
HB00159,H0018,Suite,2025-06-25,6,27716.24
HB00160,H0045,Suite,2025-06-10,9,4423.68
HB00161,H0049,Standard,2025-12-10,5,26225.12
HB00162,H0240,Deluxe,2025-03-18,7,11716.2
HB00163,H0017,Standard,2026-02-28,3,5402.26
HB00164,H0091,Suite,2026-06-19,6,20501.95
HB00165,H0114,Deluxe,2025-02-21,9,17250.02
HB00166,H0228,Deluxe,2025-07-04,9,14755.62
HB00167,H0146,Standard,2026-05-18,8,9479.14
HB00168,H0136,Standard,2025-10-20,2,27650.51
HB00169,H0163,Deluxe,2025-01-02,3,29329.26
HB00170,H0161,Deluxe,2025-06-03,2,8387.65
HB00171,H0091,Suite,2026-06-13,4,26510.34
HB00172,H0048,Deluxe,2026-05-28,2,14533.83
HB00173,H0059,Deluxe,2025-03-13,8,27523.22
HB00174,H0004,Deluxe,2026-03-16,9,6576.37
HB00175,H0012,Suite,2025-08-16,6,3627.02
HB00176,H0119,Deluxe,2026-05-10,3,12919.99
HB00177,H0212,Standard,2026-02-21,9,2685.12
HB00178,H0180,Deluxe,2025-05-19,4,17542.38
HB00179,H0107,Deluxe,2025-12-18,2,12854.73
HB00180,H0212,Suite,2026-03-22,9,4803.33
HB00181,H0241,Suite,2025-02-02,5,11656.82
HB00182,H0043,Suite,2025-10-22,3,6516.14
HB00183,H0209,Standard,2026-04-28,5,29565.86
HB00184,H0095,Standard,2026-05-27,7,26047.77
HB00185,H0079,Standard,2025-05-05,5,22328.11
HB00186,H0098,Standard,2026-01-05,4,2385.96
HB00187,H0157,Deluxe,2026-03-23,8,3525.47
HB00188,H0120,Deluxe,2025-01-21,7,14021.93
HB00189,H0124,Standard,2025-05-19,1,24377.29
HB00190,H0209,Suite,2026-02-06,1,25317.28
HB00191,H0119,Standard,2025-04-21,9,6287.1
HB00192,H0079,Suite,2025-07-29,8,9009.19
HB00193,H0190,Standard,2025-11-29,8,8840.93
HB00194,H0084,Deluxe,2026-05-28,6,13416.6
HB00195,H0149,Standard,2025-12-15,6,7572.34
HB00196,H0151,Standard,2026-05-17,9,4514.15
HB00197,H0095,Deluxe,2026-02-10,7,13589.26
HB00198,H0232,Suite,2026-01-16,5,8912.64
HB00199,H0165,Deluxe,2026-09-19,1,27163.03
HB00200,H0065,Standard,2025-02-07,9,22427.04
HB00201,H0031,Deluxe,2026-05-05,5,18444.91
HB00202,H0193,Suite,2025-06-19,7,16054.48
HB00203,H0074,Deluxe,2026-08-13,4,2668.79
HB00204,H0008,Standard,2026-09-19,3,18278.63
HB00205,H0052,Standard,2026-07-09,8,23668.68
HB00206,H0077,Suite,2026-02-14,4,4281.78
HB00207,H0058,Suite,2025-02-25,9,18024.14
HB00208,H0132,Suite,2025-09-17,5,5052.17
HB00209,H0234,Deluxe,2025-10-25,2,18836.26
HB00210,H0089,Deluxe,2026-04-17,8,21128.45
HB00211,H0163,Standard,2025-02-20,3,23521.2
HB00212,H0176,Suite,2025-03-12,2,20116.99
HB00213,H0205,Deluxe,2025-06-07,3,17423.6
HB00214,H0208,Standard,2025-01-06,6,26132.71
HB00215,H0209,Suite,2026-05-15,2,25554.92
HB00216,H0245,Standard,2025-10-24,2,7251.92
HB00217,H0018,Standard,2026-07-15,9,11134.66
HB00218,H0088,Suite,2026-06-07,4,3490.81
HB00219,H0151,Standard,2025-08-17,5,9372.14
HB00220,H0046,Deluxe,2025-02-09,8,3610.46
HB00221,H0100,Deluxe,2025-01-02,3,9106.94
HB00222,H0147,Standard,2026-09-07,7,29607.16
HB00223,H0011,Deluxe,2025-11-26,4,2815.09
HB00224,H0090,Standard,2025-12-24,6,10012.59
HB00225,H0100,Suite,2025-02-18,2,26372.66
HB00226,H0106,Standard,2026-07-21,6,6756.23
HB00227,H0248,Deluxe,2025-08-17,3,1557.57
HB00228,H0113,Deluxe,2026-06-18,9,6793.3
HB00229,H0169,Suite,2026-04-25,6,29598.82
HB00230,H0169,Deluxe,2026-04-05,4,23750.06
HB00231,H0102,Deluxe,2026-01-22,2,6672.01
HB00232,H0016,Deluxe,2026-04-11,6,27838.71
HB00233,H0003,Deluxe,2025-03-30,5,9152.11
HB00234,H0133,Deluxe,2025-06-02,6,3990.53
HB00235,H0162,Deluxe,2026-06-26,8,19391.28
HB00236,H0081,Deluxe,2025-11-07,5,20586.27
HB00237,H0196,Standard,2026-07-22,2,10070.39
HB00238,H0103,Deluxe,2025-05-13,2,15390.78
HB00239,H0244,Standard,2026-06-23,9,3435.39
HB00240,H0157,Standard,2026-03-01,3,21724.95
HB00241,H0019,Standard,2025-12-29,5,11269.91
HB00242,H0075,Standard,2026-04-10,4,13301.08
HB00243,H0119,Deluxe,2025-04-19,8,17867.97
HB00244,H0069,Deluxe,2025-12-28,4,15820.87
HB00245,H0104,Deluxe,2026-08-27,8,20049.84
HB00246,H0112,Standard,2025-01-08,6,26927.31
HB00247,H0076,Standard,2025-06-03,7,8165.14
HB00248,H0129,Suite,2026-06-08,4,8381.99
HB00249,H0130,Deluxe,2026-05-07,9,24199.65
HB00250,H0233,Deluxe,2025-11-05,9,27348.46
HB00251,H0191,Deluxe,2026-01-23,6,16281.73
HB00252,H0222,Deluxe,2025-03-13,5,22962.47
HB00253,H0226,Deluxe,2025-04-22,5,7594.27
HB00254,H0203,Deluxe,2025-03-08,4,13059.28
HB00255,H0079,Deluxe,2026-03-18,5,10001.54
HB00256,H0142,Deluxe,2025-07-22,6,6714.66
HB00257,H0133,Standard,2025-08-14,6,27809.38
HB00258,H0059,Standard,2026-02-27,7,24747.83
HB00259,H0220,Standard,2026-06-22,8,25581.14
HB00260,H0202,Deluxe,2026-04-13,6,7621.63
HB00261,H0225,Deluxe,2025-11-05,3,18597.77
HB00262,H0155,Suite,2025-02-07,1,19004.66
HB00263,H0235,Suite,2025-03-24,2,11682.68
HB00264,H0066,Suite,2026-09-12,4,20981.71
HB00265,H0084,Deluxe,2026-08-02,7,15680.56
HB00266,H0230,Standard,2025-12-31,3,5854.83
HB00267,H0187,Standard,2025-04-15,2,12392.69
HB00268,H0166,Suite,2026-01-09,8,17169.73
HB00269,H0243,Standard,2025-02-04,1,26491.92
HB00270,H0184,Suite,2025-11-03,4,26590.61
HB00271,H0198,Suite,2026-08-28,7,23908.47
HB00272,H0072,Suite,2025-07-18,4,19185.29
HB00273,H0232,Suite,2025-07-13,5,12845.76
HB00274,H0162,Deluxe,2026-04-07,7,21186.11
HB00275,H0025,Standard,2026-08-30,7,13419.07
HB00276,H0013,Standard,2026-02-13,1,6097.33
HB00277,H0032,Standard,2026-06-20,3,19661.99
HB00278,H0064,Deluxe,2026-03-28,3,14549.14
HB00279,H0002,Standard,2025-05-08,9,13687.65
HB00280,H0202,Standard,2025-10-25,2,5816.07
HB00281,H0228,Suite,2026-06-22,5,10021.7
HB00282,H0161,Standard,2026-04-30,6,14540.5
HB00283,H0094,Suite,2026-04-20,7,2515.95
HB00284,H0028,Deluxe,2026-03-06,9,7551.38
HB00285,H0023,Deluxe,2026-05-14,8,25776.92
HB00286,H0042,Standard,2025-01-08,2,11121.19
HB00287,H0146,Standard,2026-05-30,6,4445.98
HB00288,H0237,Deluxe,2025-10-18,3,28296.81
HB00289,H0025,Suite,2025-09-30,6,9630.61
HB00290,H0178,Deluxe,2026-08-19,9,19761.25
HB00291,H0209,Suite,2025-01-24,4,25309.26
HB00292,H0150,Deluxe,2026-06-25,8,11498.08
HB00293,H0224,Suite,2025-04-11,5,5707.99
HB00294,H0033,Standard,2026-07-06,2,24236.59
HB00295,H0039,Standard,2025-01-20,2,12193.32
HB00296,H0099,Standard,2025-06-13,2,23142.97
HB00297,H0250,Standard,2026-07-03,1,3915.48
HB00298,H0198,Deluxe,2025-04-18,3,10197.65
HB00299,H0122,Deluxe,2026-01-06,6,17513.96
HB00300,H0138,Standard,2025-11-01,9,19771.15
HB00301,H0082,Suite,2025-04-26,8,12478.29
HB00302,H0053,Deluxe,2025-03-04,8,9870.01
HB00303,H0172,Standard,2025-05-09,1,2190.87
HB00304,H0018,Deluxe,2025-02-04,1,2763.96
HB00305,H0105,Standard,2025-12-16,1,14210.79
HB00306,H0181,Suite,2026-08-07,3,22233.92
HB00307,H0120,Deluxe,2025-09-04,9,28334.11
HB00308,H0005,Suite,2025-04-15,6,12861.29
HB00309,H0164,Suite,2026-08-04,4,16713.61
HB00310,H0115,Deluxe,2025-03-10,7,17987.32
HB00311,H0008,Suite,2025-06-06,4,17963.59
HB00312,H0057,Deluxe,2025-10-10,8,14484.45
HB00313,H0238,Suite,2025-04-09,7,24639.31
HB00314,H0110,Deluxe,2025-01-17,5,10022.06
HB00315,H0068,Standard,2025-09-12,3,17793.53
HB00316,H0185,Standard,2026-01-30,6,18609.92
HB00317,H0038,Deluxe,2026-01-09,6,21267.35
HB00318,H0101,Suite,2026-08-08,7,16620.63
HB00319,H0058,Standard,2026-02-26,6,7586.17
HB00320,H0035,Deluxe,2026-06-13,1,29405.48
HB00321,H0074,Standard,2026-05-18,5,27350.8
HB00322,H0123,Suite,2025-03-05,2,6548.31
HB00323,H0148,Suite,2025-07-21,8,5547.98
HB00324,H0143,Deluxe,2026-07-08,9,6006.4
HB00325,H0065,Suite,2025-05-13,5,13640.32
HB00326,H0009,Deluxe,2025-06-18,7,18659.45
HB00327,H0130,Deluxe,2026-01-04,7,10952.58
HB00328,H0159,Deluxe,2025-04-13,9,8968.62
HB00329,H0109,Standard,2025-07-16,3,20510.99
HB00330,H0172,Suite,2025-03-21,9,25971.75
HB00331,H0176,Standard,2026-04-13,4,19075.71
HB00332,H0199,Standard,2026-06-16,1,15794.59
HB00333,H0097,Standard,2025-07-04,4,28551.76
HB00334,H0035,Deluxe,2025-08-17,8,9697.34
HB00335,H0210,Suite,2026-09-17,6,13253.68
HB00336,H0039,Deluxe,2025-11-07,2,22470.32
HB00337,H0198,Standard,2025-05-28,1,6791.58
HB00338,H0078,Deluxe,2025-10-13,6,24948.71
HB00339,H0086,Standard,2025-04-13,9,13542.16
HB00340,H0248,Suite,2026-08-18,8,12915.24
HB00341,H0228,Standard,2026-09-18,8,9662.44
HB00342,H0244,Suite,2026-03-10,3,26958.63
HB00343,H0201,Standard,2025-03-15,3,7397.67
HB00344,H0202,Suite,2025-03-22,4,15452.44
HB00345,H0151,Deluxe,2025-01-14,5,14993.53
HB00346,H0059,Standard,2025-10-20,1,22663.74
HB00347,H0133,Standard,2026-01-30,8,23254.93
HB00348,H0146,Suite,2026-07-18,3,2414.2
HB00349,H0084,Deluxe,2025-04-05,1,24196.37
HB00350,H0200,Deluxe,2026-06-03,5,19278.97
HB00351,H0121,Standard,2025-07-16,4,9334.16
HB00352,H0162,Deluxe,2025-04-07,6,6068.67
HB00353,H0200,Standard,2026-07-12,8,23779.76
HB00354,H0141,Suite,2025-04-10,2,19295.66
HB00355,H0188,Standard,2026-06-06,7,9420.02
HB00356,H0076,Suite,2025-03-21,9,29480.45
HB00357,H0053,Deluxe,2025-09-30,9,11598.84
HB00358,H0122,Deluxe,2026-09-22,8,8237.75
HB00359,H0027,Deluxe,2025-03-29,4,13780.98
HB00360,H0184,Suite,2025-01-31,8,21822.38
HB00361,H0217,Suite,2026-01-17,7,22804.3
HB00362,H0105,Suite,2026-07-23,5,2178.66
HB00363,H0244,Suite,2026-04-17,4,2251.32
HB00364,H0009,Standard,2025-02-26,1,10712.42
HB00365,H0031,Standard,2026-07-18,1,6564.23
HB00366,H0063,Standard,2026-07-06,3,27889.87
HB00367,H0222,Suite,2026-09-14,2,13561.27
HB00368,H0126,Standard,2025-01-19,8,24267.64
HB00369,H0049,Standard,2025-08-12,3,27609.14
HB00370,H0243,Deluxe,2025-02-24,6,28711.73
HB00371,H0131,Standard,2025-07-05,3,23480.53
HB00372,H0063,Standard,2025-03-05,9,9448.94
HB00373,H0193,Suite,2026-01-18,9,2221.0
HB00374,H0028,Standard,2025-06-14,1,14007.54
HB00375,H0198,Deluxe,2025-09-10,4,9713.95
HB00376,H0001,Standard,2026-04-08,5,10477.16
HB00377,H0089,Deluxe,2025-01-15,9,17169.89
HB00378,H0093,Standard,2025-03-16,8,13203.19
HB00379,H0001,Suite,2025-09-01,4,14054.36
HB00380,H0065,Standard,2026-07-17,1,21363.98
HB00381,H0137,Deluxe,2025-08-23,9,22696.66
HB00382,H0120,Suite,2025-11-12,7,21318.8
HB00383,H0208,Suite,2025-02-13,3,15973.74
HB00384,H0193,Deluxe,2025-04-09,9,10839.69
HB00385,H0001,Deluxe,2026-03-30,7,27688.24
HB00386,H0222,Deluxe,2025-02-18,9,25211.2
HB00387,H0189,Standard,2025-10-23,2,4901.74
HB00388,H0057,Deluxe,2025-08-31,5,4746.86
HB00389,H0240,Standard,2026-06-10,8,13478.8
HB00390,H0022,Deluxe,2025-05-23,1,27098.9
HB00391,H0204,Suite,2026-08-17,1,25369.35
HB00392,H0183,Deluxe,2025-04-05,3,5058.68
HB00393,H0050,Deluxe,2025-06-19,4,14218.62
HB00394,H0025,Standard,2026-07-04,2,5256.84
HB00395,H0198,Deluxe,2026-05-17,2,20299.48
HB00396,H0039,Suite,2026-02-19,8,15921.87
HB00397,H0164,Standard,2025-09-25,5,23029.4
HB00398,H0159,Suite,2026-08-16,5,15789.23
HB00399,H0078,Standard,2026-07-19,3,16822.37
HB00400,H0085,Standard,2025-05-11,7,24640.53
HB00401,H0151,Deluxe,2026-06-20,3,26479.23
HB00402,H0002,Suite,2025-07-22,8,24837.54
HB00403,H0078,Suite,2026-01-19,7,27241.59
HB00404,H0017,Standard,2025-12-18,6,2250.68
HB00405,H0074,Suite,2026-08-23,6,6572.17
HB00406,H0112,Suite,2025-03-25,4,18648.3
HB00407,H0015,Suite,2025-08-13,3,2394.2
HB00408,H0136,Deluxe,2026-05-31,5,22460.12
HB00409,H0203,Standard,2026-04-01,7,17987.14
HB00410,H0192,Standard,2026-04-02,1,29161.77
HB00411,H0208,Standard,2025-09-26,7,3521.61
HB00412,H0022,Standard,2025-03-11,2,2190.02
HB00413,H0187,Standard,2025-12-18,8,26129.92
HB00414,H0064,Standard,2025-05-16,6,2997.74
HB00415,H0132,Standard,2025-10-23,3,3932.05
HB00416,H0029,Standard,2025-03-07,7,15055.94
HB00417,H0175,Deluxe,2026-06-18,7,14193.35
HB00418,H0003,Suite,2025-10-13,3,4288.71
HB00419,H0209,Standard,2025-06-03,2,7342.83
HB00420,H0096,Deluxe,2025-12-19,9,15263.28
HB00421,H0054,Deluxe,2026-02-25,8,11405.88
HB00422,H0109,Deluxe,2026-07-01,1,28618.9
HB00423,H0119,Deluxe,2026-06-16,1,29690.08
HB00424,H0204,Deluxe,2025-01-29,5,20425.67
HB00425,H0184,Deluxe,2026-03-12,1,21707.07
HB00426,H0074,Deluxe,2025-06-07,9,15474.31
HB00427,H0114,Suite,2026-06-18,1,22368.33
HB00428,H0170,Standard,2025-06-06,4,18194.83
HB00429,H0198,Suite,2026-02-21,5,26860.94
HB00430,H0082,Standard,2025-09-30,6,16630.19
HB00431,H0092,Standard,2025-10-13,3,7169.3
HB00432,H0206,Standard,2026-04-08,2,8200.01
HB00433,H0200,Suite,2026-06-27,2,2048.01
HB00434,H0248,Suite,2026-01-09,9,8001.69
HB00435,H0141,Suite,2026-09-15,4,14754.84
HB00436,H0091,Suite,2025-09-02,3,19745.46
HB00437,H0216,Standard,2025-07-01,2,3406.05
HB00438,H0235,Suite,2026-02-07,4,3309.85
HB00439,H0076,Standard,2025-11-11,5,21472.17
HB00440,H0105,Deluxe,2025-12-27,4,26173.78
HB00441,H0135,Standard,2026-01-23,1,21422.03
HB00442,H0018,Deluxe,2025-02-11,1,5201.26
HB00443,H0211,Standard,2025-09-09,9,26795.55
HB00444,H0175,Deluxe,2026-06-15,4,2295.93
HB00445,H0029,Deluxe,2025-11-09,6,4290.31
HB00446,H0244,Suite,2025-07-21,8,15379.03
HB00447,H0007,Standard,2026-07-04,6,29658.05
HB00448,H0247,Standard,2025-09-18,3,19334.14
HB00449,H0175,Standard,2025-09-16,3,18772.89
HB00450,H0126,Standard,2026-04-17,3,22480.37
HB00451,H0035,Suite,2026-01-21,6,16946.76
HB00452,H0031,Suite,2026-01-07,7,15249.66
HB00453,H0037,Suite,2026-08-05,9,22399.05
HB00454,H0222,Deluxe,2026-07-24,9,15958.61
HB00455,H0012,Standard,2025-04-11,7,8655.23
HB00456,H0230,Standard,2025-03-11,4,24986.93
HB00457,H0020,Deluxe,2026-09-30,7,25341.93
HB00458,H0194,Deluxe,2026-06-15,9,27746.87
HB00459,H0224,Deluxe,2025-12-03,6,23590.21
HB00460,H0153,Deluxe,2026-06-25,9,23460.29
HB00461,H0086,Standard,2025-04-27,8,26132.77
HB00462,H0109,Deluxe,2025-01-27,1,13637.76
HB00463,H0152,Deluxe,2026-01-24,8,17272.47
HB00464,H0216,Suite,2026-07-22,9,7763.5
HB00465,H0066,Suite,2026-06-12,9,23428.02
HB00466,H0218,Standard,2026-03-03,9,17113.66
HB00467,H0237,Suite,2025-10-25,9,17981.9
HB00468,H0233,Suite,2026-04-08,7,3226.33
HB00469,H0056,Standard,2026-04-23,4,26027.15
HB00470,H0098,Suite,2025-10-10,3,22710.0
HB00471,H0062,Deluxe,2025-01-18,1,19952.34
HB00472,H0047,Deluxe,2025-07-11,7,7626.01
HB00473,H0164,Standard,2026-07-22,2,23701.27
HB00474,H0089,Deluxe,2025-01-08,1,5859.78
HB00475,H0109,Suite,2026-07-22,8,2437.54
HB00476,H0089,Standard,2026-03-06,5,14219.52
HB00477,H0024,Suite,2025-09-30,9,27388.46
HB00478,H0168,Deluxe,2026-05-10,1,7096.93
HB00479,H0247,Standard,2025-04-19,4,9732.3
HB00480,H0229,Suite,2026-04-01,7,23255.43
HB00481,H0205,Standard,2025-06-09,4,28473.38
HB00482,H0054,Suite,2026-02-06,3,26125.96
HB00483,H0193,Suite,2025-09-14,1,16914.33
HB00484,H0053,Suite,2025-06-27,6,4659.73
HB00485,H0045,Suite,2026-06-03,5,9993.89
HB00486,H0224,Standard,2025-02-05,2,14203.37
HB00487,H0153,Suite,2026-01-13,4,8926.16
HB00488,H0175,Deluxe,2025-12-22,9,18271.02
HB00489,H0131,Standard,2025-05-04,1,2584.39
HB00490,H0234,Standard,2026-06-01,9,22399.91
HB00491,H0008,Suite,2026-06-15,4,20979.33
HB00492,H0233,Deluxe,2026-01-08,1,1653.35
HB00493,H0024,Standard,2025-01-12,6,14383.53
HB00494,H0069,Deluxe,2025-07-04,3,5884.81
HB00495,H0124,Standard,2026-03-21,4,4251.68
HB00496,H0025,Suite,2025-05-12,4,19694.37
HB00497,H0223,Standard,2026-07-24,8,6216.91
HB00498,H0095,Standard,2025-08-16,2,16941.6
HB00499,H0059,Standard,2026-04-20,8,15256.15
HB00500,H0128,Deluxe,2025-08-29,6,22816.79
