hotel_id,hotel_name,city,hotel_type
H0001,Royal Stay,Jaipur,Budget
H0002,City Inn,Jaipur,Luxury
H0003,Royal Stay,Patna,Budget
H0004,Royal Stay,Patna,Budget
H0005,Royal Stay,Mumbai,Luxury
H0006,Comfort Hub,Goa,Resort
H0007,Comfort Hub,Delhi,Resort
H0008,City Inn,Patna,Luxury
H0009,City Inn,Delhi,Budget
H0010,Grand Palace,Jaipur,Budget
H0011,Comfort Hub,Patna,Budget
H0012,City Inn,Goa,Resort
H0013,City Inn,Jaipur,Budget
H0014,Royal Stay,Mumbai,Luxury
H0015,Comfort Hub,Mumbai,Resort
H0016,City Inn,Mumbai,Budget
H0017,Comfort Hub,Goa,Budget
H0018,Comfort Hub,Jaipur,Resort
H0019,Grand Palace,Patna,Budget
H0020,City Inn,Jaipur,Business
H0021,City Inn,Mumbai,Budget
H0022,Comfort Hub,Jaipur,Resort
H0023,City Inn,Jaipur,Resort
H0024,Grand Palace,Delhi,Budget
H0025,Grand Palace,Goa,Business
H0026,Comfort Hub,Mumbai,Business
H0027,Comfort Hub,Jaipur,Business
H0028,Grand Palace,Patna,Resort
H0029,City Inn,Mumbai,Business
H0030,City Inn,Patna,Budget
H0031,Grand Palace,Mumbai,Budget
H0032,Comfort Hub,Jaipur,Resort
H0033,City Inn,Goa,Resort
H0034,Grand Palace,Jaipur,Business
H0035,Royal Stay,Delhi,Luxury
H0036,Grand Palace,Goa,Budget
H0037,Grand Palace,Mumbai,Business
H0038,Grand Palace,Jaipur,Luxury
H0039,City Inn,Delhi,Budget
H0040,Grand Palace,Delhi,Resort
H0041,City Inn,Mumbai,Resort
H0042,Royal Stay,Patna,Resort
H0043,Royal Stay,Jaipur,Business
H0044,City Inn,Mumbai,Resort
H0045,Comfort Hub,Patna,Resort
H0046,City Inn,Patna,Budget
H0047,Grand Palace,Jaipur,Luxury
H0048,City Inn,Delhi,Business
H0049,City Inn,Delhi,Budget
H0050,City Inn,Mumbai,Business
H0051,Grand Palace,Mumbai,Budget
H0052,Grand Palace,Delhi,Resort
H0053,City Inn,Jaipur,Resort
H0054,Comfort Hub,Mumbai,Luxury
H0055,Comfort Hub,Goa,Luxury
H0056,Comfort Hub,Goa,Budget
H0057,Grand Palace,Delhi,Luxury
H0058,Grand Palace,Patna,Business
H0059,Comfort Hub,Mumbai,Business
H0060,Royal Stay,Jaipur,Budget
H0061,Comfort Hub,Mumbai,Luxury
H0062,Grand Palace,Patna,Luxury
H0063,Comfort Hub,Delhi,Resort
H0064,Comfort Hub,Goa,Budget
H0065,City Inn,Goa,Business
H0066,Grand Palace,Mumbai,Luxury
H0067,Grand Palace,Jaipur,Resort
H0068,Comfort Hub,Mumbai,Budget
H0069,Grand Palace,Goa,Resort
H0070,City Inn,Patna,Business
H0071,Grand Palace,Jaipur,Resort
H0072,Royal Stay,Patna,Business
H0073,Comfort Hub,Mumbai,Luxury
H0074,City Inn,Mumbai,Luxury
H0075,Comfort Hub,Delhi,Budget
H0076,Grand Palace,Delhi,Budget
H0077,Grand Palace,Delhi,Business
H0078,Royal Stay,Patna,Business
H0079,Royal Stay,Goa,Budget
H0080,Comfort Hub,Goa,Business
H0081,Royal Stay,Jaipur,Luxury
H0082,Royal Stay,Jaipur,Business
H0083,City Inn,Goa,Business
H0084,Grand Palace,Goa,Resort
H0085,Royal Stay,Goa,Budget
H0086,Comfort Hub,Delhi,Resort
H0087,Grand Palace,Delhi,Resort
H0088,Royal Stay,Jaipur,Resort
H0089,Grand Palace,Mumbai,Budget
H0090,Royal Stay,Mumbai,Business
H0091,City Inn,Jaipur,Luxury
H0092,City Inn,Mumbai,Luxury
H0093,Comfort Hub,Delhi,Resort
H0094,Comfort Hub,Patna,Budget
H0095,Royal Stay,Patna,Luxury
H0096,Grand Palace,Delhi,Resort
H0097,Grand Palace,Goa,Resort
H0098,City Inn,Goa,Budget
H0099,Comfort Hub,Delhi,Resort
H0100,Comfort Hub,Jaipur,Luxury
H0101,City Inn,Mumbai,Budget
H0102,Royal Stay,Jaipur,Budget
H0103,Comfort Hub,Goa,Resort
H0104,City Inn,Mumbai,Business
H0105,Comfort Hub,Mumbai,Budget
H0106,Royal Stay,Delhi,Business
H0107,Grand Palace,Mumbai,Resort
H0108,City Inn,Goa,Luxury
H0109,Grand Palace,Patna,Business
H0110,Comfort Hub,Jaipur,Business
H0111,City Inn,Goa,Business
H0112,Comfort Hub,Patna,Business
H0113,Grand Palace,Patna,Resort
H0114,Comfort Hub,Goa,Business
H0115,City Inn,Delhi,Business
H0116,City Inn,Delhi,Business
H0117,City Inn,Jaipur,Luxury
H0118,City Inn,Jaipur,Budget
H0119,Grand Palace,Patna,Luxury
H0120,Grand Palace,Jaipur,Budget
H0121,Comfort Hub,Goa,Budget
H0122,Grand Palace,Jaipur,Budget
H0123,City Inn,Goa,Business
H0124,Grand Palace,Delhi,Budget
H0125,Grand Palace,Jaipur,Resort
H0126,Comfort Hub,Mumbai,Resort
H0127,Royal Stay,Mumbai,Business
H0128,City Inn,Patna,Business
H0129,Grand Palace,Delhi,Budget
H0130,City Inn,Patna,Budget
H0131,Royal Stay,Delhi,Luxury
H0132,City Inn,Goa,Resort
H0133,Grand Palace,Patna,Resort
H0134,Comfort Hub,Goa,Luxury
H0135,City Inn,Delhi,Luxury
H0136,Grand Palace,Goa,Business
H0137,Comfort Hub,Patna,Business
H0138,Grand Palace,Jaipur,Business
H0139,Comfort Hub,Patna,Luxury
H0140,Comfort Hub,Delhi,Luxury
H0141,City Inn,Patna,Luxury
H0142,City Inn,Jaipur,Business
H0143,Royal Stay,Jaipur,Resort
H0144,Comfort Hub,Goa,Business
H0145,City Inn,Goa,Resort
H0146,Royal Stay,Delhi,Luxury
H0147,Comfort Hub,Jaipur,Resort
H0148,Royal Stay,Goa,Business
H0149,Comfort Hub,Delhi,Budget
H0150,Comfort Hub,Goa,Luxury
H0151,City Inn,Patna,Budget
H0152,Grand Palace,Mumbai,Luxury
H0153,Royal Stay,Delhi,Business
H0154,Comfort Hub,Mumbai,Resort
H0155,Royal Stay,Patna,Budget
H0156,Royal Stay,Goa,Budget
H0157,Grand Palace,Jaipur,Budget
H0158,City Inn,Mumbai,Budget
H0159,Royal Stay,Jaipur,Luxury
H0160,Comfort Hub,Delhi,Resort
H0161,City Inn,Goa,Business
H0162,Grand Palace,Mumbai,Business
H0163,Grand Palace,Goa,Budget
H0164,City Inn,Jaipur,Budget
H0165,Grand Palace,Jaipur,Budget
H0166,Royal Stay,Jaipur,Business
H0167,City Inn,Delhi,Resort
H0168,Royal Stay,Goa,Budget
H0169,City Inn,Goa,Resort
H0170,City Inn,Goa,Resort
H0171,Comfort Hub,Delhi,Luxury
H0172,Royal Stay,Goa,Business
H0173,Royal Stay,Goa,Budget
H0174,Comfort Hub,Jaipur,Business
H0175,Grand Palace,Mumbai,Business
H0176,Comfort Hub,Goa,Resort
H0177,Royal Stay,Goa,Budget
H0178,City Inn,Mumbai,Luxury
H0179,Grand Palace,Patna,Budget
H0180,City Inn,Mumbai,Resort
H0181,Comfort Hub,Patna,Resort
H0182,City Inn,Delhi,Business
H0183,Grand Palace,Delhi,Resort
H0184,Royal Stay,Delhi,Budget
H0185,City Inn,Patna,Resort
H0186,Royal Stay,Mumbai,Luxury
H0187,Royal Stay,Jaipur,Budget
H0188,Comfort Hub,Goa,Resort
H0189,Grand Palace,Mumbai,Luxury
H0190,Grand Palace,Jaipur,Business
H0191,Grand Palace,Patna,Luxury
H0192,Grand Palace,Patna,Luxury
H0193,Grand Palace,Patna,Resort
H0194,Comfort Hub,Patna,Resort
H0195,Royal Stay,Jaipur,Resort
H0196,Grand Palace,Jaipur,Resort
H0197,City Inn,Delhi,Luxury
H0198,City Inn,Goa,Luxury
H0199,Grand Palace,Mumbai,Resort
H0200,Comfort Hub,Mumbai,Luxury
H0201,Comfort Hub,Mumbai,Resort
H0202,Comfort Hub,Jaipur,Luxury
H0203,Royal Stay,Mumbai,Resort
H0204,Royal Stay,Patna,Luxury
H0205,Comfort Hub,Patna,Resort
H0206,Comfort Hub,Jaipur,Resort
H0207,Grand Palace,Patna,Resort
H0208,Royal Stay,Jaipur,Business
H0209,City Inn,Delhi,Business
H0210,City Inn,Delhi,Resort
H0211,City Inn,Jaipur,Luxury
H0212,City Inn,Mumbai,Luxury
H0213,Royal Stay,Patna,Resort
H0214,Grand Palace,Patna,Luxury
H0215,City Inn,Goa,Budget
H0216,Comfort Hub,Mumbai,Budget
H0217,Grand Palace,Jaipur,Business
H0218,Grand Palace,Jaipur,Resort
H0219,Grand Palace,Jaipur,Business
H0220,Comfort Hub,Patna,Resort
H0221,Comfort Hub,Mumbai,Luxury
H0222,City Inn,Delhi,Business
H0223,Comfort Hub,Mumbai,Resort
H0224,Grand Palace,Delhi,Budget
H0225,Grand Palace,Delhi,Budget
H0226,City Inn,Jaipur,Budget
H0227,Comfort Hub,Goa,Business
H0228,Royal Stay,Jaipur,Resort
H0229,Royal Stay,Mumbai,Luxury
H0230,Grand Palace,Patna,Luxury
H0231,Royal Stay,Jaipur,Business
H0232,City Inn,Delhi,Budget
H0233,Grand Palace,Mumbai,Business
H0234,Comfort Hub,Jaipur,Luxury
H0235,Grand Palace,Goa,Budget
H0236,Comfort Hub,Goa,Business
H0237,Comfort Hub,Goa,Resort
H0238,Comfort Hub,Mumbai,Luxury
H0239,Grand Palace,Delhi,Business
H0240,Grand Palace,Jaipur,Budget
H0241,Grand Palace,Jaipur,Resort
H0242,City Inn,Mumbai,Budget
H0243,Royal Stay,Patna,Budget
H0244,Comfort Hub,Delhi,Business
H0245,City Inn,Jaipur,Luxury
H0246,City Inn,Patna,Business
H0247,Grand Palace,Goa,Budget
H0248,City Inn,Mumbai,Luxury
H0249,Comfort Hub,Goa,Business
H0250,Comfort Hub,Delhi,Resort
